-- MySQL dump 10.13  Distrib 8.0.34, for Win64 (x86_64)
--
-- Host: localhost    Database: wms
-- ------------------------------------------------------
-- Server version	8.0.34

/*!40101 SET @OLD_CHARACTER_SET_CLIENT=@@CHARACTER_SET_CLIENT */;
/*!40101 SET @OLD_CHARACTER_SET_RESULTS=@@CHARACTER_SET_RESULTS */;
/*!40101 SET @OLD_COLLATION_CONNECTION=@@COLLATION_CONNECTION */;
/*!50503 SET NAMES utf8mb4 */;
/*!40103 SET @OLD_TIME_ZONE=@@TIME_ZONE */;
/*!40103 SET TIME_ZONE='+00:00' */;
/*!40014 SET @OLD_UNIQUE_CHECKS=@@UNIQUE_CHECKS, UNIQUE_CHECKS=0 */;
/*!40014 SET @OLD_FOREIGN_KEY_CHECKS=@@FOREIGN_KEY_CHECKS, FOREIGN_KEY_CHECKS=0 */;
/*!40101 SET @OLD_SQL_MODE=@@SQL_MODE, SQL_MODE='NO_AUTO_VALUE_ON_ZERO' */;
/*!40111 SET @OLD_SQL_NOTES=@@SQL_NOTES, SQL_NOTES=0 */;

--
-- Table structure for table `gen_table`
--

DROP TABLE IF EXISTS `gen_table`;
/*!40101 SET @saved_cs_client     = @@character_set_client */;
/*!50503 SET character_set_client = utf8mb4 */;
CREATE TABLE `gen_table` (
  `table_id` bigint NOT NULL COMMENT '编号',
  `table_name` varchar(200) CHARACTER SET utf8mb4 COLLATE utf8mb4_general_ci DEFAULT '' COMMENT '表名称',
  `table_comment` varchar(500) CHARACTER SET utf8mb4 COLLATE utf8mb4_general_ci DEFAULT '' COMMENT '表描述',
  `sub_table_name` varchar(64) CHARACTER SET utf8mb4 COLLATE utf8mb4_general_ci DEFAULT NULL COMMENT '关联子表的表名',
  `sub_table_fk_name` varchar(64) CHARACTER SET utf8mb4 COLLATE utf8mb4_general_ci DEFAULT NULL COMMENT '子表关联的外键名',
  `class_name` varchar(100) CHARACTER SET utf8mb4 COLLATE utf8mb4_general_ci DEFAULT '' COMMENT '实体类名称',
  `tpl_category` varchar(200) CHARACTER SET utf8mb4 COLLATE utf8mb4_general_ci DEFAULT 'crud' COMMENT '使用的模板（crud单表操作 tree树表操作）',
  `package_name` varchar(100) CHARACTER SET utf8mb4 COLLATE utf8mb4_general_ci DEFAULT NULL COMMENT '生成包路径',
  `module_name` varchar(30) CHARACTER SET utf8mb4 COLLATE utf8mb4_general_ci DEFAULT NULL COMMENT '生成模块名',
  `business_name` varchar(30) CHARACTER SET utf8mb4 COLLATE utf8mb4_general_ci DEFAULT NULL COMMENT '生成业务名',
  `function_name` varchar(50) CHARACTER SET utf8mb4 COLLATE utf8mb4_general_ci DEFAULT NULL COMMENT '生成功能名',
  `function_author` varchar(50) CHARACTER SET utf8mb4 COLLATE utf8mb4_general_ci DEFAULT NULL COMMENT '生成功能作者',
  `gen_type` char(1) CHARACTER SET utf8mb4 COLLATE utf8mb4_general_ci DEFAULT '0' COMMENT '生成代码方式（0zip压缩包 1自定义路径）',
  `gen_path` varchar(200) CHARACTER SET utf8mb4 COLLATE utf8mb4_general_ci DEFAULT '/' COMMENT '生成路径（不填默认项目路径）',
  `options` varchar(1000) CHARACTER SET utf8mb4 COLLATE utf8mb4_general_ci DEFAULT NULL COMMENT '其它生成选项',
  `create_by` varchar(64) CHARACTER SET utf8mb4 COLLATE utf8mb4_general_ci DEFAULT '' COMMENT '创建者',
  `create_time` datetime DEFAULT NULL COMMENT '创建时间',
  `update_by` varchar(64) CHARACTER SET utf8mb4 COLLATE utf8mb4_general_ci DEFAULT '' COMMENT '更新者',
  `update_time` datetime DEFAULT NULL COMMENT '更新时间',
  `remark` varchar(500) CHARACTER SET utf8mb4 COLLATE utf8mb4_general_ci DEFAULT NULL COMMENT '备注',
  PRIMARY KEY (`table_id`) USING BTREE
) ENGINE=InnoDB DEFAULT CHARSET=utf8mb4 COLLATE=utf8mb4_general_ci ROW_FORMAT=DYNAMIC COMMENT='代码生成业务表';
/*!40101 SET character_set_client = @saved_cs_client */;

--
-- Dumping data for table `gen_table`
--

LOCK TABLES `gen_table` WRITE;
/*!40000 ALTER TABLE `gen_table` DISABLE KEYS */;
/*!40000 ALTER TABLE `gen_table` ENABLE KEYS */;
UNLOCK TABLES;

--
-- Table structure for table `gen_table_column`
--

DROP TABLE IF EXISTS `gen_table_column`;
/*!40101 SET @saved_cs_client     = @@character_set_client */;
/*!50503 SET character_set_client = utf8mb4 */;
CREATE TABLE `gen_table_column` (
  `column_id` bigint NOT NULL COMMENT '编号',
  `table_id` bigint DEFAULT NULL COMMENT '归属表编号',
  `column_name` varchar(200) CHARACTER SET utf8mb4 COLLATE utf8mb4_general_ci DEFAULT NULL COMMENT '列名称',
  `column_comment` varchar(500) CHARACTER SET utf8mb4 COLLATE utf8mb4_general_ci DEFAULT NULL COMMENT '列描述',
  `column_type` varchar(100) CHARACTER SET utf8mb4 COLLATE utf8mb4_general_ci DEFAULT NULL COMMENT '列类型',
  `java_type` varchar(500) CHARACTER SET utf8mb4 COLLATE utf8mb4_general_ci DEFAULT NULL COMMENT 'JAVA类型',
  `java_field` varchar(200) CHARACTER SET utf8mb4 COLLATE utf8mb4_general_ci DEFAULT NULL COMMENT 'JAVA字段名',
  `is_pk` char(1) CHARACTER SET utf8mb4 COLLATE utf8mb4_general_ci DEFAULT NULL COMMENT '是否主键（1是）',
  `is_increment` char(1) CHARACTER SET utf8mb4 COLLATE utf8mb4_general_ci DEFAULT NULL COMMENT '是否自增（1是）',
  `is_required` char(1) CHARACTER SET utf8mb4 COLLATE utf8mb4_general_ci DEFAULT NULL COMMENT '是否必填（1是）',
  `is_insert` char(1) CHARACTER SET utf8mb4 COLLATE utf8mb4_general_ci DEFAULT NULL COMMENT '是否为插入字段（1是）',
  `is_edit` char(1) CHARACTER SET utf8mb4 COLLATE utf8mb4_general_ci DEFAULT NULL COMMENT '是否编辑字段（1是）',
  `is_list` char(1) CHARACTER SET utf8mb4 COLLATE utf8mb4_general_ci DEFAULT NULL COMMENT '是否列表字段（1是）',
  `is_query` char(1) CHARACTER SET utf8mb4 COLLATE utf8mb4_general_ci DEFAULT NULL COMMENT '是否查询字段（1是）',
  `query_type` varchar(200) CHARACTER SET utf8mb4 COLLATE utf8mb4_general_ci DEFAULT 'EQ' COMMENT '查询方式（等于、不等于、大于、小于、范围）',
  `html_type` varchar(200) CHARACTER SET utf8mb4 COLLATE utf8mb4_general_ci DEFAULT NULL COMMENT '显示类型（文本框、文本域、下拉框、复选框、单选框、日期控件）',
  `dict_type` varchar(200) CHARACTER SET utf8mb4 COLLATE utf8mb4_general_ci DEFAULT '' COMMENT '字典类型',
  `sort` int DEFAULT NULL COMMENT '排序',
  `create_by` varchar(64) CHARACTER SET utf8mb4 COLLATE utf8mb4_general_ci DEFAULT '' COMMENT '创建者',
  `create_time` datetime DEFAULT NULL COMMENT '创建时间',
  `update_by` varchar(64) CHARACTER SET utf8mb4 COLLATE utf8mb4_general_ci DEFAULT '' COMMENT '更新者',
  `update_time` datetime DEFAULT NULL COMMENT '更新时间',
  PRIMARY KEY (`column_id`) USING BTREE
) ENGINE=InnoDB DEFAULT CHARSET=utf8mb4 COLLATE=utf8mb4_general_ci ROW_FORMAT=DYNAMIC COMMENT='代码生成业务表字段';
/*!40101 SET character_set_client = @saved_cs_client */;

--
-- Dumping data for table `gen_table_column`
--

LOCK TABLES `gen_table_column` WRITE;
/*!40000 ALTER TABLE `gen_table_column` DISABLE KEYS */;
/*!40000 ALTER TABLE `gen_table_column` ENABLE KEYS */;
UNLOCK TABLES;

--
-- Table structure for table `sys_config`
--

DROP TABLE IF EXISTS `sys_config`;
/*!40101 SET @saved_cs_client     = @@character_set_client */;
/*!50503 SET character_set_client = utf8mb4 */;
CREATE TABLE `sys_config` (
  `config_id` bigint NOT NULL COMMENT '参数主键',
  `config_name` varchar(100) CHARACTER SET utf8mb4 COLLATE utf8mb4_general_ci DEFAULT '' COMMENT '参数名称',
  `config_key` varchar(100) CHARACTER SET utf8mb4 COLLATE utf8mb4_general_ci DEFAULT '' COMMENT '参数键名',
  `config_value` varchar(500) CHARACTER SET utf8mb4 COLLATE utf8mb4_general_ci DEFAULT '' COMMENT '参数键值',
  `config_type` char(1) CHARACTER SET utf8mb4 COLLATE utf8mb4_general_ci DEFAULT 'N' COMMENT '系统内置（Y是 N否）',
  `create_by` varchar(64) CHARACTER SET utf8mb4 COLLATE utf8mb4_general_ci DEFAULT '' COMMENT '创建者',
  `create_time` datetime DEFAULT NULL COMMENT '创建时间',
  `update_by` varchar(64) CHARACTER SET utf8mb4 COLLATE utf8mb4_general_ci DEFAULT '' COMMENT '更新者',
  `update_time` datetime DEFAULT NULL COMMENT '更新时间',
  `remark` varchar(500) CHARACTER SET utf8mb4 COLLATE utf8mb4_general_ci DEFAULT NULL COMMENT '备注',
  PRIMARY KEY (`config_id`) USING BTREE
) ENGINE=InnoDB DEFAULT CHARSET=utf8mb4 COLLATE=utf8mb4_general_ci ROW_FORMAT=DYNAMIC COMMENT='参数配置表';
/*!40101 SET character_set_client = @saved_cs_client */;

--
-- Dumping data for table `sys_config`
--

LOCK TABLES `sys_config` WRITE;
/*!40000 ALTER TABLE `sys_config` DISABLE KEYS */;
INSERT INTO `sys_config` VALUES (1,'主框架页-默认皮肤样式名称','sys.index.skinName','skin-blue','Y','admin','2024-06-13 16:06:37','',NULL,'蓝色 skin-blue、绿色 skin-green、紫色 skin-purple、红色 skin-red、黄色 skin-yellow'),(2,'用户管理-账号初始密码','sys.user.initPassword','123456','Y','admin','2024-06-13 16:06:37','',NULL,'初始化密码 123456'),(3,'主框架页-侧边栏主题','sys.index.sideTheme','theme-light','Y','admin','2024-06-13 16:06:37','admin','2024-07-16 11:25:33','深色主题theme-dark，浅色主题theme-light'),(4,'账号自助-验证码开关','sys.account.captchaEnabled','true','Y','admin','2024-06-13 16:06:37','',NULL,'是否开启验证码功能（true开启，false关闭）'),(5,'账号自助-是否开启用户注册功能','sys.account.registerUser','true','Y','admin','2024-06-13 16:06:37','admin','2025-11-23 22:50:54','是否开启注册用户功能（true开启，false关闭）'),(11,'OSS预览列表资源开关','sys.oss.previewListResource','true','Y','admin','2024-06-13 16:06:37','',NULL,'true:开启, false:关闭');
/*!40000 ALTER TABLE `sys_config` ENABLE KEYS */;
UNLOCK TABLES;

--
-- Table structure for table `sys_dept`
--

DROP TABLE IF EXISTS `sys_dept`;
/*!40101 SET @saved_cs_client     = @@character_set_client */;
/*!50503 SET character_set_client = utf8mb4 */;
CREATE TABLE `sys_dept` (
  `dept_id` bigint NOT NULL COMMENT '部门id',
  `parent_id` bigint DEFAULT '0' COMMENT '父部门id',
  `ancestors` varchar(500) CHARACTER SET utf8mb4 COLLATE utf8mb4_general_ci DEFAULT '' COMMENT '祖级列表',
  `dept_name` varchar(30) CHARACTER SET utf8mb4 COLLATE utf8mb4_general_ci DEFAULT '' COMMENT '部门名称',
  `order_num` int DEFAULT '0' COMMENT '显示顺序',
  `leader` varchar(20) CHARACTER SET utf8mb4 COLLATE utf8mb4_general_ci DEFAULT NULL COMMENT '负责人',
  `phone` varchar(11) CHARACTER SET utf8mb4 COLLATE utf8mb4_general_ci DEFAULT NULL COMMENT '联系电话',
  `email` varchar(50) CHARACTER SET utf8mb4 COLLATE utf8mb4_general_ci DEFAULT NULL COMMENT '邮箱',
  `status` char(1) CHARACTER SET utf8mb4 COLLATE utf8mb4_general_ci DEFAULT '0' COMMENT '部门状态（0正常 1停用）',
  `del_flag` char(1) CHARACTER SET utf8mb4 COLLATE utf8mb4_general_ci DEFAULT '0' COMMENT '删除标志（0代表存在 2代表删除）',
  `create_by` varchar(64) CHARACTER SET utf8mb4 COLLATE utf8mb4_general_ci DEFAULT '' COMMENT '创建者',
  `create_time` datetime DEFAULT NULL COMMENT '创建时间',
  `update_by` varchar(64) CHARACTER SET utf8mb4 COLLATE utf8mb4_general_ci DEFAULT '' COMMENT '更新者',
  `update_time` datetime DEFAULT NULL COMMENT '更新时间',
  PRIMARY KEY (`dept_id`) USING BTREE
) ENGINE=InnoDB DEFAULT CHARSET=utf8mb4 COLLATE=utf8mb4_general_ci ROW_FORMAT=DYNAMIC COMMENT='部门表';
/*!40101 SET character_set_client = @saved_cs_client */;

--
-- Dumping data for table `sys_dept`
--

LOCK TABLES `sys_dept` WRITE;
/*!40000 ALTER TABLE `sys_dept` DISABLE KEYS */;
INSERT INTO `sys_dept` VALUES (100,0,'0','gzu',0,'wzp','15575782550','wzp123456789@2925.com','1','0','admin','2024-06-13 16:06:25','admin','2025-11-24 10:10:15'),(101,100,'0,100','第七组',1,'若依','15888888888','ry@qq.com','1','0','admin','2024-06-13 16:06:25','admin','2025-11-24 10:09:02'),(102,101,'0,100,101','后端',0,'wzp','',NULL,'1','0','admin','2025-11-24 10:15:32','admin','2025-11-24 10:15:32'),(103,101,'0,100,101','产品经理',1,'若依','15888888888','ry@qq.com','1','0','admin','2024-06-13 16:06:25','admin','2025-11-24 10:09:02'),(104,101,'0,100,101','算法',2,'若依','15888888888','ry@qq.com','1','0','admin','2024-06-13 16:06:25','admin','2025-11-24 10:09:02'),(105,101,'0,100,101','测试',3,'若依','15888888888','ry@qq.com','1','0','admin','2024-06-13 16:06:25','admin','2025-11-24 10:09:02'),(106,101,'0,100,101','前端',4,'若依','15888888888','ry@qq.com','1','0','admin','2024-06-13 16:06:25','admin','2025-11-24 10:09:02');
/*!40000 ALTER TABLE `sys_dept` ENABLE KEYS */;
UNLOCK TABLES;

--
-- Table structure for table `sys_dict_data`
--

DROP TABLE IF EXISTS `sys_dict_data`;
/*!40101 SET @saved_cs_client     = @@character_set_client */;
/*!50503 SET character_set_client = utf8mb4 */;
CREATE TABLE `sys_dict_data` (
  `dict_code` bigint NOT NULL COMMENT '字典编码',
  `dict_sort` int DEFAULT '0' COMMENT '字典排序',
  `dict_label` varchar(100) CHARACTER SET utf8mb4 COLLATE utf8mb4_general_ci DEFAULT '' COMMENT '字典标签',
  `dict_value` varchar(100) CHARACTER SET utf8mb4 COLLATE utf8mb4_general_ci DEFAULT '' COMMENT '字典键值',
  `dict_type` varchar(100) CHARACTER SET utf8mb4 COLLATE utf8mb4_general_ci DEFAULT '' COMMENT '字典类型',
  `css_class` varchar(100) CHARACTER SET utf8mb4 COLLATE utf8mb4_general_ci DEFAULT NULL COMMENT '样式属性（其他样式扩展）',
  `list_class` varchar(100) CHARACTER SET utf8mb4 COLLATE utf8mb4_general_ci DEFAULT NULL COMMENT '表格回显样式',
  `is_default` char(1) CHARACTER SET utf8mb4 COLLATE utf8mb4_general_ci DEFAULT 'N' COMMENT '是否默认（Y是 N否）',
  `status` char(1) CHARACTER SET utf8mb4 COLLATE utf8mb4_general_ci DEFAULT '0' COMMENT '状态（0停用 1正常）',
  `create_by` varchar(64) CHARACTER SET utf8mb4 COLLATE utf8mb4_general_ci DEFAULT '' COMMENT '创建者',
  `create_time` datetime DEFAULT NULL COMMENT '创建时间',
  `update_by` varchar(64) CHARACTER SET utf8mb4 COLLATE utf8mb4_general_ci DEFAULT '' COMMENT '更新者',
  `update_time` datetime DEFAULT NULL COMMENT '更新时间',
  `remark` varchar(500) CHARACTER SET utf8mb4 COLLATE utf8mb4_general_ci DEFAULT NULL COMMENT '备注',
  PRIMARY KEY (`dict_code`) USING BTREE
) ENGINE=InnoDB DEFAULT CHARSET=utf8mb4 COLLATE=utf8mb4_general_ci ROW_FORMAT=DYNAMIC COMMENT='字典数据表';
/*!40101 SET character_set_client = @saved_cs_client */;

--
-- Dumping data for table `sys_dict_data`
--

LOCK TABLES `sys_dict_data` WRITE;
/*!40000 ALTER TABLE `sys_dict_data` DISABLE KEYS */;
INSERT INTO `sys_dict_data` VALUES (1,1,'男','0','sys_user_sex','','','Y','1','admin','2024-06-13 16:06:36','',NULL,'性别男'),(2,2,'女','1','sys_user_sex','','','N','1','admin','2024-06-13 16:06:36','',NULL,'性别女'),(3,3,'未知','2','sys_user_sex','','','N','1','admin','2024-06-13 16:06:36','',NULL,'性别未知'),(4,1,'显示','1','sys_show_hide','','primary','Y','1','admin','2024-06-13 16:06:36','admin','2024-07-10 16:34:54','显示菜单'),(5,2,'隐藏','0','sys_show_hide','','danger','N','1','admin','2024-06-13 16:06:36','admin','2024-07-10 16:35:07','隐藏菜单'),(6,1,'正常','1','sys_normal_disable','','primary','Y','1','admin','2024-06-13 16:06:36','admin','2024-07-10 14:30:58','正常状态'),(7,2,'停用','0','sys_normal_disable','','danger','N','1','admin','2024-06-13 16:06:36','admin','2024-07-10 14:31:06','停用状态'),(12,1,'是','Y','sys_yes_no','','primary','Y','1','admin','2024-06-13 16:06:36','',NULL,'系统默认是'),(13,2,'否','N','sys_yes_no','','danger','N','1','admin','2024-06-13 16:06:36','',NULL,'系统默认否'),(14,1,'通知','1','sys_notice_type','','warning','Y','1','admin','2024-06-13 16:06:36','',NULL,'通知'),(15,2,'公告','2','sys_notice_type','','success','N','1','admin','2024-06-13 16:06:36','',NULL,'公告'),(16,1,'正常','1','sys_notice_status','','primary','Y','1','admin','2024-06-13 16:06:36','admin','2024-07-10 17:24:35','正常状态'),(17,2,'关闭','0','sys_notice_status','','danger','N','1','admin','2024-06-13 16:06:36','admin','2024-07-10 17:24:44','关闭状态'),(18,1,'新增','1','sys_oper_type','','info','N','1','admin','2024-06-13 16:06:36','',NULL,'新增操作'),(19,2,'修改','2','sys_oper_type','','info','N','1','admin','2024-06-13 16:06:36','',NULL,'修改操作'),(20,3,'删除','3','sys_oper_type','','danger','N','1','admin','2024-06-13 16:06:37','',NULL,'删除操作'),(21,4,'授权','4','sys_oper_type','','primary','N','1','admin','2024-06-13 16:06:37','',NULL,'授权操作'),(22,5,'导出','5','sys_oper_type','','warning','N','1','admin','2024-06-13 16:06:37','',NULL,'导出操作'),(23,6,'导入','6','sys_oper_type','','warning','N','1','admin','2024-06-13 16:06:37','',NULL,'导入操作'),(24,7,'强退','7','sys_oper_type','','danger','N','1','admin','2024-06-13 16:06:37','',NULL,'强退操作'),(25,8,'生成代码','8','sys_oper_type','','warning','N','1','admin','2024-06-13 16:06:37','',NULL,'生成操作'),(26,9,'清空数据','9','sys_oper_type','','danger','N','1','admin','2024-06-13 16:06:37','',NULL,'清空操作'),(27,1,'失败','0','sys_common_status','','danger','N','1','admin','2024-06-13 16:06:37','admin','2024-07-15 10:50:52','正常状态'),(28,2,'成功','1','sys_common_status','','success','N','1','admin','2024-06-13 16:06:37','admin','2024-07-15 10:51:05','停用状态'),(29,99,'其他','0','sys_oper_type','','info','N','1','admin','2024-06-13 16:06:36','',NULL,'其他操作'),(1812692503272718338,0,'客户','1','merchant_type',NULL,'default','N','1','admin','2024-07-15 11:35:46','admin','2024-07-16 11:21:11',NULL),(1812694839395135489,1,'供应商','2','merchant_type',NULL,'default','N','1','admin','2024-07-15 11:45:03','admin','2024-07-16 11:21:29',''),(1813051377282904066,3,'客户/供应商','3','merchant_type',NULL,'default','N','1','admin','2024-07-16 11:21:48','admin','2024-07-16 11:21:48',NULL),(1813153852862160897,0,'未入库','0','wms_receipt_status',NULL,'info','N','1','admin','2024-07-16 18:09:00','admin','2024-07-22 09:38:14',NULL),(1813153899775451137,1,'已入库','1','wms_receipt_status',NULL,'primary','N','1','admin','2024-07-16 18:09:11','admin','2024-07-22 09:38:22',NULL),(1813397339171905537,3,'作废','-1','wms_receipt_status',NULL,'danger','N','1','admin','2024-07-17 10:16:32','admin','2024-07-22 09:38:29',NULL),(1814219171351085057,0,'生产入库','1','wms_receipt_type',NULL,'primary','N','1','admin','2024-07-19 16:42:12','admin','2024-07-22 09:38:50',NULL),(1814219220520910849,1,'采购入库','2','wms_receipt_type',NULL,'primary','N','1','admin','2024-07-19 16:42:23','admin','2024-07-22 09:38:56',NULL),(1814219269975949313,2,'退货入库','3','wms_receipt_type',NULL,'primary','N','1','admin','2024-07-19 16:42:35','admin','2024-07-22 09:39:01',NULL),(1814219304272773121,3,'归还入库','4','wms_receipt_type',NULL,'primary','N','1','admin','2024-07-19 16:42:43','admin','2024-07-22 09:39:06',NULL),(1818850397680640002,2,'作废','-1','wms_shipment_status',NULL,'danger','N','1','admin','2024-08-01 11:25:02','admin','2024-08-01 14:25:24',NULL),(1818850512650706945,0,'未出库','0','wms_shipment_status',NULL,'info','N','1','admin','2024-08-01 11:25:29','admin','2024-08-01 14:25:37',NULL),(1818850565389885441,1,'已出库','1','wms_shipment_status',NULL,'primary','N','1','admin','2024-08-01 11:25:42','admin','2024-08-01 14:25:32',NULL),(1818850814351187969,0,'退货出库','1','wms_shipment_type',NULL,'default','N','1','admin','2024-08-01 11:26:41','admin','2024-08-01 11:26:41',NULL),(1818850852594851841,1,'销售出库','2','wms_shipment_type',NULL,'default','N','1','admin','2024-08-01 11:26:51','admin','2024-08-01 11:26:51',NULL),(1818850884714831874,2,'生产出库','3','wms_shipment_type',NULL,'default','N','1','admin','2024-08-01 11:26:58','admin','2024-08-01 11:26:58',NULL),(1821067084643434498,0,'入库','1','wms_inventory_history_type',NULL,'primary','N','1','admin','2024-08-07 14:13:21','admin','2024-08-07 14:57:41',NULL),(1821067144441626625,1,'出库','2','wms_inventory_history_type',NULL,'primary','N','1','admin','2024-08-07 14:13:36','admin','2024-08-07 14:57:47',NULL),(1821067181917732866,2,'移库','3','wms_inventory_history_type',NULL,'primary','N','1','admin','2024-08-07 14:13:45','admin','2024-08-07 14:57:54',NULL),(1821067222455681026,3,'盘库','4','wms_inventory_history_type',NULL,'primary','N','1','admin','2024-08-07 14:13:54','admin','2024-08-07 14:58:06',NULL),(1822820748966006786,0,'未移库','0','wms_movement_status',NULL,'info','N','1','admin','2024-08-12 10:21:48','admin','2024-08-12 10:21:48',NULL),(1822820794864275457,1,'已移库','1','wms_movement_status',NULL,'primary','N','1','admin','2024-08-12 10:21:59','admin','2024-08-12 10:21:59',NULL),(1822820855526494210,2,'作废','-1','wms_movement_status',NULL,'danger','N','1','admin','2024-08-12 10:22:13','admin','2024-08-12 10:22:13',NULL),(1823182345731391489,0,'待盘库','0','wms_check_status',NULL,'info','N','1','admin','2024-08-13 10:18:39','admin','2024-08-13 10:18:39',NULL),(1823182400756465666,1,'已盘库','1','wms_check_status',NULL,'primary','N','1','admin','2024-08-13 10:18:52','admin','2024-08-13 10:18:52',NULL),(1823182471136886786,2,'作废','-1','wms_check_status',NULL,'danger','N','1','admin','2024-08-13 10:19:09','admin','2024-08-13 10:19:09',NULL),(1825000000000000011,1,'未绑定','0','bind_status','','info','Y','0','admin','2025-11-27 22:58:50','admin','2025-11-27 22:58:50','未绑定物品'),(1825000000000000012,2,'已绑定','1','bind_status','','success','N','0','admin','2025-11-27 22:58:50','admin','2025-11-27 22:58:50','已绑定物品');
/*!40000 ALTER TABLE `sys_dict_data` ENABLE KEYS */;
UNLOCK TABLES;

--
-- Table structure for table `sys_dict_type`
--

DROP TABLE IF EXISTS `sys_dict_type`;
/*!40101 SET @saved_cs_client     = @@character_set_client */;
/*!50503 SET character_set_client = utf8mb4 */;
CREATE TABLE `sys_dict_type` (
  `dict_id` bigint NOT NULL COMMENT '字典主键',
  `dict_name` varchar(100) CHARACTER SET utf8mb4 COLLATE utf8mb4_general_ci DEFAULT '' COMMENT '字典名称',
  `dict_type` varchar(100) CHARACTER SET utf8mb4 COLLATE utf8mb4_general_ci DEFAULT '' COMMENT '字典类型',
  `status` char(1) CHARACTER SET utf8mb4 COLLATE utf8mb4_general_ci DEFAULT '0' COMMENT '状态（0正常 1停用）',
  `create_by` varchar(64) CHARACTER SET utf8mb4 COLLATE utf8mb4_general_ci DEFAULT '' COMMENT '创建者',
  `create_time` datetime DEFAULT NULL COMMENT '创建时间',
  `update_by` varchar(64) CHARACTER SET utf8mb4 COLLATE utf8mb4_general_ci DEFAULT '' COMMENT '更新者',
  `update_time` datetime DEFAULT NULL COMMENT '更新时间',
  `remark` varchar(500) CHARACTER SET utf8mb4 COLLATE utf8mb4_general_ci DEFAULT NULL COMMENT '备注',
  PRIMARY KEY (`dict_id`) USING BTREE,
  UNIQUE KEY `dict_type` (`dict_type`) USING BTREE
) ENGINE=InnoDB DEFAULT CHARSET=utf8mb4 COLLATE=utf8mb4_general_ci ROW_FORMAT=DYNAMIC COMMENT='字典类型表';
/*!40101 SET character_set_client = @saved_cs_client */;

--
-- Dumping data for table `sys_dict_type`
--

LOCK TABLES `sys_dict_type` WRITE;
/*!40000 ALTER TABLE `sys_dict_type` DISABLE KEYS */;
INSERT INTO `sys_dict_type` VALUES (1,'用户性别','sys_user_sex','1','admin','2024-06-13 16:06:35','',NULL,'用户性别列表'),(2,'菜单状态','sys_show_hide','1','admin','2024-06-13 16:06:35','',NULL,'菜单状态列表'),(3,'系统开关','sys_normal_disable','1','admin','2024-06-13 16:06:35','',NULL,'系统开关列表'),(6,'系统是否','sys_yes_no','1','admin','2024-06-13 16:06:35','',NULL,'系统是否列表'),(7,'通知类型','sys_notice_type','1','admin','2024-06-13 16:06:35','',NULL,'通知类型列表'),(8,'通知状态','sys_notice_status','1','admin','2024-06-13 16:06:35','',NULL,'通知状态列表'),(9,'操作类型','sys_oper_type','1','admin','2024-06-13 16:06:35','',NULL,'操作类型列表'),(10,'系统状态','sys_common_status','1','admin','2024-06-13 16:06:36','',NULL,'登录状态列表'),(1812692454547488770,'企业类型','merchant_type','1','admin','2024-07-15 11:35:34','admin','2024-07-16 17:41:32','企业类型'),(1813152108564373505,'入库状态','wms_receipt_status','1','admin','2024-07-16 18:02:04','admin','2024-07-16 18:02:17','入库状态'),(1814219082624778242,'入库类型','wms_receipt_type','1','admin','2024-07-19 16:41:51','admin','2024-07-19 16:41:51',NULL),(1818848671749709825,'出库状态','wms_shipment_status','1','admin','2024-08-01 11:18:11','admin','2024-08-01 11:18:11',NULL),(1818848738502057985,'出库类型','wms_shipment_type','1','admin','2024-08-01 11:18:26','admin','2024-08-01 11:18:26',NULL),(1821066855638630402,'库存记录操作类型','wms_inventory_history_type','1','admin','2024-08-07 14:12:27','admin','2024-08-07 14:12:27',NULL),(1822820566366982146,'移库状态','wms_movement_status','1','admin','2024-08-12 10:21:04','admin','2024-08-12 10:21:04',NULL),(1823182238898274306,'盘库状态','wms_check_status','1','admin','2024-08-13 10:18:14','admin','2024-08-13 10:18:14',NULL),(1825000000000000001,'绑定状态','bind_status','0','admin','2025-11-27 22:58:50','admin','2025-11-27 22:58:50','SN码绑定状态列表');
/*!40000 ALTER TABLE `sys_dict_type` ENABLE KEYS */;
UNLOCK TABLES;

--
-- Table structure for table `sys_logininfor`
--

DROP TABLE IF EXISTS `sys_logininfor`;
/*!40101 SET @saved_cs_client     = @@character_set_client */;
/*!50503 SET character_set_client = utf8mb4 */;
CREATE TABLE `sys_logininfor` (
  `info_id` bigint NOT NULL COMMENT '访问ID',
  `user_name` varchar(50) CHARACTER SET utf8mb4 COLLATE utf8mb4_general_ci DEFAULT '' COMMENT '用户账号',
  `ipaddr` varchar(128) CHARACTER SET utf8mb4 COLLATE utf8mb4_general_ci DEFAULT '' COMMENT '登录IP地址',
  `login_location` varchar(255) CHARACTER SET utf8mb4 COLLATE utf8mb4_general_ci DEFAULT '' COMMENT '登录地点',
  `browser` varchar(50) CHARACTER SET utf8mb4 COLLATE utf8mb4_general_ci DEFAULT '' COMMENT '浏览器类型',
  `os` varchar(50) CHARACTER SET utf8mb4 COLLATE utf8mb4_general_ci DEFAULT '' COMMENT '操作系统',
  `status` char(1) CHARACTER SET utf8mb4 COLLATE utf8mb4_general_ci DEFAULT '0' COMMENT '登录状态（0成功 1失败）',
  `msg` varchar(255) CHARACTER SET utf8mb4 COLLATE utf8mb4_general_ci DEFAULT '' COMMENT '提示消息',
  `login_time` datetime DEFAULT NULL COMMENT '访问时间',
  PRIMARY KEY (`info_id`) USING BTREE,
  KEY `idx_sys_logininfor_s` (`status`) USING BTREE,
  KEY `idx_sys_logininfor_lt` (`login_time`) USING BTREE
) ENGINE=InnoDB DEFAULT CHARSET=utf8mb4 COLLATE=utf8mb4_general_ci ROW_FORMAT=DYNAMIC COMMENT='系统访问记录';
/*!40101 SET character_set_client = @saved_cs_client */;

--
-- Dumping data for table `sys_logininfor`
--

LOCK TABLES `sys_logininfor` WRITE;
/*!40000 ALTER TABLE `sys_logininfor` DISABLE KEYS */;
INSERT INTO `sys_logininfor` VALUES (1992600405045420033,'admin','0:0:0:0:0:0:0:1','内网IP','Unknown','Unknown','0','验证码错误','2025-11-23 22:25:32'),(1992603364219166722,'admin','0:0:0:0:0:0:0:1','内网IP','Chrome','Windows 10 or Windows Server 2016','1','登录成功','2025-11-23 22:37:17'),(1992604666663804930,'admin','0:0:0:0:0:0:0:1','内网IP','Chrome','Windows 10 or Windows Server 2016','1','退出成功','2025-11-23 22:42:28'),(1992604951226359810,'admin','0:0:0:0:0:0:0:1','内网IP','Chrome','Windows 10 or Windows Server 2016','1','登录成功','2025-11-23 22:43:36'),(1992604980603265026,'admin','0:0:0:0:0:0:0:1','内网IP','Chrome','Windows 10 or Windows Server 2016','1','退出成功','2025-11-23 22:43:43'),(1992606079959703554,'admin','0:0:0:0:0:0:0:1','内网IP','Chrome','Windows 10 or Windows Server 2016','1','登录成功','2025-11-23 22:48:05'),(1992606468075429890,'admin','0:0:0:0:0:0:0:1','内网IP','Chrome','Windows 10 or Windows Server 2016','1','退出成功','2025-11-23 22:49:37'),(1992606728264884225,'admin','0:0:0:0:0:0:0:1','内网IP','Chrome','Windows 10 or Windows Server 2016','1','登录成功','2025-11-23 22:50:40'),(1992606852298842114,'admin','0:0:0:0:0:0:0:1','内网IP','Chrome','Windows 10 or Windows Server 2016','1','退出成功','2025-11-23 22:51:09'),(1992608188381798401,'admin','0:0:0:0:0:0:0:1','内网IP','Chrome','Windows 10 or Windows Server 2016','0','验证码已失效','2025-11-23 22:56:28'),(1992608207499436033,'admin','0:0:0:0:0:0:0:1','内网IP','Chrome','Windows 10 or Windows Server 2016','1','登录成功','2025-11-23 22:56:32'),(1992609032313511937,'admin','0:0:0:0:0:0:0:1','内网IP','MSEdge','Windows 10 or Windows Server 2016','1','登录成功','2025-11-23 22:59:49'),(1992616377064103938,'admin','0:0:0:0:0:0:0:1','内网IP','Chrome','Windows 10 or Windows Server 2016','1','退出成功','2025-11-23 23:29:00'),(1992617111407042561,'admin','0:0:0:0:0:0:0:1','内网IP','Chrome','Windows 10 or Windows Server 2016','1','登录成功','2025-11-23 23:31:55'),(1992621151025111041,'admin','0:0:0:0:0:0:0:1','内网IP','Chrome','Windows 10 or Windows Server 2016','1','退出成功','2025-11-23 23:47:58'),(1992777081904734210,'admin','0:0:0:0:0:0:0:1','内网IP','Chrome','Windows 10 or Windows Server 2016','1','登录成功','2025-11-24 10:07:35'),(1992784220417183746,'admin','0:0:0:0:0:0:0:1','内网IP','Chrome','Windows 10 or Windows Server 2016','1','登录成功','2025-11-24 10:35:57'),(1992784297613348866,'admin','0:0:0:0:0:0:0:1','内网IP','MSEdge','Windows 10 or Windows Server 2016','1','登录成功','2025-11-24 10:36:15'),(1992791494837686273,'admin','0:0:0:0:0:0:0:1','内网IP','Chrome','Windows 10 or Windows Server 2016','1','登录成功','2025-11-24 11:04:51'),(1994042164623032321,'admin','0:0:0:0:0:0:0:1','内网IP','Chrome','Windows 10 or Windows Server 2016','1','登录成功','2025-11-27 21:54:34'),(1994617716248993793,'admin','0:0:0:0:0:0:0:1','内网IP','Chrome','Windows 10 or Windows Server 2016','1','登录成功','2025-11-29 12:01:36'),(1994644671816089601,'admin','0:0:0:0:0:0:0:1','内网IP','Chrome','Windows 10 or Windows Server 2016','1','退出成功','2025-11-29 13:48:43'),(1994644783543959553,'wzp','0:0:0:0:0:0:0:1','内网IP','Chrome','Windows 10 or Windows Server 2016','1','注册成功','2025-11-29 13:49:10'),(1994645186612379649,'admin','0:0:0:0:0:0:0:1','内网IP','Chrome','Windows 10 or Windows Server 2016','1','登录成功','2025-11-29 13:50:46');
/*!40000 ALTER TABLE `sys_logininfor` ENABLE KEYS */;
UNLOCK TABLES;

--
-- Table structure for table `sys_menu`
--

DROP TABLE IF EXISTS `sys_menu`;
/*!40101 SET @saved_cs_client     = @@character_set_client */;
/*!50503 SET character_set_client = utf8mb4 */;
CREATE TABLE `sys_menu` (
  `menu_id` bigint NOT NULL AUTO_INCREMENT,
  `menu_name` varchar(50) CHARACTER SET utf8mb4 COLLATE utf8mb4_general_ci NOT NULL COMMENT '菜单名称',
  `parent_id` bigint DEFAULT '0' COMMENT '父菜单ID',
  `order_num` int DEFAULT '0' COMMENT '显示顺序',
  `path` varchar(200) CHARACTER SET utf8mb4 COLLATE utf8mb4_general_ci DEFAULT '' COMMENT '路由地址',
  `component` varchar(255) CHARACTER SET utf8mb4 COLLATE utf8mb4_general_ci DEFAULT NULL COMMENT '组件路径',
  `query_param` varchar(255) CHARACTER SET utf8mb4 COLLATE utf8mb4_general_ci DEFAULT NULL COMMENT '路由参数',
  `is_frame` int DEFAULT '1' COMMENT '是否为外链（0是 1否）',
  `is_cache` int DEFAULT '0' COMMENT '是否缓存（0缓存 1不缓存）',
  `menu_type` char(1) CHARACTER SET utf8mb4 COLLATE utf8mb4_general_ci DEFAULT '' COMMENT '菜单类型（M目录 C菜单 F按钮）',
  `visible` char(1) CHARACTER SET utf8mb4 COLLATE utf8mb4_general_ci DEFAULT '0' COMMENT '显示状态（0显示 1隐藏）',
  `status` char(1) CHARACTER SET utf8mb4 COLLATE utf8mb4_general_ci DEFAULT '0' COMMENT '菜单状态（0正常 1停用）',
  `perms` varchar(100) CHARACTER SET utf8mb4 COLLATE utf8mb4_general_ci DEFAULT NULL COMMENT '权限标识',
  `icon` varchar(100) CHARACTER SET utf8mb4 COLLATE utf8mb4_general_ci DEFAULT '#' COMMENT '菜单图标',
  `create_by` varchar(64) CHARACTER SET utf8mb4 COLLATE utf8mb4_general_ci DEFAULT '' COMMENT '创建者',
  `create_time` datetime DEFAULT NULL COMMENT '创建时间',
  `update_by` varchar(64) CHARACTER SET utf8mb4 COLLATE utf8mb4_general_ci DEFAULT '' COMMENT '更新者',
  `update_time` datetime DEFAULT NULL COMMENT '更新时间',
  `remark` varchar(500) CHARACTER SET utf8mb4 COLLATE utf8mb4_general_ci DEFAULT '' COMMENT '备注',
  PRIMARY KEY (`menu_id`) USING BTREE
) ENGINE=InnoDB AUTO_INCREMENT=1994043228520824840 DEFAULT CHARSET=utf8mb4 COLLATE=utf8mb4_general_ci ROW_FORMAT=DYNAMIC COMMENT='菜单权限表';
/*!40101 SET character_set_client = @saved_cs_client */;

--
-- Dumping data for table `sys_menu`
--

LOCK TABLES `sys_menu` WRITE;
/*!40000 ALTER TABLE `sys_menu` DISABLE KEYS */;
INSERT INTO `sys_menu` VALUES (1,'系统管理',0,110,'system',NULL,'',0,0,'M','1','1','','system','admin','2024-06-13 16:06:26','admin','2024-08-20 13:45:48','系统管理目录'),(2,'系统监控',0,120,'monitor',NULL,'',0,0,'M','1','1','','monitor','admin','2024-06-13 16:06:26','admin','2024-08-20 13:45:57','系统监控目录'),(100,'用户管理',1,1,'user','system/user/index','',0,0,'C','1','1','system:user:list','user','admin','2024-06-13 16:06:26','',NULL,'用户管理菜单'),(101,'角色管理',1,2,'role','system/role/index','',0,0,'C','1','1','system:role:list','peoples','admin','2024-06-13 16:06:26','',NULL,'角色管理菜单'),(102,'菜单管理',1,3,'menu','system/menu/index','',0,0,'C','1','1','system:menu:list','tree-table','admin','2024-06-13 16:06:26','',NULL,'菜单管理菜单'),(103,'部门管理',1,4,'dept','system/dept/index','',0,0,'C','1','1','system:dept:list','tree','admin','2024-06-13 16:06:26','',NULL,'部门管理菜单'),(104,'岗位管理',1,5,'post','system/post/index','',0,0,'C','1','1','system:post:list','post','admin','2024-06-13 16:06:26','',NULL,'岗位管理菜单'),(105,'字典管理',1,6,'dict','system/dict/index','',0,0,'C','1','1','system:dict:list','dict','admin','2024-06-13 16:06:26','',NULL,'字典管理菜单'),(106,'参数设置',1,7,'config','system/config/index','',0,0,'C','1','1','system:config:list','edit','admin','2024-06-13 16:06:26','',NULL,'参数设置菜单'),(107,'通知公告',1,8,'notice','system/notice/index','',0,0,'C','1','1','system:notice:list','message','admin','2024-06-13 16:06:26','',NULL,'通知公告菜单'),(108,'日志管理',0,140,'log','','',0,0,'M','1','1','','log','admin','2024-06-13 16:06:27','admin','2024-08-20 13:46:16','日志管理菜单'),(109,'在线用户',2,1,'online','monitor/online/index','',0,0,'C','1','1','monitor:online:list','online','admin','2024-06-13 16:06:27','',NULL,'在线用户菜单'),(112,'缓存列表',2,6,'cacheList','monitor/cache/list','',0,0,'C','1','1','monitor:cache:list','redis-list','admin','2024-06-13 16:06:27','',NULL,'缓存列表菜单'),(113,'缓存监控',2,5,'cache','monitor/cache/index','',0,0,'C','1','1','monitor:cache:list','redis','admin','2024-06-13 16:06:27','',NULL,'缓存监控菜单'),(115,'代码生成',0,130,'gen','tool/gen/index','',0,0,'C','1','1','tool:gen:list','code','admin','2024-06-13 16:06:27','admin','2024-08-20 13:46:06','代码生成菜单'),(118,'文件管理',1,10,'oss','system/oss/index','',0,0,'C','1','1','system:oss:list','upload','admin','2024-06-13 16:06:27','',NULL,'文件管理菜单'),(500,'操作日志',108,1,'operlog','monitor/operlog/index','',0,0,'C','1','1','monitor:operlog:list','form','admin','2024-06-13 16:06:27','',NULL,'操作日志菜单'),(501,'登录日志',108,2,'logininfor','monitor/logininfor/index','',0,0,'C','1','1','monitor:logininfor:list','logininfor','admin','2024-06-13 16:06:27','',NULL,'登录日志菜单'),(1001,'用户查询',100,1,'','','',0,0,'F','1','1','system:user:query','#','admin','2024-06-13 16:06:27','',NULL,''),(1002,'用户新增',100,2,'','','',0,0,'F','1','1','system:user:add','#','admin','2024-06-13 16:06:27','',NULL,''),(1003,'用户修改',100,3,'','','',0,0,'F','1','1','system:user:edit','#','admin','2024-06-13 16:06:27','',NULL,''),(1004,'用户删除',100,4,'','','',0,0,'F','1','1','system:user:remove','#','admin','2024-06-13 16:06:27','',NULL,''),(1005,'用户导出',100,5,'','','',0,0,'F','1','1','system:user:export','#','admin','2024-06-13 16:06:27','',NULL,''),(1006,'用户导入',100,6,'','','',0,0,'F','1','1','system:user:import','#','admin','2024-06-13 16:06:27','',NULL,''),(1007,'重置密码',100,7,'','','',0,0,'F','1','1','system:user:resetPwd','#','admin','2024-06-13 16:06:27','',NULL,''),(1008,'角色查询',101,1,'','','',0,0,'F','1','1','system:role:query','#','admin','2024-06-13 16:06:27','',NULL,''),(1009,'角色新增',101,2,'','','',0,0,'F','1','1','system:role:add','#','admin','2024-06-13 16:06:27','',NULL,''),(1010,'角色修改',101,3,'','','',0,0,'F','1','1','system:role:edit','#','admin','2024-06-13 16:06:28','',NULL,''),(1011,'角色删除',101,4,'','','',0,0,'F','1','1','system:role:remove','#','admin','2024-06-13 16:06:28','',NULL,''),(1012,'角色导出',101,5,'','','',0,0,'F','1','1','system:role:export','#','admin','2024-06-13 16:06:28','',NULL,''),(1013,'菜单查询',102,1,'','','',0,0,'F','1','1','system:menu:query','#','admin','2024-06-13 16:06:28','',NULL,''),(1014,'菜单新增',102,2,'','','',0,0,'F','1','1','system:menu:add','#','admin','2024-06-13 16:06:28','',NULL,''),(1015,'菜单修改',102,3,'','','',0,0,'F','1','1','system:menu:edit','#','admin','2024-06-13 16:06:28','',NULL,''),(1016,'菜单删除',102,4,'','','',0,0,'F','1','1','system:menu:remove','#','admin','2024-06-13 16:06:28','',NULL,''),(1017,'部门查询',103,1,'','','',0,0,'F','1','1','system:dept:query','#','admin','2024-06-13 16:06:28','',NULL,''),(1018,'部门新增',103,2,'','','',0,0,'F','1','1','system:dept:add','#','admin','2024-06-13 16:06:28','',NULL,''),(1019,'部门修改',103,3,'','','',0,0,'F','1','1','system:dept:edit','#','admin','2024-06-13 16:06:28','',NULL,''),(1020,'部门删除',103,4,'','','',0,0,'F','1','1','system:dept:remove','#','admin','2024-06-13 16:06:28','',NULL,''),(1021,'岗位查询',104,1,'','','',0,0,'F','1','1','system:post:query','#','admin','2024-06-13 16:06:28','',NULL,''),(1022,'岗位新增',104,2,'','','',0,0,'F','1','1','system:post:add','#','admin','2024-06-13 16:06:28','',NULL,''),(1023,'岗位修改',104,3,'','','',0,0,'F','1','1','system:post:edit','#','admin','2024-06-13 16:06:28','',NULL,''),(1024,'岗位删除',104,4,'','','',0,0,'F','1','1','system:post:remove','#','admin','2024-06-13 16:06:28','',NULL,''),(1025,'岗位导出',104,5,'','','',0,0,'F','1','1','system:post:export','#','admin','2024-06-13 16:06:28','',NULL,''),(1026,'字典查询',105,1,'#','','',0,0,'F','1','1','system:dict:query','#','admin','2024-06-13 16:06:28','',NULL,''),(1027,'字典新增',105,2,'#','','',0,0,'F','1','1','system:dict:add','#','admin','2024-06-13 16:06:28','',NULL,''),(1028,'字典修改',105,3,'#','','',0,0,'F','1','1','system:dict:edit','#','admin','2024-06-13 16:06:28','',NULL,''),(1029,'字典删除',105,4,'#','','',0,0,'F','1','1','system:dict:remove','#','admin','2024-06-13 16:06:28','',NULL,''),(1030,'字典导出',105,5,'#','','',0,0,'F','1','1','system:dict:export','#','admin','2024-06-13 16:06:29','',NULL,''),(1031,'参数查询',106,1,'#','','',0,0,'F','1','1','system:config:query','#','admin','2024-06-13 16:06:29','',NULL,''),(1032,'参数新增',106,2,'#','','',0,0,'F','1','1','system:config:add','#','admin','2024-06-13 16:06:29','',NULL,''),(1033,'参数修改',106,3,'#','','',0,0,'F','1','1','system:config:edit','#','admin','2024-06-13 16:06:29','',NULL,''),(1034,'参数删除',106,4,'#','','',0,0,'F','1','1','system:config:remove','#','admin','2024-06-13 16:06:29','',NULL,''),(1035,'参数导出',106,5,'#','','',0,0,'F','1','1','system:config:export','#','admin','2024-06-13 16:06:29','',NULL,''),(1036,'公告查询',107,1,'#','','',0,0,'F','1','1','system:notice:query','#','admin','2024-06-13 16:06:29','',NULL,''),(1037,'公告新增',107,2,'#','','',0,0,'F','1','1','system:notice:add','#','admin','2024-06-13 16:06:29','',NULL,''),(1038,'公告修改',107,3,'#','','',0,0,'F','1','1','system:notice:edit','#','admin','2024-06-13 16:06:29','',NULL,''),(1039,'公告删除',107,4,'#','','',0,0,'F','1','1','system:notice:remove','#','admin','2024-06-13 16:06:29','',NULL,''),(1040,'操作查询',500,1,'#','','',0,0,'F','1','1','monitor:operlog:query','#','admin','2024-06-13 16:06:29','',NULL,''),(1041,'操作删除',500,2,'#','','',0,0,'F','1','1','monitor:operlog:remove','#','admin','2024-06-13 16:06:29','',NULL,''),(1042,'日志导出',500,4,'#','','',0,0,'F','1','1','monitor:operlog:export','#','admin','2024-06-13 16:06:29','',NULL,''),(1043,'登录查询',501,1,'#','','',0,0,'F','1','1','monitor:logininfor:query','#','admin','2024-06-13 16:06:29','',NULL,''),(1044,'登录删除',501,2,'#','','',0,0,'F','1','1','monitor:logininfor:remove','#','admin','2024-06-13 16:06:29','',NULL,''),(1045,'日志导出',501,3,'#','','',0,0,'F','1','1','monitor:logininfor:export','#','admin','2024-06-13 16:06:29','',NULL,''),(1046,'在线查询',109,1,'#','','',0,0,'F','1','1','monitor:online:query','#','admin','2024-06-13 16:06:29','',NULL,''),(1047,'批量强退',109,2,'#','','',0,0,'F','1','1','monitor:online:batchLogout','#','admin','2024-06-13 16:06:29','',NULL,''),(1048,'单条强退',109,3,'#','','',0,0,'F','1','1','monitor:online:forceLogout','#','admin','2024-06-13 16:06:30','',NULL,''),(1050,'账户解锁',501,4,'#','','',0,0,'F','1','1','monitor:logininfor:unlock','#','admin','2024-06-13 16:06:29','',NULL,''),(1055,'生成查询',115,1,'#','','',0,0,'F','1','1','tool:gen:query','#','admin','2024-06-13 16:06:30','',NULL,''),(1056,'生成修改',115,2,'#','','',0,0,'F','1','1','tool:gen:edit','#','admin','2024-06-13 16:06:30','',NULL,''),(1057,'生成删除',115,3,'#','','',0,0,'F','1','1','tool:gen:remove','#','admin','2024-06-13 16:06:30','',NULL,''),(1058,'导入代码',115,2,'#','','',0,0,'F','1','1','tool:gen:import','#','admin','2024-06-13 16:06:30','',NULL,''),(1059,'预览代码',115,4,'#','','',0,0,'F','1','1','tool:gen:preview','#','admin','2024-06-13 16:06:30','',NULL,''),(1060,'生成代码',115,5,'#','','',0,0,'F','1','1','tool:gen:code','#','admin','2024-06-13 16:06:30','',NULL,''),(1600,'文件查询',118,1,'#','','',0,0,'F','1','1','system:oss:query','#','admin','2024-06-13 16:06:30','',NULL,''),(1601,'文件上传',118,2,'#','','',0,0,'F','1','1','system:oss:upload','#','admin','2024-06-13 16:06:30','',NULL,''),(1602,'文件下载',118,3,'#','','',0,0,'F','1','1','system:oss:download','#','admin','2024-06-13 16:06:30','',NULL,''),(1603,'文件删除',118,4,'#','','',0,0,'F','1','1','system:oss:remove','#','admin','2024-06-13 16:06:30','',NULL,''),(1604,'配置添加',118,5,'#','','',0,0,'F','1','1','system:oss:add','#','admin','2024-06-13 16:06:30','',NULL,''),(1605,'配置编辑',118,6,'#','','',0,0,'F','1','1','system:oss:edit','#','admin','2024-06-13 16:06:30','',NULL,''),(1808758090157985794,'基础资料',0,100,'basic',NULL,NULL,0,0,'M','1','1',NULL,'excel','admin','2024-07-04 15:01:48','admin','2024-08-20 13:45:39',''),(1809059968309743618,'往来单位',1808758090157985794,1,'merchant','wms/basic/merchant/index',NULL,0,0,'C','1','1','wms:merchant:list','documentation','admin','2024-07-05 11:58:12','admin','2024-08-27 16:41:53','往来单位菜单'),(1809059968309743619,'往来单位查询',1809059968309743618,1,'#','',NULL,0,0,'F','1','1','wms:merchant:list','#','admin','2024-07-05 11:58:12','admin','2024-08-30 10:43:54',''),(1809059968309743621,'往来单位修改',1809059968309743618,3,'#','',NULL,0,0,'F','1','1','wms:merchant:edit','#','admin','2024-07-05 11:58:12','',NULL,''),(1813458070128599041,'仓库/库区',1808758090157985794,2,'warehouse','wms/basic/warehouse/index',NULL,0,0,'C','1','1','wms:warehouse:list','documentation','admin','2024-07-17 14:17:51','admin','2024-08-27 16:42:46',''),(1813820131794837506,'商品管理',1808758090157985794,4,'item','wms/basic/item/index',NULL,0,0,'C','1','1','wms:item:list','documentation','admin','2025-11-29 00:20:15','admin','2025-11-29 00:20:22','商品管理菜单'),(1818123963605549057,'品牌管理',1808758090157985794,3,'itemBrand','wms/basic/itemBrand/index',NULL,0,0,'C','1','1','wms:itemBrand:list','documentation','admin','2024-07-30 11:18:27','admin','2024-08-27 16:42:55',''),(1818466281474822145,'入库',0,20,'receiptOrder','wms/order/receipt/index',NULL,0,0,'C','1','1','wms:receipt:all','exit-fullscreen','admin','2024-07-31 09:58:42','admin','2024-08-30 08:58:25',''),(1818854933803638785,'出库',0,30,'shipmentOrder','wms/order/shipment/index',NULL,0,0,'C','1','1','wms:shipment:all','fullscreen','admin','2024-08-01 11:43:04','admin','2024-08-30 08:58:35',''),(1818855673632727042,'编辑出库单',0,1000,'shipmentOrderEdit','wms/order/shipment/edit',NULL,0,0,'C','0','1','wms:shipment:edit','#','admin','2024-08-01 11:46:00','admin','2024-08-27 16:43:37',''),(1820729144067321858,'库存统计',0,0,'inventory','wms/inventory/statistic',NULL,0,0,'C','1','1','wms:inventory:all','chart','admin','2024-08-06 15:50:30','admin','2024-08-30 08:57:48',''),(1821075355068559361,'库存记录',0,3,'inventoryHistory','wms/inventory/history',NULL,0,0,'C','1','1','wms:inventoryHistory:all','list','admin','2024-08-07 14:46:13','admin','2024-08-30 08:58:13',''),(1822820194307051521,'移库',0,40,'movementOrder','wms/order/movement/index',NULL,0,0,'C','1','1','wms:movement:all','drag','admin','2024-08-12 10:19:35','admin','2024-08-30 08:58:44',''),(1822862323595145218,'编辑移库单',0,1000,'movementOrderEdit','wms/order/movement/edit',NULL,0,0,'C','0','1','wms:movement:edit','#','admin','2024-08-12 13:07:00','admin','2024-08-27 16:43:50',''),(1823187248797270018,'盘库',0,50,'checkOrder','wms/order/check/index',NULL,0,0,'C','1','1','wms:check:all','example','admin','2024-08-13 10:38:08','admin','2024-08-30 08:58:57',''),(1823190638784757762,'编辑盘库单',0,1000,'checkOrderEdit','wms/order/check/edit',NULL,0,0,'C','0','1','wms:check:edit','#','admin','2024-08-13 10:51:36','admin','2024-08-27 16:43:44',''),(1825769009480142850,'库存明细',0,1,'inventoryDetail','wms/inventory/detail',NULL,0,0,'C','1','1','wms:inventoryDetail:all','table','admin','2024-08-20 13:37:08','admin','2024-08-30 09:19:01',''),(1829349433573822466,'仓库库区查询',1813458070128599041,1,'',NULL,NULL,0,0,'F','1','1','wms:warehouse:list','#','admin','2024-08-30 10:44:27','admin','2024-08-30 10:44:27',''),(1829350022131142658,'仓库库区编辑',1813458070128599041,2,'',NULL,NULL,0,0,'F','1','1','wms:warehouse:edit','#','admin','2024-08-30 10:46:48','admin','2024-08-30 10:46:48',''),(1829350164603260929,'品牌查询',1818123963605549057,1,'',NULL,NULL,0,0,'F','1','1','wms:itemBrand:list','#','admin','2024-08-30 10:47:22','admin','2024-08-30 10:47:22',''),(1829350944311791617,'品牌编辑',1818123963605549057,2,'',NULL,NULL,0,0,'F','1','1','wms:itemBrand:edit','#','admin','2024-08-30 10:50:27','admin','2024-08-30 10:50:27',''),(1829351081448755202,'商品查询',1813820131794837506,1,'',NULL,NULL,0,0,'F','1','1','wms:item:list','#','admin','2024-08-30 10:51:00','admin','2024-08-30 10:51:00',''),(1829351166857367553,'商品编辑',1813820131794837506,2,'',NULL,NULL,0,0,'F','1','1','wms:item:edit','#','admin','2024-08-30 10:51:21','admin','2024-08-30 10:51:21',''),(1829351166857367558,'仓库地图',2000,6,'map','wms/warehouseMap',NULL,1,0,'C','0','0','wms:map:list','map','admin','2025-11-27 21:47:06','',NULL,'仓库地图配置菜单'),(1829351166857367559,'仓库地图查询',1829351166857367558,1,'#','',NULL,1,0,'F','0','0','wms:map:query','#','admin','2025-11-27 21:47:14','',NULL,''),(1829351166857367560,'仓库地图新增',1829351166857367558,2,'#','',NULL,1,0,'F','0','0','wms:map:add','#','admin','2025-11-27 21:47:14','',NULL,''),(1829351166857367561,'仓库地图修改',1829351166857367558,3,'#','',NULL,1,0,'F','0','0','wms:map:edit','#','admin','2025-11-27 21:47:14','',NULL,''),(1829351166857367562,'仓库地图删除',1829351166857367558,4,'#','',NULL,1,0,'F','0','0','wms:map:remove','#','admin','2025-11-27 21:47:14','',NULL,''),(1994043228520824833,'仓库地图',0,0,'wms/map',NULL,NULL,0,0,'C','1','1',NULL,'build','admin','2025-11-27 21:58:48','admin','2025-11-27 21:58:48',''),(1994043228520824834,'一物一码/SN管理',2000,6,'sn','wms/sn/index',NULL,1,0,'C','0','0','wms:sn:list','barcode','admin','2025-11-27 22:55:54','admin','2025-11-27 22:55:54','SN码管理菜单'),(1994043228520824835,'SN码查询',1994043228520824834,1,'#','',NULL,1,0,'F','0','0','wms:sn:query','#','admin','2025-11-27 22:55:54','admin','2025-11-27 22:55:54',''),(1994043228520824836,'SN码新增',1994043228520824834,2,'#','',NULL,1,0,'F','0','0','wms:sn:add','#','admin','2025-11-27 22:55:54','admin','2025-11-27 22:55:54',''),(1994043228520824837,'SN码修改',1994043228520824834,3,'#','',NULL,1,0,'F','0','0','wms:sn:edit','#','admin','2025-11-27 22:55:54','admin','2025-11-27 22:55:54',''),(1994043228520824838,'SN码删除',1994043228520824834,4,'#','',NULL,1,0,'F','0','0','wms:sn:remove','#','admin','2025-11-27 22:55:54','admin','2025-11-27 22:55:54',''),(1994043228520824839,'SN码导出',1994043228520824834,5,'#','',NULL,1,0,'F','0','0','wms:sn:export','#','admin','2025-11-27 22:55:54','admin','2025-11-27 22:55:54','');
/*!40000 ALTER TABLE `sys_menu` ENABLE KEYS */;
UNLOCK TABLES;

--
-- Table structure for table `sys_notice`
--

DROP TABLE IF EXISTS `sys_notice`;
/*!40101 SET @saved_cs_client     = @@character_set_client */;
/*!50503 SET character_set_client = utf8mb4 */;
CREATE TABLE `sys_notice` (
  `notice_id` bigint NOT NULL COMMENT '公告ID',
  `notice_title` varchar(50) CHARACTER SET utf8mb4 COLLATE utf8mb4_general_ci NOT NULL COMMENT '公告标题',
  `notice_type` char(1) CHARACTER SET utf8mb4 COLLATE utf8mb4_general_ci NOT NULL COMMENT '公告类型（1通知 2公告）',
  `notice_content` longblob COMMENT '公告内容',
  `status` char(1) CHARACTER SET utf8mb4 COLLATE utf8mb4_general_ci DEFAULT '0' COMMENT '公告状态（0正常 1关闭）',
  `create_by` varchar(64) CHARACTER SET utf8mb4 COLLATE utf8mb4_general_ci DEFAULT '' COMMENT '创建者',
  `create_time` datetime DEFAULT NULL COMMENT '创建时间',
  `update_by` varchar(64) CHARACTER SET utf8mb4 COLLATE utf8mb4_general_ci DEFAULT '' COMMENT '更新者',
  `update_time` datetime DEFAULT NULL COMMENT '更新时间',
  `remark` varchar(255) CHARACTER SET utf8mb4 COLLATE utf8mb4_general_ci DEFAULT NULL COMMENT '备注',
  PRIMARY KEY (`notice_id`) USING BTREE
) ENGINE=InnoDB DEFAULT CHARSET=utf8mb4 COLLATE=utf8mb4_general_ci ROW_FORMAT=DYNAMIC COMMENT='通知公告表';
/*!40101 SET character_set_client = @saved_cs_client */;

--
-- Dumping data for table `sys_notice`
--

LOCK TABLES `sys_notice` WRITE;
/*!40000 ALTER TABLE `sys_notice` DISABLE KEYS */;
INSERT INTO `sys_notice` VALUES (1,'温馨提醒：2018-07-01 新版本发布啦','2',_binary '新版本内容','1','admin','2024-06-13 16:06:38','',NULL,'管理员'),(2,'维护通知：2018-07-01 系统凌晨维护','1',_binary '维护内容','1','admin','2024-06-13 16:06:38','',NULL,'管理员');
/*!40000 ALTER TABLE `sys_notice` ENABLE KEYS */;
UNLOCK TABLES;

--
-- Table structure for table `sys_oper_log`
--

DROP TABLE IF EXISTS `sys_oper_log`;
/*!40101 SET @saved_cs_client     = @@character_set_client */;
/*!50503 SET character_set_client = utf8mb4 */;
CREATE TABLE `sys_oper_log` (
  `oper_id` bigint NOT NULL COMMENT '日志主键',
  `title` varchar(50) CHARACTER SET utf8mb4 COLLATE utf8mb4_general_ci DEFAULT '' COMMENT '模块标题',
  `business_type` int DEFAULT '0' COMMENT '业务类型（0其它 1新增 2修改 3删除）',
  `method` varchar(100) CHARACTER SET utf8mb4 COLLATE utf8mb4_general_ci DEFAULT '' COMMENT '方法名称',
  `request_method` varchar(10) CHARACTER SET utf8mb4 COLLATE utf8mb4_general_ci DEFAULT '' COMMENT '请求方式',
  `operator_type` int DEFAULT '0' COMMENT '操作类别（0其它 1后台用户 2手机端用户）',
  `oper_name` varchar(50) CHARACTER SET utf8mb4 COLLATE utf8mb4_general_ci DEFAULT '' COMMENT '操作人员',
  `dept_name` varchar(50) CHARACTER SET utf8mb4 COLLATE utf8mb4_general_ci DEFAULT '' COMMENT '部门名称',
  `oper_url` varchar(255) CHARACTER SET utf8mb4 COLLATE utf8mb4_general_ci DEFAULT '' COMMENT '请求URL',
  `oper_ip` varchar(128) CHARACTER SET utf8mb4 COLLATE utf8mb4_general_ci DEFAULT '' COMMENT '主机地址',
  `oper_location` varchar(255) CHARACTER SET utf8mb4 COLLATE utf8mb4_general_ci DEFAULT '' COMMENT '操作地点',
  `oper_param` varchar(2000) CHARACTER SET utf8mb4 COLLATE utf8mb4_general_ci DEFAULT '' COMMENT '请求参数',
  `json_result` varchar(2000) CHARACTER SET utf8mb4 COLLATE utf8mb4_general_ci DEFAULT '' COMMENT '返回参数',
  `status` int DEFAULT '0' COMMENT '操作状态（0异常 1正常）',
  `error_msg` varchar(2000) CHARACTER SET utf8mb4 COLLATE utf8mb4_general_ci DEFAULT '' COMMENT '错误消息',
  `oper_time` datetime DEFAULT NULL COMMENT '操作时间',
  PRIMARY KEY (`oper_id`) USING BTREE,
  KEY `idx_sys_oper_log_bt` (`business_type`) USING BTREE,
  KEY `idx_sys_oper_log_s` (`status`) USING BTREE,
  KEY `idx_sys_oper_log_ot` (`oper_time`) USING BTREE
) ENGINE=InnoDB DEFAULT CHARSET=utf8mb4 COLLATE=utf8mb4_general_ci ROW_FORMAT=DYNAMIC COMMENT='操作日志记录';
/*!40101 SET character_set_client = @saved_cs_client */;

--
-- Dumping data for table `sys_oper_log`
--

LOCK TABLES `sys_oper_log` WRITE;
/*!40000 ALTER TABLE `sys_oper_log` DISABLE KEYS */;
INSERT INTO `sys_oper_log` VALUES (1992606428447645697,'参数管理',2,'com.ruoyi.system.controller.system.SysConfigController.edit()','PUT',1,'admin','研发部门','/system/config','0:0:0:0:0:0:0:1','内网IP','{\"createBy\":null,\"createTime\":\"2024-06-13 16:06:37\",\"updateBy\":null,\"updateTime\":null,\"configId\":5,\"configName\":\"账号自助-是否开启用户注册功能\",\"configKey\":\"sys.account.registerUser\",\"configValue\":\"true\",\"configType\":\"Y\",\"remark\":\"是否开启注册用户功能（true开启，false关闭）\"}','{\"code\":200,\"msg\":\"操作成功\",\"data\":null}',1,'','2025-11-23 22:49:28'),(1992606789317173250,'参数管理',2,'com.ruoyi.system.controller.system.SysConfigController.edit()','PUT',1,'admin','研发部门','/system/config','0:0:0:0:0:0:0:1','内网IP','{\"createBy\":null,\"createTime\":\"2024-06-13 16:06:37\",\"updateBy\":null,\"updateTime\":null,\"configId\":5,\"configName\":\"账号自助-是否开启用户注册功能\",\"configKey\":\"sys.account.registerUser\",\"configValue\":\"true\",\"configType\":\"Y\",\"remark\":\"是否开启注册用户功能（true开启，false关闭）\"}','{\"code\":200,\"msg\":\"操作成功\",\"data\":null}',1,'','2025-11-23 22:50:54'),(1992606805230362625,'参数管理',9,'com.ruoyi.system.controller.system.SysConfigController.refreshCache()','DELETE',1,'admin','研发部门','/system/config/refreshCache','0:0:0:0:0:0:0:1','内网IP','{}','{\"code\":200,\"msg\":\"操作成功\",\"data\":null}',1,'','2025-11-23 22:50:58'),(1992620025605267457,'个人信息',2,'com.ruoyi.system.controller.system.SysProfileController.updateProfile()','PUT',1,'admin','研发部门','/system/user/profile','0:0:0:0:0:0:0:1','内网IP','{\"createBy\":null,\"createTime\":\"2024-06-13 16:06:25\",\"updateBy\":null,\"updateTime\":null,\"nickName\":\"wzp\",\"email\":\"wzp123456789@2925.com\",\"phonenumber\":\"15575782550\",\"sex\":\"0\"}','{\"code\":200,\"msg\":\"操作成功\",\"data\":null}',1,'','2025-11-23 23:43:30'),(1992777307143053314,'部门管理',3,'com.ruoyi.system.controller.system.SysDeptController.remove()','DELETE',1,'admin','研发部门','/system/dept/102','0:0:0:0:0:0:0:1','内网IP','{}','{\"code\":601,\"msg\":\"存在下级部门,不允许删除\",\"data\":null}',1,'','2025-11-24 10:08:29'),(1992777326499766274,'部门管理',3,'com.ruoyi.system.controller.system.SysDeptController.remove()','DELETE',1,'admin','研发部门','/system/dept/108','0:0:0:0:0:0:0:1','内网IP','{}','{\"code\":200,\"msg\":\"操作成功\",\"data\":null}',1,'','2025-11-24 10:08:33'),(1992777337660809217,'部门管理',3,'com.ruoyi.system.controller.system.SysDeptController.remove()','DELETE',1,'admin','研发部门','/system/dept/109','0:0:0:0:0:0:0:1','内网IP','{}','{\"code\":200,\"msg\":\"操作成功\",\"data\":null}',1,'','2025-11-24 10:08:36'),(1992777346863112194,'部门管理',3,'com.ruoyi.system.controller.system.SysDeptController.remove()','DELETE',1,'admin','研发部门','/system/dept/1811589666899832833','0:0:0:0:0:0:0:1','内网IP','{}','{\"code\":200,\"msg\":\"操作成功\",\"data\":null}',1,'','2025-11-24 10:08:38'),(1992777382317563906,'部门管理',3,'com.ruoyi.system.controller.system.SysDeptController.remove()','DELETE',1,'admin','研发部门','/system/dept/102','0:0:0:0:0:0:0:1','内网IP','{}','{\"code\":200,\"msg\":\"操作成功\",\"data\":null}',1,'','2025-11-24 10:08:47'),(1992777445861269506,'部门管理',2,'com.ruoyi.system.controller.system.SysDeptController.edit()','PUT',1,'admin','研发部门','/system/dept','0:0:0:0:0:0:0:1','内网IP','{\"createBy\":null,\"createTime\":\"2024-06-13 16:06:25\",\"updateBy\":null,\"updateTime\":null,\"deptId\":101,\"parentId\":100,\"deptName\":\"深圳总公司\",\"orderNum\":1,\"leader\":\"若依\",\"phone\":\"15888888888\",\"email\":\"ry@qq.com\",\"status\":\"1\"}','',0,'EL1007E: Property or field \'deptId\' cannot be found on null','2025-11-24 10:09:02'),(1992777719568965633,'部门管理',2,'com.ruoyi.system.controller.system.SysDeptController.edit()','PUT',1,'admin','研发部门','/system/dept','0:0:0:0:0:0:0:1','内网IP','{\"createBy\":null,\"createTime\":\"2024-06-13 16:06:25\",\"updateBy\":null,\"updateTime\":null,\"deptId\":100,\"parentId\":0,\"deptName\":\"gzu\",\"orderNum\":0,\"leader\":\"wzp\",\"phone\":\"15575782550\",\"email\":\"wzp123456789@2925.com\",\"status\":\"1\"}','',0,'EL1007E: Property or field \'deptId\' cannot be found on null','2025-11-24 10:10:07'),(1992777735406657538,'部门管理',2,'com.ruoyi.system.controller.system.SysDeptController.edit()','PUT',1,'admin','研发部门','/system/dept','0:0:0:0:0:0:0:1','内网IP','{\"createBy\":null,\"createTime\":\"2024-06-13 16:06:25\",\"updateBy\":null,\"updateTime\":null,\"deptId\":100,\"parentId\":0,\"deptName\":\"gzu\",\"orderNum\":0,\"leader\":\"wzp\",\"phone\":\"15575782550\",\"email\":\"wzp123456789@2925.com\",\"status\":\"1\"}','',0,'EL1007E: Property or field \'deptId\' cannot be found on null','2025-11-24 10:10:11'),(1992777752989179906,'部门管理',2,'com.ruoyi.system.controller.system.SysDeptController.edit()','PUT',1,'admin','研发部门','/system/dept','0:0:0:0:0:0:0:1','内网IP','{\"createBy\":null,\"createTime\":\"2024-06-13 16:06:25\",\"updateBy\":null,\"updateTime\":null,\"deptId\":100,\"parentId\":0,\"deptName\":\"gzu\",\"orderNum\":0,\"leader\":\"wzp\",\"phone\":\"15575782550\",\"email\":\"wzp123456789@2925.com\",\"status\":\"1\"}','',0,'EL1007E: Property or field \'deptId\' cannot be found on null','2025-11-24 10:10:15'),(1992779084965892097,'部门管理',1,'com.ruoyi.system.controller.system.SysDeptController.add()','POST',1,'admin','研发部门','/system/dept','0:0:0:0:0:0:0:1','内网IP','{\"createBy\":null,\"createTime\":null,\"updateBy\":null,\"updateTime\":null,\"deptId\":null,\"parentId\":100,\"deptName\":\"后端\",\"orderNum\":0,\"leader\":\"wzp\",\"phone\":\"\",\"email\":null,\"status\":\"1\"}','{\"code\":200,\"msg\":\"操作成功\",\"data\":null}',1,'','2025-11-24 10:15:33'),(1992779755324723201,'仓库',3,'com.ruoyi.wms.controller.WarehouseController.remove()','DELETE',1,'admin','研发部门','/wms/warehouse/1828364459110469633','0:0:0:0:0:0:0:1','内网IP','{}','',0,'删除失败！请先删除该仓库下的库区！','2025-11-24 10:18:12'),(1992779777428705281,'库区',3,'com.ruoyi.wms.controller.AreaController.remove()','DELETE',1,'admin','研发部门','/wms/area/1828364518342430721','0:0:0:0:0:0:0:1','内网IP','{}','',0,'库区已有业务关联，无法删除！','2025-11-24 10:18:18'),(1992779798224064513,'库区',3,'com.ruoyi.wms.controller.AreaController.remove()','DELETE',1,'admin','研发部门','/wms/area/1828364560503574530','0:0:0:0:0:0:0:1','内网IP','{}','{\"code\":200,\"msg\":\"操作成功\",\"data\":null}',1,'','2025-11-24 10:18:23'),(1992780301368578049,'库区',3,'com.ruoyi.wms.controller.AreaController.remove()','DELETE',1,'admin','研发部门','/wms/area/1829397566185992193','0:0:0:0:0:0:0:1','内网IP','{}','',0,'库区已有业务关联，无法删除！','2025-11-24 10:20:23'),(1992780874394390529,'往来单位',2,'com.ruoyi.wms.controller.MerchantController.edit()','PUT',1,'admin','研发部门','/wms/merchant','0:0:0:0:0:0:0:1','内网IP','{\"createBy\":null,\"createTime\":null,\"updateBy\":null,\"updateTime\":null,\"id\":\"1828354016258199554\",\"merchantCode\":\"c_0001\",\"merchantName\":\"贵州XXXXXXX仓储管理有限公司\",\"merchantType\":1,\"merchantLevel\":null,\"bankName\":null,\"bankAccount\":null,\"address\":null,\"mobile\":null,\"tel\":null,\"contactPerson\":null,\"email\":null,\"remark\":null}','{\"code\":200,\"msg\":\"操作成功\",\"data\":null}',1,'','2025-11-24 10:22:39'),(1992780902533976066,'往来单位',2,'com.ruoyi.wms.controller.MerchantController.edit()','PUT',1,'admin','研发部门','/wms/merchant','0:0:0:0:0:0:0:1','内网IP','{\"createBy\":null,\"createTime\":null,\"updateBy\":null,\"updateTime\":null,\"id\":\"1828354153193836545\",\"merchantCode\":\"s_0001\",\"merchantName\":\"贵州XXXXX供应链有限公司\",\"merchantType\":2,\"merchantLevel\":null,\"bankName\":null,\"bankAccount\":null,\"address\":null,\"mobile\":null,\"tel\":null,\"contactPerson\":null,\"email\":null,\"remark\":null}','{\"code\":200,\"msg\":\"操作成功\",\"data\":null}',1,'','2025-11-24 10:22:46'),(1992780941574557697,'往来单位',2,'com.ruoyi.wms.controller.MerchantController.edit()','PUT',1,'admin','研发部门','/wms/merchant','0:0:0:0:0:0:0:1','内网IP','{\"createBy\":null,\"createTime\":null,\"updateBy\":null,\"updateTime\":null,\"id\":\"1828354284882399233\",\"merchantCode\":\"c_s_0001\",\"merchantName\":\"贵州CS有限公司\",\"merchantType\":3,\"merchantLevel\":null,\"bankName\":null,\"bankAccount\":null,\"address\":null,\"mobile\":null,\"tel\":null,\"contactPerson\":null,\"email\":null,\"remark\":null}','{\"code\":200,\"msg\":\"操作成功\",\"data\":null}',1,'','2025-11-24 10:22:55'),(1992781068422893569,'库区',3,'com.ruoyi.wms.controller.AreaController.remove()','DELETE',1,'admin','研发部门','/wms/area/1829397566185992193','0:0:0:0:0:0:0:1','内网IP','{}','',0,'库区已有业务关联，无法删除！','2025-11-24 10:23:25'),(1992782507010445314,'仓库',1,'com.ruoyi.wms.controller.WarehouseController.add()','POST',1,'admin','研发部门','/wms/warehouse','0:0:0:0:0:0:0:1','内网IP','{\"createBy\":null,\"createTime\":null,\"updateBy\":null,\"updateTime\":null,\"id\":null,\"warehouseCode\":\"1\",\"warehouseName\":\"仓库1\",\"remark\":null,\"orderNum\":null}','{\"code\":200,\"msg\":\"操作成功\",\"data\":null}',1,'','2025-11-24 10:29:08'),(1992782571841802242,'库区',1,'com.ruoyi.wms.controller.AreaController.add()','POST',1,'admin','研发部门','/wms/area','0:0:0:0:0:0:0:1','内网IP','{\"createBy\":null,\"createTime\":null,\"updateBy\":null,\"updateTime\":null,\"id\":null,\"areaCode\":\"1\",\"areaName\":\"库区1\",\"warehouseId\":\"1992782506943336450\",\"remark\":null}','{\"code\":200,\"msg\":\"操作成功\",\"data\":null}',1,'','2025-11-24 10:29:24'),(1992782642901700609,'仓库',1,'com.ruoyi.wms.controller.WarehouseController.add()','POST',1,'admin','研发部门','/wms/warehouse','0:0:0:0:0:0:0:1','内网IP','{\"createBy\":null,\"createTime\":null,\"updateBy\":null,\"updateTime\":null,\"id\":null,\"warehouseCode\":\"2\",\"warehouseName\":\"仓库2\",\"remark\":null,\"orderNum\":null}','{\"code\":200,\"msg\":\"操作成功\",\"data\":null}',1,'','2025-11-24 10:29:41'),(1992782691677261825,'仓库',1,'com.ruoyi.wms.controller.WarehouseController.add()','POST',1,'admin','研发部门','/wms/warehouse','0:0:0:0:0:0:0:1','内网IP','{\"createBy\":null,\"createTime\":null,\"updateBy\":null,\"updateTime\":null,\"id\":null,\"warehouseCode\":\"3\",\"warehouseName\":\"仓库3\",\"remark\":null,\"orderNum\":null}','{\"code\":200,\"msg\":\"操作成功\",\"data\":null}',1,'','2025-11-24 10:29:52'),(1992782787781349377,'库区',1,'com.ruoyi.wms.controller.AreaController.add()','POST',1,'admin','研发部门','/wms/area','0:0:0:0:0:0:0:1','内网IP','{\"createBy\":null,\"createTime\":null,\"updateBy\":null,\"updateTime\":null,\"id\":null,\"areaCode\":\"1\",\"areaName\":\"库区1\",\"warehouseId\":\"1992782642801037314\",\"remark\":null}','',0,'库区编号重复','2025-11-24 10:30:15'),(1992782816722046977,'库区',1,'com.ruoyi.wms.controller.AreaController.add()','POST',1,'admin','研发部门','/wms/area','0:0:0:0:0:0:0:1','内网IP','{\"createBy\":null,\"createTime\":null,\"updateBy\":null,\"updateTime\":null,\"id\":null,\"areaCode\":\"2.1\",\"areaName\":\"库区1\",\"warehouseId\":\"1992782642801037314\",\"remark\":null}','{\"code\":200,\"msg\":\"操作成功\",\"data\":null}',1,'','2025-11-24 10:30:22'),(1992782852474294274,'库区',2,'com.ruoyi.wms.controller.AreaController.edit()','PUT',1,'admin','研发部门','/wms/area','0:0:0:0:0:0:0:1','内网IP','{\"createBy\":null,\"createTime\":null,\"updateBy\":null,\"updateTime\":null,\"id\":\"1992782571778887681\",\"areaCode\":\"1.1\",\"areaName\":\"库区1\",\"warehouseId\":\"1992782506943336450\",\"remark\":null}','{\"code\":200,\"msg\":\"操作成功\",\"data\":null}',1,'','2025-11-24 10:30:31'),(1992782919482494978,'库区',1,'com.ruoyi.wms.controller.AreaController.add()','POST',1,'admin','研发部门','/wms/area','0:0:0:0:0:0:0:1','内网IP','{\"createBy\":null,\"createTime\":null,\"updateBy\":null,\"updateTime\":null,\"id\":null,\"areaCode\":\"3.1\",\"areaName\":\"库区1\",\"warehouseId\":\"1992782691492712450\",\"remark\":null}','{\"code\":200,\"msg\":\"操作成功\",\"data\":null}',1,'','2025-11-24 10:30:47'),(1992782981310730242,'库区',1,'com.ruoyi.wms.controller.AreaController.add()','POST',1,'admin','研发部门','/wms/area','0:0:0:0:0:0:0:1','内网IP','{\"createBy\":null,\"createTime\":null,\"updateBy\":null,\"updateTime\":null,\"id\":null,\"areaCode\":\"1.2\",\"areaName\":\"仓库2\",\"warehouseId\":\"1992782506943336450\",\"remark\":null}','{\"code\":200,\"msg\":\"操作成功\",\"data\":null}',1,'','2025-11-24 10:31:02'),(1992783013162274818,'库区',1,'com.ruoyi.wms.controller.AreaController.add()','POST',1,'admin','研发部门','/wms/area','0:0:0:0:0:0:0:1','内网IP','{\"createBy\":null,\"createTime\":null,\"updateBy\":null,\"updateTime\":null,\"id\":null,\"areaCode\":\"1.3\",\"areaName\":\"仓库3\",\"warehouseId\":\"1992782506943336450\",\"remark\":null}','{\"code\":200,\"msg\":\"操作成功\",\"data\":null}',1,'','2025-11-24 10:31:09'),(1992783053075271681,'库区',1,'com.ruoyi.wms.controller.AreaController.add()','POST',1,'admin','研发部门','/wms/area','0:0:0:0:0:0:0:1','内网IP','{\"createBy\":null,\"createTime\":null,\"updateBy\":null,\"updateTime\":null,\"id\":null,\"areaCode\":\"2.2\",\"areaName\":\"仓库2\",\"warehouseId\":\"1992782642801037314\",\"remark\":null}','{\"code\":200,\"msg\":\"操作成功\",\"data\":null}',1,'','2025-11-24 10:31:19'),(1992783095429353473,'库区',1,'com.ruoyi.wms.controller.AreaController.add()','POST',1,'admin','研发部门','/wms/area','0:0:0:0:0:0:0:1','内网IP','{\"createBy\":null,\"createTime\":null,\"updateBy\":null,\"updateTime\":null,\"id\":null,\"areaCode\":\"2.3\",\"areaName\":\"库区3\",\"warehouseId\":\"1992782642801037314\",\"remark\":null}','{\"code\":200,\"msg\":\"操作成功\",\"data\":null}',1,'','2025-11-24 10:31:29'),(1992783136638390273,'库区',1,'com.ruoyi.wms.controller.AreaController.add()','POST',1,'admin','研发部门','/wms/area','0:0:0:0:0:0:0:1','内网IP','{\"createBy\":null,\"createTime\":null,\"updateBy\":null,\"updateTime\":null,\"id\":null,\"areaCode\":\"3.2\",\"areaName\":\"库区2\",\"warehouseId\":\"1992782691492712450\",\"remark\":null}','{\"code\":200,\"msg\":\"操作成功\",\"data\":null}',1,'','2025-11-24 10:31:39'),(1992783170368983042,'库区',1,'com.ruoyi.wms.controller.AreaController.add()','POST',1,'admin','研发部门','/wms/area','0:0:0:0:0:0:0:1','内网IP','{\"createBy\":null,\"createTime\":null,\"updateBy\":null,\"updateTime\":null,\"id\":null,\"areaCode\":\"3.3\",\"areaName\":\"库区3\",\"warehouseId\":\"1992782691492712450\",\"remark\":null}','{\"code\":200,\"msg\":\"操作成功\",\"data\":null}',1,'','2025-11-24 10:31:47'),(1992787885823643649,'入库单',1,'com.ruoyi.wms.controller.ReceiptOrderController.add()','POST',1,'admin','研发部门','/wms/receiptOrder','0:0:0:0:0:0:0:1','内网IP','{\"createBy\":null,\"createTime\":null,\"updateBy\":null,\"updateTime\":null,\"id\":\"1992787885475516417\",\"receiptOrderNo\":\"RK11248425\",\"receiptOrderType\":2,\"merchantId\":\"1828354153193836545\",\"orderNo\":\"001\",\"totalQuantity\":\"400\",\"payableAmount\":\"36000\",\"receiptOrderStatus\":0,\"warehouseId\":\"1992782506943336450\",\"areaId\":\"1992782571778887681\",\"remark\":null,\"details\":[{\"createBy\":null,\"createTime\":null,\"updateBy\":null,\"updateTime\":null,\"id\":null,\"receiptOrderId\":null,\"skuId\":\"1829399118304964609\",\"quantity\":\"100\",\"amount\":\"90\",\"batchNo\":\"001\",\"productionDate\":\"2025-11-06 00:00:00\",\"expirationDate\":\"2025-11-29 00:00:00\",\"remark\":null,\"warehouseId\":\"1992782506943336450\",\"areaId\":\"1992782571778887681\"},{\"createBy\":null,\"createTime\":null,\"updateBy\":null,\"updateTime\":null,\"id\":null,\"receiptOrderId\":null,\"skuId\":\"1829399118304964610\",\"quantity\":\"100\",\"amount\":\"90\",\"batchNo\":\"002\",\"productionDate\":\"2025-11-06 00:00:00\",\"expirationDate\":\"2025-11-29 00:00:00\",\"remark\":null,\"warehouseId\":\"1992782506943336450\",\"areaId\":\"1992782571778887681\"},{\"createBy\":null,\"createTime\":null,\"updateBy\":null,\"updateTime\":null,\"id\":null,\"receiptOrderId\":null,\"skuId\":\"1829398702011904002\",\"quantity\":\"100\",\"amount\":\"90\",\"batchNo\":\"003\",\"productionDate\":\"2025-11-06 00:00:00\",\"expirationDate\":\"2025-11-29 00:00:00\",\"remark\":null,\"warehouseId\":\"1992782506943336450\",\"areaId\":\"1992782571778887681\"},{\"createBy\":null,\"createTime\":null,\"updateBy\":null,\"updateTime\":null,\"id\":null,\"receiptOrderId\":null,\"skuId\":\"1829398702011904001\",\"quantity\":\"100\",\"amount\":\"90\",\"batchNo\":\"004\",\"productionDate\":\"2025-11-06 00:00:00\",\"expirationDate\":\"2025-11-29 00:00:00\",\"remark\":null,\"warehouseId\":\"1992782506943336450\",\"areaId\":\"1992782571778887681\"}]}','{\"code\":200,\"msg\":\"操作成功\",\"data\":null}',1,'','2025-11-24 10:50:31'),(1992789902088491010,'入库单',2,'com.ruoyi.wms.controller.ReceiptOrderController.doWarehousing()','POST',1,'admin','研发部门','/wms/receiptOrder/warehousing','0:0:0:0:0:0:0:1','内网IP','{\"createBy\":null,\"createTime\":null,\"updateBy\":null,\"updateTime\":null,\"id\":\"1992787885475516417\",\"receiptOrderNo\":\"RK11248425\",\"receiptOrderType\":2,\"merchantId\":\"1828354153193836545\",\"orderNo\":\"001\",\"totalQuantity\":\"400\",\"payableAmount\":\"36000\",\"receiptOrderStatus\":1,\"warehouseId\":\"1992782506943336450\",\"areaId\":\"1992782571778887681\",\"remark\":null,\"details\":[{\"createBy\":null,\"createTime\":null,\"updateBy\":null,\"updateTime\":null,\"id\":\"1992787885655871490\",\"receiptOrderId\":null,\"skuId\":\"1829399118304964609\",\"quantity\":\"100\",\"amount\":\"90\",\"batchNo\":\"001\",\"productionDate\":\"2025-11-06 00:00:00\",\"expirationDate\":\"2025-11-29 00:00:00\",\"remark\":null,\"warehouseId\":\"1992782506943336450\",\"areaId\":\"1992782571778887681\"},{\"createBy\":null,\"createTime\":null,\"updateBy\":null,\"updateTime\":null,\"id\":\"1992787885693620226\",\"receiptOrderId\":null,\"skuId\":\"1829399118304964610\",\"quantity\":\"100\",\"amount\":\"90\",\"batchNo\":\"002\",\"productionDate\":\"2025-11-06 00:00:00\",\"expirationDate\":\"2025-11-29 00:00:00\",\"remark\":null,\"warehouseId\":\"1992782506943336450\",\"areaId\":\"1992782571778887681\"},{\"createBy\":null,\"createTime\":null,\"updateBy\":null,\"updateTime\":null,\"id\":\"1992787885727174658\",\"receiptOrderId\":null,\"skuId\":\"1829398702011904002\",\"quantity\":\"100\",\"amount\":\"90\",\"batchNo\":\"003\",\"productionDate\":\"2025-11-06 00:00:00\",\"expirationDate\":\"2025-11-29 00:00:00\",\"remark\":null,\"warehouseId\":\"1992782506943336450\",\"areaId\":\"1992782571778887681\"},{\"createBy\":null,\"createTime\":null,\"updateBy\":null,\"updateTime\":null,\"id\":\"1992787885727174659\",\"receiptOrderId\":null,\"skuId\":\"1829398702011904001\",\"quantity\":\"100\",\"amount\":\"90\",\"batchNo\":\"004\",\"productionDate\":\"2025-11-06 00:00:00\",\"expirationDate\":\"2025-11-29 00:00:00\",\"remark\":null,\"warehouseId\":\"1992782506943336450\",\"areaId\":\"1992782571778887681\"}]}','{\"code\":200,\"msg\":\"操作成功\",\"data\":null}',1,'','2025-11-24 10:58:32'),(1992790317492359170,'移库单',2,'com.ruoyi.wms.controller.MovementOrderController.move()','POST',1,'admin','研发部门','/wms/movementOrder/move','0:0:0:0:0:0:0:1','内网IP','{\"createBy\":null,\"createTime\":null,\"updateBy\":null,\"updateTime\":null,\"id\":\"1992790316796104706\",\"movementOrderNo\":\"YK11245095\",\"sourceWarehouseId\":\"1992782506943336450\",\"sourceAreaId\":\"1992782571778887681\",\"targetWarehouseId\":\"1992782642801037314\",\"targetAreaId\":\"1992782816625577985\",\"movementOrderStatus\":1,\"totalQuantity\":\"400\",\"remark\":null,\"details\":[{\"createBy\":null,\"createTime\":null,\"updateBy\":null,\"updateTime\":null,\"id\":null,\"movementOrderId\":null,\"skuId\":\"1829398702011904001\",\"quantity\":\"100\",\"remark\":null,\"batchNo\":\"004\",\"productionDate\":\"2025-11-06 00:00:00\",\"expirationDate\":\"2025-11-29 00:00:00\",\"sourceWarehouseId\":\"1992782506943336450\",\"sourceAreaId\":\"1992782571778887681\",\"targetWarehouseId\":\"1992782642801037314\",\"targetAreaId\":\"1992782816625577985\",\"inventoryDetailId\":\"1992787885727174659\",\"warehouseId\":\"1992782506943336450\",\"areaId\":\"1992782571778887681\",\"key\":\"1992782506943336450_1992782571778887681_1829398702011904001\"},{\"createBy\":null,\"createTime\":null,\"updateBy\":null,\"updateTime\":null,\"id\":null,\"movementOrderId\":null,\"skuId\":\"1829398702011904002\",\"quantity\":\"100\",\"remark\":null,\"batchNo\":\"003\",\"productionDate\":\"2025-11-06 00:00:00\",\"expirationDate\":\"2025-11-29 00:00:00\",\"sourceWarehouseId\":\"1992782506943336450\",\"sourceAreaId\":\"1992782571778887681\",\"targetWarehouseId\":\"1992782642801037314\",\"targetAreaId\":\"1992782816625577985\",\"inventoryDetailId\":\"1992787885727174658\",\"warehouseId\":\"1992782506943336450\",\"areaId\":\"1992782571778887681\",\"key\":\"1992782506943336450_1992782571778887681_1829398702011904002\"},{\"createBy\":null,\"createTime\":null,\"updateBy\":null,\"updateTime\":null,\"id\":null,\"movementOrderId\":null,\"skuId\":\"1829399118304964609\",\"quantity\":\"100\",\"remark\":null,\"batchNo\":\"001\",\"productionDate\":\"2025-11-06 00:00:00\",\"expirationDate\":\"2025-11-29 00:00:00\",\"sourceWarehouseId\":\"1992782506943336450\",\"sourceAreaId\":\"1992782571778887681\",\"targetWarehouseId\":\"1992782642801037314\",\"targetAreaId\":\"1992782816625577985\",\"inventoryDetailId\":\"1992787885655871490\",\"','{\"code\":200,\"msg\":\"操作成功\",\"data\":null}',1,'','2025-11-24 11:00:11'),(1994043229242245121,'菜单管理',1,'com.ruoyi.system.controller.system.SysMenuController.add()','POST',1,'admin','研发部门','/system/menu','0:0:0:0:0:0:0:1','内网IP','{\"createBy\":null,\"createTime\":null,\"updateBy\":null,\"updateTime\":null,\"menuId\":null,\"parentId\":0,\"menuName\":\"仓库地图\",\"orderNum\":0,\"path\":\"wms/map\",\"component\":null,\"queryParam\":null,\"isFrame\":\"0\",\"isCache\":\"0\",\"menuType\":\"C\",\"visible\":\"1\",\"status\":\"1\",\"icon\":\"build\",\"remark\":null}','{\"code\":200,\"msg\":\"操作成功\",\"data\":null}',1,'','2025-11-27 21:58:48'),(1994073495695904770,'SN码扫描',0,'com.ruoyi.wms.controller.SerialNumberController.scan()','POST',1,'admin','研发部门','/wms/sn/scan','0:0:0:0:0:0:0:1','内网IP','','{\"code\":200,\"msg\":\"请连接扫描枪设备\",\"data\":null}',1,'','2025-11-27 23:59:04'),(1994076022608801794,'入库单',2,'com.ruoyi.wms.controller.ReceiptOrderController.doWarehousing()','POST',1,'admin','研发部门','/wms/receiptOrder/warehousing','0:0:0:0:0:0:0:1','内网IP','{\"createBy\":null,\"createTime\":null,\"updateBy\":null,\"updateTime\":null,\"id\":\"1994076020444540929\",\"receiptOrderNo\":\"RK11281402\",\"receiptOrderType\":2,\"merchantId\":null,\"orderNo\":null,\"totalQuantity\":\"1\",\"payableAmount\":\"100\",\"receiptOrderStatus\":1,\"warehouseId\":\"1992782506943336450\",\"areaId\":\"1992782571778887681\",\"remark\":null,\"details\":[{\"createBy\":null,\"createTime\":null,\"updateBy\":null,\"updateTime\":null,\"id\":null,\"receiptOrderId\":null,\"skuId\":\"1829399118304964609\",\"quantity\":\"1\",\"amount\":\"100\",\"batchNo\":null,\"productionDate\":null,\"expirationDate\":null,\"remark\":null,\"warehouseId\":\"1992782506943336450\",\"areaId\":\"1992782571778887681\"}]}','{\"code\":200,\"msg\":\"操作成功\",\"data\":null}',1,'','2025-11-28 00:09:07'),(1994621622957957121,'用户头像',2,'com.ruoyi.system.controller.system.SysProfileController.avatar()','POST',1,'admin','研发部门','/system/user/profile/avatar','0:0:0:0:0:0:0:1','内网IP','','',0,'创建Bucket失败, 请核对配置信息:[Unable to execute HTTP request: Connect to 127.0.0.1:9000 [/127.0.0.1] failed: Connection refused: getsockopt]','2025-11-29 12:17:08'),(1994625996778156034,'用户头像',2,'com.ruoyi.system.controller.system.SysProfileController.avatar()','POST',1,'admin','研发部门','/system/user/profile/avatar','0:0:0:0:0:0:0:1','内网IP','','{\"code\":200,\"msg\":\"操作成功\",\"data\":{\"imgUrl\":\"/upload/avatar/1_1764390870437.jpg\"}}',1,'','2025-11-29 12:34:31'),(1994626055775236097,'用户头像',2,'com.ruoyi.system.controller.system.SysProfileController.avatar()','POST',1,'admin','研发部门','/system/user/profile/avatar','0:0:0:0:0:0:0:1','内网IP','','{\"code\":200,\"msg\":\"操作成功\",\"data\":{\"imgUrl\":\"/upload/avatar/1_1764390884676.jpg\"}}',1,'','2025-11-29 12:34:45'),(1994627845786750977,'用户头像',2,'com.ruoyi.system.controller.system.SysProfileController.avatar()','POST',1,'admin','研发部门','/system/user/profile/avatar','0:0:0:0:0:0:0:1','内网IP','','{\"code\":200,\"msg\":\"操作成功\",\"data\":{\"imgUrl\":\"/upload/avatar/1_1764391311390.jpg\"}}',1,'','2025-11-29 12:41:51'),(1994628360415318018,'用户头像',2,'com.ruoyi.system.controller.system.SysProfileController.avatar()','POST',1,'admin','研发部门','/system/user/profile/avatar','0:0:0:0:0:0:0:1','内网IP','','{\"code\":200,\"msg\":\"操作成功\",\"data\":{\"imgUrl\":\"/upload/avatar/1_1764391434113.jpg\"}}',1,'','2025-11-29 12:43:54'),(1994629081697099778,'用户头像',2,'com.ruoyi.system.controller.system.SysProfileController.avatar()','POST',1,'admin','研发部门','/system/user/profile/avatar','0:0:0:0:0:0:0:1','内网IP','','{\"code\":200,\"msg\":\"操作成功\",\"data\":{\"imgUrl\":\"/upload/avatar/1_1764391606063.jpg\"}}',1,'','2025-11-29 12:46:46'),(1994630436721577985,'用户头像',2,'com.ruoyi.system.controller.system.SysProfileController.avatar()','POST',1,'admin','研发部门','/system/user/profile/avatar','0:0:0:0:0:0:0:1','内网IP','','{\"code\":200,\"msg\":\"操作成功\",\"data\":{\"imgUrl\":\"/upload/avatar/1_1764391929118.jpg\"}}',1,'','2025-11-29 12:52:09'),(1994631737350086658,'用户头像',2,'com.ruoyi.system.controller.system.SysProfileController.avatar()','POST',1,'admin','研发部门','/system/user/profile/avatar','0:0:0:0:0:0:0:1','内网IP','','{\"code\":200,\"msg\":\"操作成功\",\"data\":{\"imgUrl\":\"/upload/avatar/1_1764392238934.jpg\"}}',1,'','2025-11-29 12:57:19'),(1994632899495223298,'用户头像',2,'com.ruoyi.system.controller.system.SysProfileController.avatar()','POST',1,'admin','研发部门','/system/user/profile/avatar','0:0:0:0:0:0:0:1','内网IP','','{\"code\":200,\"msg\":\"操作成功\",\"data\":{\"imgUrl\":\"/upload/avatar/1_1764392516269.jpg\"}}',1,'','2025-11-29 13:01:56'),(1994633904035278849,'用户头像',2,'com.ruoyi.system.controller.system.SysProfileController.avatar()','POST',1,'admin','研发部门','/system/user/profile/avatar','0:0:0:0:0:0:0:1','内网IP','','{\"code\":200,\"msg\":\"操作成功\",\"data\":{\"imgUrl\":\"/upload/avatar/1_1764392755825.jpg\"}}',1,'','2025-11-29 13:05:56'),(1994635295097171970,'用户头像',2,'com.ruoyi.system.controller.system.SysProfileController.avatar()','POST',1,'admin','研发部门','/system/user/profile/avatar','0:0:0:0:0:0:0:1','内网IP','','{\"code\":200,\"msg\":\"操作成功\",\"data\":{\"imgUrl\":\"/upload/avatar/1_1764393087512.jpg\"}}',1,'','2025-11-29 13:11:28'),(1994637251526008834,'物料',2,'com.ruoyi.wms.controller.ItemController.edit()','PUT',1,'admin','研发部门','/wms/item','0:0:0:0:0:0:0:1','内网IP','{\"createBy\":null,\"createTime\":null,\"updateBy\":null,\"updateTime\":null,\"id\":\"1829399118040723467\",\"ids\":null,\"itemCode\":\"ITEM0020\",\"itemName\":\"vivo X100\",\"itemCategory\":\"1828364988754595841\",\"unit\":\"台\",\"itemBrand\":\"1828407291103842311\",\"remark\":\"拍照手机\",\"sku\":[{\"createBy\":null,\"createTime\":null,\"updateBy\":null,\"updateTime\":null,\"id\":\"1829399118304964656\",\"skuName\":\"规格-蓝色\",\"itemId\":\"1829399118040723467\",\"barcode\":\"BC1829399118005\",\"skuCode\":\"SKU182939005\",\"length\":\"50.3\",\"width\":\"24.5\",\"height\":\"17.0\",\"grossWeight\":\"3.194\",\"netWeight\":\"3.900\",\"costPrice\":\"4515.73\",\"sellingPrice\":\"4446.30\",\"minStock\":\"103\",\"itemName\":null,\"itemCode\":null,\"itemCategory\":null,\"itemBrand\":null},{\"createBy\":null,\"createTime\":null,\"updateBy\":null,\"updateTime\":null,\"id\":\"1829399118304964657\",\"skuName\":\"规格-金色\",\"itemId\":\"1829399118040723467\",\"barcode\":\"BC1829399118004\",\"skuCode\":\"SKU182939004\",\"length\":\"45.3\",\"width\":\"32.1\",\"height\":\"8.4\",\"grossWeight\":\"3.642\",\"netWeight\":\"2.852\",\"costPrice\":\"1625.52\",\"sellingPrice\":\"3818.16\",\"minStock\":\"24\",\"itemName\":null,\"itemCode\":null,\"itemCategory\":null,\"itemBrand\":null},{\"createBy\":null,\"createTime\":null,\"updateBy\":null,\"updateTime\":null,\"id\":\"1829399118304964658\",\"skuName\":\"规格-银色\",\"itemId\":\"1829399118040723467\",\"barcode\":\"BC1829399118003\",\"skuCode\":\"SKU182939003\",\"length\":\"63.7\",\"width\":\"38.3\",\"height\":\"6.8\",\"grossWeight\":\"3.658\",\"netWeight\":\"3.831\",\"costPrice\":\"2696.12\",\"sellingPrice\":\"5836.17\",\"minStock\":\"28\",\"itemName\":null,\"itemCode\":null,\"itemCategory\":null,\"itemBrand\":null},{\"createBy\":null,\"createTime\":null,\"updateBy\":null,\"updateTime\":null,\"id\":\"1829399118304964659\",\"skuName\":\"规格-白色\",\"itemId\":\"1829399118040723467\",\"barcode\":\"BC1829399118002\",\"skuCode\":\"SKU182939002\",\"length\":\"23\",\"width\":\"32.9\",\"height\":\"17.6\",\"grossWeight\":\"4.767\",\"netWeight\":\"1.832\",\"costPrice\":\"1872.66\",\"sellingPrice\":\"3893.42\",\"minStock\":\"15\",\"itemName\":null,\"itemCode\":null,\"itemCategory\":null,\"itemBrand\":null},{\"createBy\":null,\"createTime\":null,\"updateBy\":null,\"updateTime\":nu','{\"code\":200,\"msg\":\"操作成功\",\"data\":null}',1,'','2025-11-29 13:19:14'),(1994637356442329090,'物料',2,'com.ruoyi.wms.controller.ItemController.edit()','PUT',1,'admin','研发部门','/wms/item','0:0:0:0:0:0:0:1','内网IP','{\"createBy\":null,\"createTime\":null,\"updateBy\":null,\"updateTime\":null,\"id\":\"1829399118040723466\",\"ids\":null,\"itemCode\":\"ITEM0019\",\"itemName\":\"TCL电视75Q10G\",\"itemCategory\":\"1828405743737016322\",\"unit\":\"台\",\"itemBrand\":\"1828407291103842316\",\"remark\":\"75寸QLED电视\",\"sku\":[{\"createBy\":null,\"createTime\":null,\"updateBy\":null,\"updateTime\":null,\"id\":\"1829399118304964651\",\"skuName\":\"尺寸-蓝色\",\"itemId\":\"1829399118040723466\",\"barcode\":\"BC1829399118005\",\"skuCode\":\"SKU182939005\",\"length\":\"66.4\",\"width\":\"13.7\",\"height\":\"21.7\",\"grossWeight\":\"4.493\",\"netWeight\":\"2.260\",\"costPrice\":\"374.62\",\"sellingPrice\":\"4975.73\",\"minStock\":\"1\",\"itemName\":null,\"itemCode\":null,\"itemCategory\":null,\"itemBrand\":null},{\"createBy\":null,\"createTime\":null,\"updateBy\":null,\"updateTime\":null,\"id\":\"1829399118304964652\",\"skuName\":\"尺寸-金色\",\"itemId\":\"1829399118040723466\",\"barcode\":\"BC1829399118004\",\"skuCode\":\"SKU182939004\",\"length\":\"63.5\",\"width\":\"33.5\",\"height\":\"11\",\"grossWeight\":\"1.267\",\"netWeight\":\"3.769\",\"costPrice\":\"4479.41\",\"sellingPrice\":\"4815.52\",\"minStock\":\"1\",\"itemName\":null,\"itemCode\":null,\"itemCategory\":null,\"itemBrand\":null},{\"createBy\":null,\"createTime\":null,\"updateBy\":null,\"updateTime\":null,\"id\":\"1829399118304964653\",\"skuName\":\"尺寸-银色\",\"itemId\":\"1829399118040723466\",\"barcode\":\"BC1829399118003\",\"skuCode\":\"SKU182939003\",\"length\":\"68.4\",\"width\":\"11.9\",\"height\":\"13.1\",\"grossWeight\":\"4.723\",\"netWeight\":\"0.314\",\"costPrice\":\"2521.07\",\"sellingPrice\":\"2612.04\",\"minStock\":\"1\",\"itemName\":null,\"itemCode\":null,\"itemCategory\":null,\"itemBrand\":null},{\"createBy\":null,\"createTime\":null,\"updateBy\":null,\"updateTime\":null,\"id\":\"1829399118304964654\",\"skuName\":\"尺寸-白色\",\"itemId\":\"1829399118040723466\",\"barcode\":\"BC1829399118002\",\"skuCode\":\"SKU182939002\",\"length\":\"58.2\",\"width\":\"10.7\",\"height\":\"21.6\",\"grossWeight\":\"0.845\",\"netWeight\":\"3.741\",\"costPrice\":\"569.22\",\"sellingPrice\":\"5481.71\",\"minStock\":\"1\",\"itemName\":null,\"itemCode\":null,\"itemCategory\":null,\"itemBrand\":null},{\"createBy\":null,\"createTime\":null,\"updateBy\":null,\"updateTime\":','{\"code\":200,\"msg\":\"操作成功\",\"data\":null}',1,'','2025-11-29 13:19:39'),(1994645260079808514,'用户管理',2,'com.ruoyi.system.controller.system.SysUserController.changeStatus()','PUT',1,'admin','研发部门','/system/user/changeStatus','0:0:0:0:0:0:0:1','内网IP','{\"createBy\":null,\"createTime\":null,\"updateBy\":null,\"updateTime\":null,\"userId\":\"1994644783506210817\",\"deptId\":null,\"userName\":null,\"nickName\":null,\"userType\":null,\"email\":null,\"phonenumber\":null,\"sex\":null,\"avatar\":null,\"status\":\"1\",\"delFlag\":null,\"loginIp\":null,\"loginDate\":null,\"remark\":null,\"dept\":null,\"roles\":null,\"roleIds\":null,\"postIds\":null,\"roleId\":null,\"admin\":false}','{\"code\":200,\"msg\":\"操作成功\",\"data\":null}',1,'','2025-11-29 13:51:03'),(1994645315754999809,'用户管理',2,'com.ruoyi.system.controller.system.SysUserController.edit()','PUT',1,'admin','研发部门','/system/user','0:0:0:0:0:0:0:1','内网IP','{\"createBy\":null,\"createTime\":\"2025-11-29 13:49:10\",\"updateBy\":null,\"updateTime\":null,\"userId\":\"1994644783506210817\",\"deptId\":100,\"userName\":\"wzp\",\"nickName\":\"wzp\",\"userType\":\"sys_user\",\"email\":\"\",\"phonenumber\":\"\",\"sex\":\"0\",\"avatar\":\"\",\"status\":\"1\",\"delFlag\":\"0\",\"loginIp\":\"\",\"loginDate\":null,\"remark\":null,\"dept\":null,\"roles\":[],\"roleIds\":[],\"postIds\":[4],\"roleId\":null,\"admin\":false}','{\"code\":200,\"msg\":\"操作成功\",\"data\":null}',1,'','2025-11-29 13:51:17');
/*!40000 ALTER TABLE `sys_oper_log` ENABLE KEYS */;
UNLOCK TABLES;

--
-- Table structure for table `sys_oss`
--

DROP TABLE IF EXISTS `sys_oss`;
/*!40101 SET @saved_cs_client     = @@character_set_client */;
/*!50503 SET character_set_client = utf8mb4 */;
CREATE TABLE `sys_oss` (
  `oss_id` bigint NOT NULL COMMENT '对象存储主键',
  `file_name` varchar(255) CHARACTER SET utf8mb4 COLLATE utf8mb4_general_ci NOT NULL DEFAULT '' COMMENT '文件名',
  `original_name` varchar(255) CHARACTER SET utf8mb4 COLLATE utf8mb4_general_ci NOT NULL DEFAULT '' COMMENT '原名',
  `file_suffix` varchar(10) CHARACTER SET utf8mb4 COLLATE utf8mb4_general_ci NOT NULL DEFAULT '' COMMENT '文件后缀名',
  `url` varchar(500) CHARACTER SET utf8mb4 COLLATE utf8mb4_general_ci NOT NULL COMMENT 'URL地址',
  `create_time` datetime DEFAULT NULL COMMENT '创建时间',
  `create_by` varchar(64) CHARACTER SET utf8mb4 COLLATE utf8mb4_general_ci DEFAULT '' COMMENT '上传人',
  `update_time` datetime DEFAULT NULL COMMENT '更新时间',
  `update_by` varchar(64) CHARACTER SET utf8mb4 COLLATE utf8mb4_general_ci DEFAULT '' COMMENT '更新人',
  `service` varchar(20) CHARACTER SET utf8mb4 COLLATE utf8mb4_general_ci NOT NULL DEFAULT 'minio' COMMENT '服务商',
  PRIMARY KEY (`oss_id`) USING BTREE
) ENGINE=InnoDB DEFAULT CHARSET=utf8mb4 COLLATE=utf8mb4_general_ci ROW_FORMAT=DYNAMIC COMMENT='OSS对象存储表';
/*!40101 SET character_set_client = @saved_cs_client */;

--
-- Dumping data for table `sys_oss`
--

LOCK TABLES `sys_oss` WRITE;
/*!40000 ALTER TABLE `sys_oss` DISABLE KEYS */;
/*!40000 ALTER TABLE `sys_oss` ENABLE KEYS */;
UNLOCK TABLES;

--
-- Table structure for table `sys_oss_config`
--

DROP TABLE IF EXISTS `sys_oss_config`;
/*!40101 SET @saved_cs_client     = @@character_set_client */;
/*!50503 SET character_set_client = utf8mb4 */;
CREATE TABLE `sys_oss_config` (
  `oss_config_id` bigint NOT NULL COMMENT '主建',
  `config_key` varchar(20) CHARACTER SET utf8mb4 COLLATE utf8mb4_general_ci NOT NULL DEFAULT '' COMMENT '配置key',
  `access_key` varchar(255) CHARACTER SET utf8mb4 COLLATE utf8mb4_general_ci DEFAULT '' COMMENT 'accessKey',
  `secret_key` varchar(255) CHARACTER SET utf8mb4 COLLATE utf8mb4_general_ci DEFAULT '' COMMENT '秘钥',
  `bucket_name` varchar(255) CHARACTER SET utf8mb4 COLLATE utf8mb4_general_ci DEFAULT '' COMMENT '桶名称',
  `prefix` varchar(255) CHARACTER SET utf8mb4 COLLATE utf8mb4_general_ci DEFAULT '' COMMENT '前缀',
  `endpoint` varchar(255) CHARACTER SET utf8mb4 COLLATE utf8mb4_general_ci DEFAULT '' COMMENT '访问站点',
  `domain` varchar(255) CHARACTER SET utf8mb4 COLLATE utf8mb4_general_ci DEFAULT '' COMMENT '自定义域名',
  `is_https` char(1) CHARACTER SET utf8mb4 COLLATE utf8mb4_general_ci DEFAULT 'N' COMMENT '是否https（Y=是,N=否）',
  `region` varchar(255) CHARACTER SET utf8mb4 COLLATE utf8mb4_general_ci DEFAULT '' COMMENT '域',
  `access_policy` char(1) CHARACTER SET utf8mb4 COLLATE utf8mb4_general_ci NOT NULL DEFAULT '1' COMMENT '桶权限类型(0=private 1=public 2=custom)',
  `status` char(1) CHARACTER SET utf8mb4 COLLATE utf8mb4_general_ci DEFAULT '1' COMMENT '是否默认（0=是,1=否）',
  `ext1` varchar(255) CHARACTER SET utf8mb4 COLLATE utf8mb4_general_ci DEFAULT '' COMMENT '扩展字段',
  `create_by` varchar(64) CHARACTER SET utf8mb4 COLLATE utf8mb4_general_ci DEFAULT '' COMMENT '创建者',
  `create_time` datetime DEFAULT NULL COMMENT '创建时间',
  `update_by` varchar(64) CHARACTER SET utf8mb4 COLLATE utf8mb4_general_ci DEFAULT '' COMMENT '更新者',
  `update_time` datetime DEFAULT NULL COMMENT '更新时间',
  `remark` varchar(500) CHARACTER SET utf8mb4 COLLATE utf8mb4_general_ci DEFAULT NULL COMMENT '备注',
  PRIMARY KEY (`oss_config_id`) USING BTREE
) ENGINE=InnoDB DEFAULT CHARSET=utf8mb4 COLLATE=utf8mb4_general_ci ROW_FORMAT=DYNAMIC COMMENT='对象存储配置表';
/*!40101 SET character_set_client = @saved_cs_client */;

--
-- Dumping data for table `sys_oss_config`
--

LOCK TABLES `sys_oss_config` WRITE;
/*!40000 ALTER TABLE `sys_oss_config` DISABLE KEYS */;
INSERT INTO `sys_oss_config` VALUES (1,'minio','ruoyi','ruoyi123','ruoyi','','127.0.0.1:9000','','N','','1','0','','admin','2024-06-13 16:06:38','admin','2024-08-16 16:48:05',NULL),(2,'qiniu','XXXXXXXXXXXXXXX','XXXXXXXXXXXXXXX','ruoyi','','s3-cn-north-1.qiniucs.com','','N','','1','0','','admin','2024-06-13 16:06:38','admin','2024-06-13 16:06:38',NULL),(3,'aliyun','XXXXXXXXXXXXXXX','XXXXXXXXXXXXXXX','ruoyi','','oss-cn-beijing.aliyuncs.com','','N','','1','0','','admin','2024-06-13 16:06:38','admin','2024-07-10 17:50:41',NULL),(4,'qcloud','XXXXXXXXXXXXXXX','XXXXXXXXXXXXXXX','ruoyi-1250000000','','cos.ap-beijing.myqcloud.com','','N','ap-beijing','1','0','','admin','2024-06-13 16:06:38','admin','2024-06-13 16:06:38',NULL),(5,'image','ruoyi','ruoyi123','ruoyi','image','127.0.0.1:9000','','N','','1','0','','admin','2024-06-13 16:06:38','admin','2024-06-13 16:06:38',NULL);
/*!40000 ALTER TABLE `sys_oss_config` ENABLE KEYS */;
UNLOCK TABLES;

--
-- Table structure for table `sys_post`
--

DROP TABLE IF EXISTS `sys_post`;
/*!40101 SET @saved_cs_client     = @@character_set_client */;
/*!50503 SET character_set_client = utf8mb4 */;
CREATE TABLE `sys_post` (
  `post_id` bigint NOT NULL COMMENT '岗位ID',
  `post_code` varchar(64) CHARACTER SET utf8mb4 COLLATE utf8mb4_general_ci NOT NULL COMMENT '岗位编码',
  `post_name` varchar(50) CHARACTER SET utf8mb4 COLLATE utf8mb4_general_ci NOT NULL COMMENT '岗位名称',
  `post_sort` int NOT NULL COMMENT '显示顺序',
  `status` char(1) CHARACTER SET utf8mb4 COLLATE utf8mb4_general_ci NOT NULL COMMENT '状态（0正常 1停用）',
  `create_by` varchar(64) CHARACTER SET utf8mb4 COLLATE utf8mb4_general_ci DEFAULT '' COMMENT '创建者',
  `create_time` datetime DEFAULT NULL COMMENT '创建时间',
  `update_by` varchar(64) CHARACTER SET utf8mb4 COLLATE utf8mb4_general_ci DEFAULT '' COMMENT '更新者',
  `update_time` datetime DEFAULT NULL COMMENT '更新时间',
  `remark` varchar(500) CHARACTER SET utf8mb4 COLLATE utf8mb4_general_ci DEFAULT NULL COMMENT '备注',
  PRIMARY KEY (`post_id`) USING BTREE
) ENGINE=InnoDB DEFAULT CHARSET=utf8mb4 COLLATE=utf8mb4_general_ci ROW_FORMAT=DYNAMIC COMMENT='岗位信息表';
/*!40101 SET character_set_client = @saved_cs_client */;

--
-- Dumping data for table `sys_post`
--

LOCK TABLES `sys_post` WRITE;
/*!40000 ALTER TABLE `sys_post` DISABLE KEYS */;
INSERT INTO `sys_post` VALUES (1,'ceo','董事长',1,'1','admin','2024-06-13 16:06:25','',NULL,''),(2,'se','项目经理',2,'1','admin','2024-06-13 16:06:25','',NULL,''),(3,'hr','人力资源',3,'1','admin','2024-06-13 16:06:25','',NULL,''),(4,'user','普通员工',4,'1','admin','2024-06-13 16:06:25','',NULL,''),(1811656351757385729,'caiwu8989','财务',5,'1','admin','2024-07-12 22:58:28','admin','2024-07-12 14:58:38',NULL);
/*!40000 ALTER TABLE `sys_post` ENABLE KEYS */;
UNLOCK TABLES;

--
-- Table structure for table `sys_role`
--

DROP TABLE IF EXISTS `sys_role`;
/*!40101 SET @saved_cs_client     = @@character_set_client */;
/*!50503 SET character_set_client = utf8mb4 */;
CREATE TABLE `sys_role` (
  `role_id` bigint NOT NULL COMMENT '角色ID',
  `role_name` varchar(30) CHARACTER SET utf8mb4 COLLATE utf8mb4_general_ci NOT NULL COMMENT '角色名称',
  `role_key` varchar(100) CHARACTER SET utf8mb4 COLLATE utf8mb4_general_ci NOT NULL COMMENT '角色权限字符串',
  `role_sort` int NOT NULL COMMENT '显示顺序',
  `data_scope` char(1) CHARACTER SET utf8mb4 COLLATE utf8mb4_general_ci DEFAULT '1' COMMENT '数据范围（1：全部数据权限 2：自定数据权限 3：本部门数据权限 4：本部门及以下数据权限）',
  `menu_check_strictly` tinyint(1) DEFAULT '1' COMMENT '菜单树选择项是否关联显示',
  `dept_check_strictly` tinyint(1) DEFAULT '1' COMMENT '部门树选择项是否关联显示',
  `status` char(1) CHARACTER SET utf8mb4 COLLATE utf8mb4_general_ci NOT NULL COMMENT '角色状态（0正常 1停用）',
  `del_flag` char(1) CHARACTER SET utf8mb4 COLLATE utf8mb4_general_ci DEFAULT '0' COMMENT '删除标志（0代表存在 2代表删除）',
  `create_by` varchar(64) CHARACTER SET utf8mb4 COLLATE utf8mb4_general_ci DEFAULT '' COMMENT '创建者',
  `create_time` datetime DEFAULT NULL COMMENT '创建时间',
  `update_by` varchar(64) CHARACTER SET utf8mb4 COLLATE utf8mb4_general_ci DEFAULT '' COMMENT '更新者',
  `update_time` datetime DEFAULT NULL COMMENT '更新时间',
  `remark` varchar(500) CHARACTER SET utf8mb4 COLLATE utf8mb4_general_ci DEFAULT NULL COMMENT '备注',
  PRIMARY KEY (`role_id`) USING BTREE
) ENGINE=InnoDB DEFAULT CHARSET=utf8mb4 COLLATE=utf8mb4_general_ci ROW_FORMAT=DYNAMIC COMMENT='角色信息表';
/*!40101 SET character_set_client = @saved_cs_client */;

--
-- Dumping data for table `sys_role`
--

LOCK TABLES `sys_role` WRITE;
/*!40000 ALTER TABLE `sys_role` DISABLE KEYS */;
INSERT INTO `sys_role` VALUES (1,'超级管理员','admin',1,'1',1,1,'1','0','admin','2024-06-13 16:06:26','',NULL,'超级管理员'),(2,'普通角色','common',2,'2',1,1,'1','1','admin','2024-06-13 16:06:26','admin','2024-07-10 17:13:05','普通角色'),(1811607750859661314,'测试角色1','test1',2,'1',1,1,'1','1','admin','2024-07-12 11:45:21','admin','2024-07-12 11:45:21',NULL),(1811629311809396737,'测试角色2','test2',3,'1',1,1,'1','1','admin','2024-07-12 13:11:01','admin','2024-07-12 13:11:01',NULL),(1829105952432427010,'试用','trier',0,'1',1,1,'1','0','admin','2024-08-29 18:36:57','admin','2024-08-30 10:51:57',NULL);
/*!40000 ALTER TABLE `sys_role` ENABLE KEYS */;
UNLOCK TABLES;

--
-- Table structure for table `sys_role_dept`
--

DROP TABLE IF EXISTS `sys_role_dept`;
/*!40101 SET @saved_cs_client     = @@character_set_client */;
/*!50503 SET character_set_client = utf8mb4 */;
CREATE TABLE `sys_role_dept` (
  `role_id` bigint NOT NULL COMMENT '角色ID',
  `dept_id` bigint NOT NULL COMMENT '部门ID',
  PRIMARY KEY (`role_id`,`dept_id`) USING BTREE
) ENGINE=InnoDB DEFAULT CHARSET=utf8mb4 COLLATE=utf8mb4_general_ci ROW_FORMAT=DYNAMIC COMMENT='角色和部门关联表';
/*!40101 SET character_set_client = @saved_cs_client */;

--
-- Dumping data for table `sys_role_dept`
--

LOCK TABLES `sys_role_dept` WRITE;
/*!40000 ALTER TABLE `sys_role_dept` DISABLE KEYS */;
/*!40000 ALTER TABLE `sys_role_dept` ENABLE KEYS */;
UNLOCK TABLES;

--
-- Table structure for table `sys_role_menu`
--

DROP TABLE IF EXISTS `sys_role_menu`;
/*!40101 SET @saved_cs_client     = @@character_set_client */;
/*!50503 SET character_set_client = utf8mb4 */;
CREATE TABLE `sys_role_menu` (
  `role_id` bigint NOT NULL COMMENT '角色ID',
  `menu_id` bigint NOT NULL COMMENT '菜单ID',
  PRIMARY KEY (`role_id`,`menu_id`) USING BTREE
) ENGINE=InnoDB DEFAULT CHARSET=utf8mb4 COLLATE=utf8mb4_general_ci ROW_FORMAT=DYNAMIC COMMENT='角色和菜单关联表';
/*!40101 SET character_set_client = @saved_cs_client */;

--
-- Dumping data for table `sys_role_menu`
--

LOCK TABLES `sys_role_menu` WRITE;
/*!40000 ALTER TABLE `sys_role_menu` DISABLE KEYS */;
INSERT INTO `sys_role_menu` VALUES (1829105952432427010,1808758090157985794),(1829105952432427010,1809059968309743618),(1829105952432427010,1809059968309743619),(1829105952432427010,1813458070128599041),(1829105952432427010,1813820131794837506),(1829105952432427010,1815207165755183105),(1829105952432427010,1818123963605549057),(1829105952432427010,1818466281474822145),(1829105952432427010,1818854933803638785),(1829105952432427010,1818855673632727042),(1829105952432427010,1820729144067321858),(1829105952432427010,1821075355068559361),(1829105952432427010,1822820194307051521),(1829105952432427010,1822862323595145218),(1829105952432427010,1823187248797270018),(1829105952432427010,1823190638784757762),(1829105952432427010,1825769009480142850),(1829105952432427010,1829349433573822466),(1829105952432427010,1829350164603260929),(1829105952432427010,1829351081448755202);
/*!40000 ALTER TABLE `sys_role_menu` ENABLE KEYS */;
UNLOCK TABLES;

--
-- Table structure for table `sys_user`
--

DROP TABLE IF EXISTS `sys_user`;
/*!40101 SET @saved_cs_client     = @@character_set_client */;
/*!50503 SET character_set_client = utf8mb4 */;
CREATE TABLE `sys_user` (
  `user_id` bigint NOT NULL COMMENT '用户ID',
  `dept_id` bigint DEFAULT NULL COMMENT '部门ID',
  `user_name` varchar(30) CHARACTER SET utf8mb4 COLLATE utf8mb4_general_ci NOT NULL COMMENT '用户账号',
  `nick_name` varchar(30) CHARACTER SET utf8mb4 COLLATE utf8mb4_general_ci NOT NULL COMMENT '用户昵称',
  `user_type` varchar(10) CHARACTER SET utf8mb4 COLLATE utf8mb4_general_ci DEFAULT 'sys_user' COMMENT '用户类型（sys_user系统用户）',
  `email` varchar(50) CHARACTER SET utf8mb4 COLLATE utf8mb4_general_ci DEFAULT '' COMMENT '用户邮箱',
  `phonenumber` varchar(11) CHARACTER SET utf8mb4 COLLATE utf8mb4_general_ci DEFAULT '' COMMENT '手机号码',
  `sex` char(1) CHARACTER SET utf8mb4 COLLATE utf8mb4_general_ci DEFAULT '0' COMMENT '用户性别（0男 1女 2未知）',
  `avatar` varchar(100) CHARACTER SET utf8mb4 COLLATE utf8mb4_general_ci DEFAULT '' COMMENT '头像地址',
  `password` varchar(100) CHARACTER SET utf8mb4 COLLATE utf8mb4_general_ci DEFAULT '' COMMENT '密码',
  `status` char(1) CHARACTER SET utf8mb4 COLLATE utf8mb4_general_ci DEFAULT '0' COMMENT '帐号状态（0正常 1停用）',
  `del_flag` char(1) CHARACTER SET utf8mb4 COLLATE utf8mb4_general_ci DEFAULT '0' COMMENT '删除标志（0代表存在 2代表删除）',
  `login_ip` varchar(128) CHARACTER SET utf8mb4 COLLATE utf8mb4_general_ci DEFAULT '' COMMENT '最后登录IP',
  `login_date` datetime DEFAULT NULL COMMENT '最后登录时间',
  `create_by` varchar(64) CHARACTER SET utf8mb4 COLLATE utf8mb4_general_ci DEFAULT '' COMMENT '创建者',
  `create_time` datetime DEFAULT NULL COMMENT '创建时间',
  `update_by` varchar(64) CHARACTER SET utf8mb4 COLLATE utf8mb4_general_ci DEFAULT '' COMMENT '更新者',
  `update_time` datetime DEFAULT NULL COMMENT '更新时间',
  `remark` varchar(500) CHARACTER SET utf8mb4 COLLATE utf8mb4_general_ci DEFAULT NULL COMMENT '备注',
  PRIMARY KEY (`user_id`) USING BTREE
) ENGINE=InnoDB DEFAULT CHARSET=utf8mb4 COLLATE=utf8mb4_general_ci ROW_FORMAT=DYNAMIC COMMENT='用户信息表';
/*!40101 SET character_set_client = @saved_cs_client */;

--
-- Dumping data for table `sys_user`
--

LOCK TABLES `sys_user` WRITE;
/*!40000 ALTER TABLE `sys_user` DISABLE KEYS */;
INSERT INTO `sys_user` VALUES (1,103,'admin','wzp','sys_user','wzp123456789@2925.com','15575782550','0','/upload/avatar/1_1764393087512.jpg','$2a$10$7JB720yubVSZvUI0rEqK/.VqGOZTH.ulu33dHOiBE8ByOhJIrdAu2','1','0','0:0:0:0:0:0:0:1','2025-11-29 13:50:46','admin','2024-06-13 16:06:25','admin','2025-11-29 13:50:46','管理员'),(1829105396288688129,105,'kucun','kucun','sys_user','','','0','','$2a$10$jpbgHXxmB9nszkvhixjaQuwQtXcq7XJrqFaFpev/93WvaWa/oEpGy','1','0','127.0.0.1','2024-08-30 13:54:01','admin','2024-08-29 18:34:44','kucun','2024-08-30 13:54:01',NULL),(1994644783506210817,100,'wzp','wzp','sys_user','','','0','','$2a$10$vCB5BsHZl3jpTL6XgOP8nOOSQd9kPWuAY7vbzioV7A7KGGdx5yf6a','1','0','',NULL,'wzp','2025-11-29 13:49:10','admin','2025-11-29 13:51:17',NULL);
/*!40000 ALTER TABLE `sys_user` ENABLE KEYS */;
UNLOCK TABLES;

--
-- Table structure for table `sys_user_post`
--

DROP TABLE IF EXISTS `sys_user_post`;
/*!40101 SET @saved_cs_client     = @@character_set_client */;
/*!50503 SET character_set_client = utf8mb4 */;
CREATE TABLE `sys_user_post` (
  `user_id` bigint NOT NULL COMMENT '用户ID',
  `post_id` bigint NOT NULL COMMENT '岗位ID',
  PRIMARY KEY (`user_id`,`post_id`) USING BTREE
) ENGINE=InnoDB DEFAULT CHARSET=utf8mb4 COLLATE=utf8mb4_general_ci ROW_FORMAT=DYNAMIC COMMENT='用户与岗位关联表';
/*!40101 SET character_set_client = @saved_cs_client */;

--
-- Dumping data for table `sys_user_post`
--

LOCK TABLES `sys_user_post` WRITE;
/*!40000 ALTER TABLE `sys_user_post` DISABLE KEYS */;
INSERT INTO `sys_user_post` VALUES (1,1),(1994644783506210817,4);
/*!40000 ALTER TABLE `sys_user_post` ENABLE KEYS */;
UNLOCK TABLES;

--
-- Table structure for table `sys_user_role`
--

DROP TABLE IF EXISTS `sys_user_role`;
/*!40101 SET @saved_cs_client     = @@character_set_client */;
/*!50503 SET character_set_client = utf8mb4 */;
CREATE TABLE `sys_user_role` (
  `user_id` bigint NOT NULL COMMENT '用户ID',
  `role_id` bigint NOT NULL COMMENT '角色ID',
  PRIMARY KEY (`user_id`,`role_id`) USING BTREE
) ENGINE=InnoDB DEFAULT CHARSET=utf8mb4 COLLATE=utf8mb4_general_ci ROW_FORMAT=DYNAMIC COMMENT='用户和角色关联表';
/*!40101 SET character_set_client = @saved_cs_client */;

--
-- Dumping data for table `sys_user_role`
--

LOCK TABLES `sys_user_role` WRITE;
/*!40000 ALTER TABLE `sys_user_role` DISABLE KEYS */;
INSERT INTO `sys_user_role` VALUES (1,1),(1829105396288688129,1829105952432427010);
/*!40000 ALTER TABLE `sys_user_role` ENABLE KEYS */;
UNLOCK TABLES;

--
-- Table structure for table `wms_area`
--

DROP TABLE IF EXISTS `wms_area`;
/*!40101 SET @saved_cs_client     = @@character_set_client */;
/*!50503 SET character_set_client = utf8mb4 */;
CREATE TABLE `wms_area` (
  `id` bigint NOT NULL AUTO_INCREMENT,
  `area_code` varchar(20) CHARACTER SET utf8mb4 COLLATE utf8mb4_general_ci DEFAULT NULL COMMENT '编号',
  `area_name` varchar(60) CHARACTER SET utf8mb4 COLLATE utf8mb4_general_ci NOT NULL COMMENT '名称',
  `warehouse_id` bigint NOT NULL COMMENT '所属仓库ID',
  `remark` varchar(255) CHARACTER SET utf8mb4 COLLATE utf8mb4_general_ci DEFAULT NULL COMMENT '备注',
  `del_flag` tinyint NOT NULL DEFAULT '0' COMMENT '删除标识',
  `create_by` varchar(64) CHARACTER SET utf8mb4 COLLATE utf8mb4_general_ci DEFAULT NULL COMMENT '创建人',
  `create_time` datetime(3) DEFAULT NULL COMMENT '创建时间',
  `update_by` varchar(64) CHARACTER SET utf8mb4 COLLATE utf8mb4_general_ci DEFAULT NULL COMMENT '修改人',
  `update_time` datetime(3) DEFAULT NULL COMMENT '修改时间',
  PRIMARY KEY (`id`) USING BTREE
) ENGINE=InnoDB AUTO_INCREMENT=1992783170301874210 DEFAULT CHARSET=utf8mb4 COLLATE=utf8mb4_general_ci ROW_FORMAT=DYNAMIC COMMENT='库区';
/*!40101 SET character_set_client = @saved_cs_client */;

--
-- Dumping data for table `wms_area`
--

LOCK TABLES `wms_area` WRITE;
/*!40000 ALTER TABLE `wms_area` DISABLE KEYS */;
INSERT INTO `wms_area` VALUES (1992782571778887681,'1.1','库区1',1992782506943336450,NULL,0,'admin','2025-11-24 10:29:23.891','admin','2025-11-24 10:30:30.795'),(1992782816625577985,'2.1','库区1',1992782642801037314,NULL,0,'admin','2025-11-24 10:30:22.262','admin','2025-11-24 10:30:22.262'),(1992782919415386113,'3.1','库区1',1992782691492712450,NULL,0,'admin','2025-11-24 10:30:46.773','admin','2025-11-24 10:30:46.773'),(1992782981247815681,'1.2','仓库2',1992782506943336450,NULL,0,'admin','2025-11-24 10:31:01.510','admin','2025-11-24 10:31:01.510'),(1992783013086777345,'1.3','仓库3',1992782506943336450,NULL,0,'admin','2025-11-24 10:31:09.095','admin','2025-11-24 10:31:09.095'),(1992783053003968514,'2.2','仓库2',1992782642801037314,NULL,0,'admin','2025-11-24 10:31:18.618','admin','2025-11-24 10:31:18.618'),(1992783095370633217,'2.3','库区3',1992782642801037314,NULL,0,'admin','2025-11-24 10:31:28.720','admin','2025-11-24 10:31:28.720'),(1992783136567087105,'3.2','库区2',1992782691492712450,NULL,0,'admin','2025-11-24 10:31:38.535','admin','2025-11-24 10:31:38.535'),(1992783170301874177,'3.3','库区3',1992782691492712450,NULL,0,'admin','2025-11-24 10:31:46.579','admin','2025-11-24 10:31:46.579'),(1992783170301874178,'WH004.1','库区1',1992782691492712451,'属于北京中央仓库',0,'admin','2025-11-28 23:58:08.223','admin','2025-11-28 23:58:08.223'),(1992783170301874179,'WH004.2','库区2',1992782691492712451,'属于北京中央仓库',0,'admin','2025-11-28 23:58:08.223','admin','2025-11-28 23:58:08.223'),(1992783170301874180,'WH004.3','库区3',1992782691492712451,'属于北京中央仓库',0,'admin','2025-11-28 23:58:08.223','admin','2025-11-28 23:58:08.223'),(1992783170301874181,'WH004.4','库区4',1992782691492712451,'属于北京中央仓库',0,'admin','2025-11-28 23:58:08.223','admin','2025-11-28 23:58:08.223'),(1992783170301874182,'WH005.1','库区1',1992782691492712452,'属于上海浦东仓库',0,'admin','2025-11-28 23:58:08.223','admin','2025-11-28 23:58:08.223'),(1992783170301874183,'WH005.2','库区2',1992782691492712452,'属于上海浦东仓库',0,'admin','2025-11-28 23:58:08.223','admin','2025-11-28 23:58:08.223'),(1992783170301874184,'WH005.3','库区3',1992782691492712452,'属于上海浦东仓库',0,'admin','2025-11-28 23:58:08.223','admin','2025-11-28 23:58:08.223'),(1992783170301874185,'WH006.1','库区1',1992782691492712453,'属于广州白云仓库',0,'admin','2025-11-28 23:58:08.223','admin','2025-11-28 23:58:08.223'),(1992783170301874186,'WH006.2','库区2',1992782691492712453,'属于广州白云仓库',0,'admin','2025-11-28 23:58:08.223','admin','2025-11-28 23:58:08.223'),(1992783170301874187,'WH006.3','库区3',1992782691492712453,'属于广州白云仓库',0,'admin','2025-11-28 23:58:08.223','admin','2025-11-28 23:58:08.223'),(1992783170301874188,'WH006.4','库区4',1992782691492712453,'属于广州白云仓库',0,'admin','2025-11-28 23:58:08.223','admin','2025-11-28 23:58:08.223'),(1992783170301874189,'WH006.5','库区5',1992782691492712453,'属于广州白云仓库',0,'admin','2025-11-28 23:58:08.223','admin','2025-11-28 23:58:08.223'),(1992783170301874190,'WH007.1','库区1',1992782691492712454,'属于深圳南山仓库',0,'admin','2025-11-28 23:58:08.223','admin','2025-11-28 23:58:08.223'),(1992783170301874191,'WH007.2','库区2',1992782691492712454,'属于深圳南山仓库',0,'admin','2025-11-28 23:58:08.223','admin','2025-11-28 23:58:08.223'),(1992783170301874192,'WH007.3','库区3',1992782691492712454,'属于深圳南山仓库',0,'admin','2025-11-28 23:58:08.223','admin','2025-11-28 23:58:08.223'),(1992783170301874193,'WH008.1','库区1',1992782691492712455,'属于成都武侯仓库',0,'admin','2025-11-28 23:58:08.223','admin','2025-11-28 23:58:08.223'),(1992783170301874194,'WH008.2','库区2',1992782691492712455,'属于成都武侯仓库',0,'admin','2025-11-28 23:58:08.223','admin','2025-11-28 23:58:08.223'),(1992783170301874195,'WH008.3','库区3',1992782691492712455,'属于成都武侯仓库',0,'admin','2025-11-28 23:58:08.223','admin','2025-11-28 23:58:08.223'),(1992783170301874196,'WH008.4','库区4',1992782691492712455,'属于成都武侯仓库',0,'admin','2025-11-28 23:58:08.223','admin','2025-11-28 23:58:08.223'),(1992783170301874197,'WH009.1','库区1',1992782691492712456,'属于杭州西湖仓库',0,'admin','2025-11-28 23:58:08.223','admin','2025-11-28 23:58:08.223'),(1992783170301874198,'WH009.2','库区2',1992782691492712456,'属于杭州西湖仓库',0,'admin','2025-11-28 23:58:08.223','admin','2025-11-28 23:58:08.223'),(1992783170301874199,'WH009.3','库区3',1992782691492712456,'属于杭州西湖仓库',0,'admin','2025-11-28 23:58:08.223','admin','2025-11-28 23:58:08.223'),(1992783170301874200,'WH010.1','库区1',1992782691492712457,'属于武汉江汉仓库',0,'admin','2025-11-28 23:58:08.223','admin','2025-11-28 23:58:08.223'),(1992783170301874201,'WH010.2','库区2',1992782691492712457,'属于武汉江汉仓库',0,'admin','2025-11-28 23:58:08.223','admin','2025-11-28 23:58:08.223'),(1992783170301874202,'WH010.3','库区3',1992782691492712457,'属于武汉江汉仓库',0,'admin','2025-11-28 23:58:08.223','admin','2025-11-28 23:58:08.223'),(1992783170301874203,'WH010.4','库区4',1992782691492712457,'属于武汉江汉仓库',0,'admin','2025-11-28 23:58:08.223','admin','2025-11-28 23:58:08.223'),(1992783170301874204,'1.4','库区4',1992782506943336450,'补充库区',0,'admin','2025-11-28 23:58:08.223','admin','2025-11-28 23:58:08.223'),(1992783170301874205,'1.5','库区5',1992782506943336450,'补充库区',0,'admin','2025-11-28 23:58:08.223','admin','2025-11-28 23:58:08.223'),(1992783170301874206,'2.4','库区4',1992782642801037314,'补充库区',0,'admin','2025-11-28 23:58:08.223','admin','2025-11-28 23:58:08.223'),(1992783170301874207,'2.5','库区5',1992782642801037314,'补充库区',0,'admin','2025-11-28 23:58:08.223','admin','2025-11-28 23:58:08.223'),(1992783170301874208,'3.4','库区4',1992782691492712450,'补充库区',0,'admin','2025-11-28 23:58:08.223','admin','2025-11-28 23:58:08.223'),(1992783170301874209,'3.5','库区5',1992782691492712450,'补充库区',0,'admin','2025-11-28 23:58:08.223','admin','2025-11-28 23:58:08.223');
/*!40000 ALTER TABLE `wms_area` ENABLE KEYS */;
UNLOCK TABLES;

--
-- Table structure for table `wms_check_order`
--

DROP TABLE IF EXISTS `wms_check_order`;
/*!40101 SET @saved_cs_client     = @@character_set_client */;
/*!50503 SET character_set_client = utf8mb4 */;
CREATE TABLE `wms_check_order` (
  `id` bigint NOT NULL AUTO_INCREMENT,
  `check_order_no` varchar(22) CHARACTER SET utf8mb4 COLLATE utf8mb4_general_ci DEFAULT NULL COMMENT '盘点单号',
  `check_order_status` tinyint DEFAULT '11' COMMENT '库存盘点单状态 -1：作废 0：未盘库 1：已盘库',
  `check_order_total` decimal(20,2) DEFAULT NULL COMMENT '盈亏数',
  `warehouse_id` bigint DEFAULT NULL COMMENT '所属仓库',
  `area_id` bigint DEFAULT NULL COMMENT '所属库区',
  `remark` varchar(255) CHARACTER SET utf8mb4 COLLATE utf8mb4_general_ci DEFAULT NULL COMMENT '备注',
  `create_by` varchar(64) CHARACTER SET utf8mb4 COLLATE utf8mb4_general_ci DEFAULT NULL COMMENT '创建人',
  `create_time` datetime(3) DEFAULT NULL COMMENT '创建时间',
  `update_by` varchar(64) CHARACTER SET utf8mb4 COLLATE utf8mb4_general_ci DEFAULT NULL COMMENT '修改人',
  `update_time` datetime(3) DEFAULT NULL COMMENT '修改时间',
  PRIMARY KEY (`id`) USING BTREE
) ENGINE=InnoDB AUTO_INCREMENT=1828633046379339799 DEFAULT CHARSET=utf8mb4 COLLATE=utf8mb4_general_ci ROW_FORMAT=DYNAMIC COMMENT='库存盘点单据';
/*!40101 SET character_set_client = @saved_cs_client */;

--
-- Dumping data for table `wms_check_order`
--

LOCK TABLES `wms_check_order` WRITE;
/*!40000 ALTER TABLE `wms_check_order` DISABLE KEYS */;
INSERT INTO `wms_check_order` VALUES (1828633046379339779,'PD251127001',0,-11.15,1992782691492712451,1992783170301874183,'测试盘点单1','admin','2025-11-27 23:58:08.223','admin','2025-11-27 23:58:08.223'),(1828633046379339780,'PD251126002',1,-30.61,1992782691492712455,1992783170301874195,'测试盘点单2','admin','2025-11-26 23:58:08.223','admin','2025-11-26 23:58:08.223'),(1828633046379339781,'PD251125003',0,-22.62,1992782691492712452,1992783170301874208,'测试盘点单3','admin','2025-11-25 23:58:08.223','admin','2025-11-25 23:58:08.223'),(1828633046379339782,'PD251124004',0,29.61,1992782691492712452,1992783170301874186,'测试盘点单4','admin','2025-11-24 23:58:08.223','admin','2025-11-24 23:58:08.223'),(1828633046379339783,'PD251123005',0,-33.68,1992782691492712457,1992783170301874202,'测试盘点单5','admin','2025-11-23 23:58:08.223','admin','2025-11-23 23:58:08.223'),(1828633046379339784,'PD251122006',0,21.70,1992782691492712455,1992783170301874205,'测试盘点单6','admin','2025-11-22 23:58:08.223','admin','2025-11-22 23:58:08.223'),(1828633046379339785,'PD251121007',0,33.98,1992782691492712454,1992783170301874192,'测试盘点单7','admin','2025-11-21 23:58:08.223','admin','2025-11-21 23:58:08.223'),(1828633046379339786,'PD251120008',1,-31.53,1992782691492712452,1992783170301874197,'测试盘点单8','admin','2025-11-20 23:58:08.223','admin','2025-11-20 23:58:08.223'),(1828633046379339787,'PD251119009',-1,-9.59,1992782691492712454,1992783170301874198,'测试盘点单9','admin','2025-11-19 23:58:08.223','admin','2025-11-19 23:58:08.223'),(1828633046379339788,'PD251118010',0,7.67,1992782691492712452,1992783170301874179,'测试盘点单10','admin','2025-11-18 23:58:08.223','admin','2025-11-18 23:58:08.223'),(1828633046379339789,'PD251117011',-1,48.82,1992782691492712453,1992782919415386113,'测试盘点单11','admin','2025-11-17 23:58:08.223','admin','2025-11-17 23:58:08.223'),(1828633046379339790,'PD251116012',0,14.42,1992782642801037314,1992783170301874191,'测试盘点单12','admin','2025-11-16 23:58:08.223','admin','2025-11-16 23:58:08.223'),(1828633046379339791,'PD251115013',1,-27.62,1992782691492712456,1992783170301874204,'测试盘点单13','admin','2025-11-15 23:58:08.223','admin','2025-11-15 23:58:08.223'),(1828633046379339792,'PD251114014',0,27.77,1992782691492712450,1992783170301874187,'测试盘点单14','admin','2025-11-14 23:58:08.223','admin','2025-11-14 23:58:08.223'),(1828633046379339793,'PD251113015',1,29.00,1992782691492712455,1992783170301874193,'测试盘点单15','admin','2025-11-13 23:58:08.223','admin','2025-11-13 23:58:08.223'),(1828633046379339794,'PD251112016',0,4.09,1992782691492712455,1992783170301874206,'测试盘点单16','admin','2025-11-12 23:58:08.223','admin','2025-11-12 23:58:08.223'),(1828633046379339795,'PD251111017',0,-37.22,1992782691492712454,1992783170301874188,'测试盘点单17','admin','2025-11-11 23:58:08.223','admin','2025-11-11 23:58:08.223'),(1828633046379339796,'PD251110018',-1,0.44,1992782642801037314,1992783170301874183,'测试盘点单18','admin','2025-11-10 23:58:08.223','admin','2025-11-10 23:58:08.223'),(1828633046379339797,'PD251109019',1,5.10,1992782691492712455,1992783170301874192,'测试盘点单19','admin','2025-11-09 23:58:08.223','admin','2025-11-09 23:58:08.223'),(1828633046379339798,'PD251108020',0,21.17,1992782691492712451,1992783170301874179,'测试盘点单20','admin','2025-11-08 23:58:08.223','admin','2025-11-08 23:58:08.223');
/*!40000 ALTER TABLE `wms_check_order` ENABLE KEYS */;
UNLOCK TABLES;

--
-- Table structure for table `wms_check_order_detail`
--

DROP TABLE IF EXISTS `wms_check_order_detail`;
/*!40101 SET @saved_cs_client     = @@character_set_client */;
/*!50503 SET character_set_client = utf8mb4 */;
CREATE TABLE `wms_check_order_detail` (
  `id` bigint NOT NULL AUTO_INCREMENT,
  `check_order_id` bigint DEFAULT NULL COMMENT '盘点单id',
  `sku_id` bigint NOT NULL COMMENT '规格id',
  `quantity` int DEFAULT NULL COMMENT '库存数量',
  `check_quantity` int DEFAULT NULL COMMENT '盘点数量',
  `warehouse_id` bigint DEFAULT NULL COMMENT '所属仓库',
  `area_id` bigint DEFAULT NULL COMMENT '所属库区',
  `batch_no` varchar(64) CHARACTER SET utf8mb4 COLLATE utf8mb4_general_ci DEFAULT NULL COMMENT '批号',
  `production_date` datetime(3) DEFAULT NULL COMMENT '生产日期',
  `expiration_date` datetime(3) DEFAULT NULL COMMENT '过期日期',
  `receipt_time` datetime(3) DEFAULT NULL COMMENT '入库时间',
  `inventory_detail_id` bigint DEFAULT NULL COMMENT '入库记录id',
  `remark` varchar(255) CHARACTER SET utf8mb4 COLLATE utf8mb4_general_ci DEFAULT NULL COMMENT '备注',
  `create_by` varchar(64) CHARACTER SET utf8mb4 COLLATE utf8mb4_general_ci DEFAULT NULL COMMENT '创建人',
  `create_time` datetime(3) DEFAULT NULL COMMENT '创建时间',
  `update_by` varchar(64) CHARACTER SET utf8mb4 COLLATE utf8mb4_general_ci DEFAULT NULL COMMENT '修改人',
  `update_time` datetime(3) DEFAULT NULL COMMENT '修改时间',
  PRIMARY KEY (`id`) USING BTREE
) ENGINE=InnoDB AUTO_INCREMENT=1828633046706495594 DEFAULT CHARSET=utf8mb4 COLLATE=utf8mb4_general_ci ROW_FORMAT=DYNAMIC COMMENT='库存盘点单据详情';
/*!40101 SET character_set_client = @saved_cs_client */;

--
-- Dumping data for table `wms_check_order_detail`
--

LOCK TABLES `wms_check_order_detail` WRITE;
/*!40000 ALTER TABLE `wms_check_order_detail` DISABLE KEYS */;
INSERT INTO `wms_check_order_detail` VALUES (1828633046706495494,1828633046379339779,1829398492779048963,14.05,50.80,1992782691492712451,1992783170301874183,'BATCH20251127754','2025-08-11 23:58:08.223','2027-04-21 23:58:08.223','2025-11-20 23:58:08.223',1992790317316198402,'盘点详情6','admin','2025-11-27 23:58:08.223','admin','2025-11-27 23:58:08.223'),(1828633046706495495,1828633046379339779,1829399118304964635,31.49,65.08,1992782691492712451,1992783170301874183,'BATCH20251127467','2025-07-09 23:58:08.223','2027-01-30 23:58:08.223','2025-11-09 23:58:08.223',1992790317349752834,'盘点详情5','admin','2025-11-27 23:58:08.223','admin','2025-11-27 23:58:08.223'),(1828633046706495496,1828633046379339779,1829398492779048963,90.15,58.63,1992782691492712451,1992783170301874183,'BATCH20251127903','2025-05-08 23:58:08.223','2026-06-30 23:58:08.223','2025-11-08 23:58:08.223',1992790317316198403,'盘点详情4','admin','2025-11-27 23:58:08.223','admin','2025-11-27 23:58:08.223'),(1828633046706495497,1828633046379339779,1829398193024724993,42.74,46.27,1992782691492712451,1992783170301874183,'BATCH20251127050','2025-10-13 23:58:08.223','2026-09-04 23:58:08.223','2025-11-23 23:58:08.223',1992790317316198403,'盘点详情3','admin','2025-11-27 23:58:08.223','admin','2025-11-27 23:58:08.223'),(1828633046706495498,1828633046379339779,1828402624005312516,63.36,63.08,1992782691492712451,1992783170301874183,'BATCH20251127330','2025-10-21 23:58:08.223','2026-08-13 23:58:08.223','2025-10-29 23:58:08.223',1992790317316198401,'盘点详情2','admin','2025-11-27 23:58:08.223','admin','2025-11-27 23:58:08.223'),(1828633046706495499,1828633046379339779,1829398193024724993,40.40,69.12,1992782691492712451,1992783170301874183,'BATCH20251127115','2025-05-04 23:58:08.223','2026-12-27 23:58:08.223','2025-10-28 23:58:08.223',1992790317316198401,'盘点详情1','admin','2025-11-27 23:58:08.223','admin','2025-11-27 23:58:08.223'),(1828633046706495500,1828633046379339780,1829399118304964646,20.09,61.45,1992782691492712455,1992783170301874195,'BATCH20251126143','2025-06-28 23:58:08.223','2027-05-05 23:58:08.223','2025-11-04 23:58:08.223',1992790317316198403,'盘点详情6','admin','2025-11-26 23:58:08.223','admin','2025-11-26 23:58:08.223'),(1828633046706495501,1828633046379339780,1829399118304964651,98.88,94.64,1992782691492712455,1992783170301874195,'BATCH20251126193','2025-08-29 23:58:08.223','2026-06-21 23:58:08.223','2025-11-14 23:58:08.223',1992790317316198402,'盘点详情5','admin','2025-11-26 23:58:08.223','admin','2025-11-26 23:58:08.223'),(1828633046706495502,1828633046379339780,1828402624005312514,90.48,92.91,1992782691492712455,1992783170301874195,'BATCH20251126830','2025-09-24 23:58:08.223','2026-11-06 23:58:08.223','2025-11-05 23:58:08.223',1994076021048520706,'盘点详情4','admin','2025-11-26 23:58:08.223','admin','2025-11-26 23:58:08.223'),(1828633046706495503,1828633046379339780,1829399118304964657,36.33,85.42,1992782691492712455,1992783170301874195,'BATCH20251126936','2025-09-18 23:58:08.223','2026-09-11 23:58:08.223','2025-11-01 23:58:08.223',1992790317349752834,'盘点详情3','admin','2025-11-26 23:58:08.223','admin','2025-11-26 23:58:08.223'),(1828633046706495504,1828633046379339780,1829399118304964635,81.07,54.87,1992782691492712455,1992783170301874195,'BATCH20251126315','2025-05-27 23:58:08.223','2026-09-13 23:58:08.223','2025-10-27 23:58:08.223',1994076021048520706,'盘点详情2','admin','2025-11-26 23:58:08.223','admin','2025-11-26 23:58:08.223'),(1828633046706495505,1828633046379339780,1829399118304964621,46.85,51.97,1992782691492712455,1992783170301874195,'BATCH20251126449','2025-06-13 23:58:08.223','2026-11-05 23:58:08.223','2025-10-27 23:58:08.223',1992790317349752834,'盘点详情1','admin','2025-11-26 23:58:08.223','admin','2025-11-26 23:58:08.223'),(1828633046706495506,1828633046379339781,1829398333903007746,49.45,77.45,1992782691492712452,1992783170301874208,'BATCH20251125910','2025-06-27 23:58:08.223','2027-01-14 23:58:08.223','2025-11-18 23:58:08.223',1992790317316198401,'盘点详情6','admin','2025-11-25 23:58:08.223','admin','2025-11-25 23:58:08.223'),(1828633046706495507,1828633046379339781,1829399118304964633,51.39,18.90,1992782691492712452,1992783170301874208,'BATCH20251125185','2025-10-23 23:58:08.223','2026-12-06 23:58:08.223','2025-11-05 23:58:08.223',1992790317349752834,'盘点详情5','admin','2025-11-25 23:58:08.223','admin','2025-11-25 23:58:08.223'),(1828633046706495508,1828633046379339781,1829399118304964632,107.71,28.83,1992782691492712452,1992783170301874208,'BATCH20251125737','2025-09-27 23:58:08.223','2027-01-05 23:58:08.223','2025-11-07 23:58:08.223',1992790317316198403,'盘点详情4','admin','2025-11-25 23:58:08.223','admin','2025-11-25 23:58:08.223'),(1828633046706495509,1828633046379339781,1829399118304964619,61.73,96.18,1992782691492712452,1992783170301874208,'BATCH20251125289','2025-08-10 23:58:08.223','2026-09-08 23:58:08.223','2025-11-19 23:58:08.223',1992790317316198403,'盘点详情3','admin','2025-11-25 23:58:08.223','admin','2025-11-25 23:58:08.223'),(1828633046706495510,1828633046379339781,1829399118304964652,61.50,104.40,1992782691492712452,1992783170301874208,'BATCH20251125054','2025-08-12 23:58:08.223','2027-04-27 23:58:08.223','2025-11-13 23:58:08.223',1992790317316198401,'盘点详情2','admin','2025-11-25 23:58:08.223','admin','2025-11-25 23:58:08.223'),(1828633046706495511,1828633046379339781,1829399118304964615,42.85,90.84,1992782691492712452,1992783170301874208,'BATCH20251125507','2025-05-13 23:58:08.223','2026-06-29 23:58:08.223','2025-11-03 23:58:08.223',1992790317349752834,'盘点详情1','admin','2025-11-25 23:58:08.223','admin','2025-11-25 23:58:08.223'),(1828633046706495512,1828633046379339782,1829399118304964618,71.22,44.45,1992782691492712452,1992783170301874186,'BATCH20251124297','2025-09-17 23:58:08.223','2026-07-26 23:58:08.223','2025-11-16 23:58:08.223',1992790317349752834,'盘点详情6','admin','2025-11-24 23:58:08.223','admin','2025-11-24 23:58:08.223'),(1828633046706495513,1828633046379339782,1829399118304964613,30.43,16.65,1992782691492712452,1992783170301874186,'BATCH20251124078','2025-08-06 23:58:08.223','2027-05-22 23:58:08.223','2025-11-04 23:58:08.223',1992790317349752834,'盘点详情5','admin','2025-11-24 23:58:08.223','admin','2025-11-24 23:58:08.223'),(1828633046706495514,1828633046379339782,1829399118304964648,22.08,60.69,1992782691492712452,1992783170301874186,'BATCH20251124354','2025-05-12 23:58:08.223','2026-12-16 23:58:08.223','2025-11-22 23:58:08.223',1992790317349752834,'盘点详情4','admin','2025-11-24 23:58:08.223','admin','2025-11-24 23:58:08.223'),(1828633046706495515,1828633046379339782,1829399118304964637,96.36,12.12,1992782691492712452,1992783170301874186,'BATCH20251124491','2025-05-12 23:58:08.223','2026-07-14 23:58:08.223','2025-10-26 23:58:08.223',1994076021048520706,'盘点详情3','admin','2025-11-24 23:58:08.223','admin','2025-11-24 23:58:08.223'),(1828633046706495516,1828633046379339782,1829399118304964647,74.34,113.12,1992782691492712452,1992783170301874186,'BATCH20251124971','2025-05-16 23:58:08.223','2026-12-29 23:58:08.223','2025-11-14 23:58:08.223',1994076021048520706,'盘点详情2','admin','2025-11-24 23:58:08.223','admin','2025-11-24 23:58:08.223'),(1828633046706495517,1828633046379339782,1828408796968030212,44.46,40.21,1992782691492712452,1992783170301874186,'BATCH20251124512','2025-10-07 23:58:08.223','2027-05-19 23:58:08.223','2025-11-04 23:58:08.223',1992790317316198403,'盘点详情1','admin','2025-11-24 23:58:08.223','admin','2025-11-24 23:58:08.223'),(1828633046706495518,1828633046379339783,1829399118304964620,68.39,65.89,1992782691492712457,1992783170301874202,'BATCH20251123208','2025-08-04 23:58:08.223','2027-01-10 23:58:08.223','2025-10-28 23:58:08.223',1992790317349752834,'盘点详情6','admin','2025-11-23 23:58:08.223','admin','2025-11-23 23:58:08.223'),(1828633046706495519,1828633046379339783,1829399118304964610,25.80,85.75,1992782691492712457,1992783170301874202,'BATCH20251123569','2025-06-17 23:58:08.223','2027-04-10 23:58:08.223','2025-11-14 23:58:08.223',1992790317349752834,'盘点详情5','admin','2025-11-23 23:58:08.223','admin','2025-11-23 23:58:08.223'),(1828633046706495520,1828633046379339783,1829399118304964645,67.99,19.97,1992782691492712457,1992783170301874202,'BATCH20251123582','2025-05-17 23:58:08.223','2027-02-07 23:58:08.223','2025-10-27 23:58:08.223',1992790317316198402,'盘点详情4','admin','2025-11-23 23:58:08.223','admin','2025-11-23 23:58:08.223'),(1828633046706495521,1828633046379339783,1828407871469686786,59.51,24.00,1992782691492712457,1992783170301874202,'BATCH20251123072','2025-08-08 23:58:08.223','2027-04-28 23:58:08.223','2025-11-11 23:58:08.223',1992790317316198401,'盘点详情3','admin','2025-11-23 23:58:08.223','admin','2025-11-23 23:58:08.223'),(1828633046706495522,1828633046379339783,1829399118304964609,109.41,104.24,1992782691492712457,1992783170301874202,'BATCH20251123485','2025-08-02 23:58:08.223','2027-04-06 23:58:08.223','2025-10-24 23:58:08.223',1992790317316198403,'盘点详情2','admin','2025-11-23 23:58:08.223','admin','2025-11-23 23:58:08.223'),(1828633046706495523,1828633046379339783,1828407871469686786,16.92,42.82,1992782691492712457,1992783170301874202,'BATCH20251123281','2025-10-18 23:58:08.223','2026-09-20 23:58:08.223','2025-11-06 23:58:08.223',1994076021048520706,'盘点详情1','admin','2025-11-23 23:58:08.223','admin','2025-11-23 23:58:08.223'),(1828633046706495524,1828633046379339784,1829399118304964624,14.20,90.88,1992782691492712455,1992783170301874205,'BATCH20251122551','2025-08-09 23:58:08.223','2026-10-25 23:58:08.223','2025-10-25 23:58:08.223',1992790317316198401,'盘点详情6','admin','2025-11-22 23:58:08.223','admin','2025-11-22 23:58:08.223'),(1828633046706495525,1828633046379339784,1829399118304964610,31.81,75.32,1992782691492712455,1992783170301874205,'BATCH20251122936','2025-05-04 23:58:08.223','2027-05-10 23:58:08.223','2025-10-23 23:58:08.223',1992790317316198401,'盘点详情5','admin','2025-11-22 23:58:08.223','admin','2025-11-22 23:58:08.223'),(1828633046706495526,1828633046379339784,1829399118304964617,23.76,41.29,1992782691492712455,1992783170301874205,'BATCH20251122331','2025-05-23 23:58:08.223','2026-08-27 23:58:08.223','2025-10-29 23:58:08.223',1992790317316198401,'盘点详情4','admin','2025-11-22 23:58:08.223','admin','2025-11-22 23:58:08.223'),(1828633046706495527,1828633046379339784,1829398702011904002,108.04,61.85,1992782691492712455,1992783170301874205,'BATCH20251122479','2025-07-09 23:58:08.223','2026-11-26 23:58:08.223','2025-10-28 23:58:08.223',1992790317316198403,'盘点详情3','admin','2025-11-22 23:58:08.223','admin','2025-11-22 23:58:08.223'),(1828633046706495528,1828633046379339784,1829399118304964654,18.04,66.22,1992782691492712455,1992783170301874205,'BATCH20251122061','2025-06-26 23:58:08.223','2026-07-07 23:58:08.223','2025-11-02 23:58:08.223',1992790317349752834,'盘点详情2','admin','2025-11-22 23:58:08.223','admin','2025-11-22 23:58:08.223'),(1828633046706495529,1828633046379339784,1829399118304964632,83.41,62.59,1992782691492712455,1992783170301874205,'BATCH20251122666','2025-05-01 23:58:08.223','2027-04-06 23:58:08.223','2025-11-07 23:58:08.223',1992790317316198402,'盘点详情1','admin','2025-11-22 23:58:08.223','admin','2025-11-22 23:58:08.223'),(1828633046706495530,1828633046379339785,1829399118304964615,106.17,29.07,1992782691492712454,1992783170301874192,'BATCH20251121404','2025-08-15 23:58:08.223','2027-01-28 23:58:08.223','2025-11-11 23:58:08.223',1992790317349752834,'盘点详情6','admin','2025-11-21 23:58:08.223','admin','2025-11-21 23:58:08.223'),(1828633046706495531,1828633046379339785,1829399118304964634,108.62,45.62,1992782691492712454,1992783170301874192,'BATCH20251121038','2025-10-15 23:58:08.223','2026-06-24 23:58:08.223','2025-11-10 23:58:08.223',1992790317316198403,'盘点详情5','admin','2025-11-21 23:58:08.223','admin','2025-11-21 23:58:08.223'),(1828633046706495532,1828633046379339785,1829399118304964636,16.75,78.32,1992782691492712454,1992783170301874192,'BATCH20251121439','2025-09-04 23:58:08.223','2026-05-27 23:58:08.223','2025-11-12 23:58:08.223',1992790317349752834,'盘点详情4','admin','2025-11-21 23:58:08.223','admin','2025-11-21 23:58:08.223'),(1828633046706495533,1828633046379339785,1829398702011904002,88.05,54.60,1992782691492712454,1992783170301874192,'BATCH20251121535','2025-08-12 23:58:08.223','2026-10-04 23:58:08.223','2025-10-30 23:58:08.223',1992790317316198401,'盘点详情3','admin','2025-11-21 23:58:08.223','admin','2025-11-21 23:58:08.223'),(1828633046706495534,1828633046379339785,1829399118304964645,71.95,82.56,1992782691492712454,1992783170301874192,'BATCH20251121742','2025-06-24 23:58:08.223','2026-07-05 23:58:08.223','2025-11-02 23:58:08.223',1994076021048520706,'盘点详情2','admin','2025-11-21 23:58:08.223','admin','2025-11-21 23:58:08.223'),(1828633046706495535,1828633046379339785,1829399118304964637,100.33,104.21,1992782691492712454,1992783170301874192,'BATCH20251121909','2025-10-14 23:58:08.223','2026-11-21 23:58:08.223','2025-11-08 23:58:08.223',1992790317349752834,'盘点详情1','admin','2025-11-21 23:58:08.223','admin','2025-11-21 23:58:08.223'),(1828633046706495536,1828633046379339786,1829398702011904001,30.18,71.85,1992782691492712452,1992783170301874197,'BATCH20251120599','2025-07-20 23:58:08.223','2027-03-09 23:58:08.223','2025-11-05 23:58:08.223',1992790317349752834,'盘点详情6','admin','2025-11-20 23:58:08.223','admin','2025-11-20 23:58:08.223'),(1828633046706495537,1828633046379339786,1828408796968030211,92.84,23.64,1992782691492712452,1992783170301874197,'BATCH20251120553','2025-05-18 23:58:08.223','2027-01-26 23:58:08.223','2025-10-25 23:58:08.223',1992790317316198401,'盘点详情5','admin','2025-11-20 23:58:08.223','admin','2025-11-20 23:58:08.223'),(1828633046706495538,1828633046379339786,1829399118304964619,99.05,25.14,1992782691492712452,1992783170301874197,'BATCH20251120115','2025-05-12 23:58:08.223','2026-07-15 23:58:08.223','2025-11-17 23:58:08.223',1992790317316198403,'盘点详情4','admin','2025-11-20 23:58:08.223','admin','2025-11-20 23:58:08.223'),(1828633046706495539,1828633046379339786,1829398702011904001,15.99,36.45,1992782691492712452,1992783170301874197,'BATCH20251120977','2025-10-03 23:58:08.223','2026-12-14 23:58:08.223','2025-11-02 23:58:08.223',1994076021048520706,'盘点详情3','admin','2025-11-20 23:58:08.223','admin','2025-11-20 23:58:08.223'),(1828633046706495540,1828633046379339786,1829398333903007746,71.89,49.76,1992782691492712452,1992783170301874197,'BATCH20251120538','2025-05-07 23:58:08.223','2026-05-28 23:58:08.223','2025-11-09 23:58:08.223',1992790317349752834,'盘点详情2','admin','2025-11-20 23:58:08.223','admin','2025-11-20 23:58:08.223'),(1828633046706495541,1828633046379339786,1829399118304964627,40.34,83.74,1992782691492712452,1992783170301874197,'BATCH20251120266','2025-09-02 23:58:08.223','2026-12-14 23:58:08.223','2025-11-18 23:58:08.223',1992790317349752834,'盘点详情1','admin','2025-11-20 23:58:08.223','admin','2025-11-20 23:58:08.223'),(1828633046706495542,1828633046379339787,1829398333903007746,87.97,39.47,1992782691492712454,1992783170301874198,'BATCH20251119325','2025-05-19 23:58:08.223','2026-09-07 23:58:08.223','2025-10-20 23:58:08.223',1994076021048520706,'盘点详情6','admin','2025-11-19 23:58:08.223','admin','2025-11-19 23:58:08.223'),(1828633046706495543,1828633046379339787,1829398492779048963,35.53,83.30,1992782691492712454,1992783170301874198,'BATCH20251119177','2025-07-07 23:58:08.223','2026-10-13 23:58:08.223','2025-11-10 23:58:08.223',1992790317316198401,'盘点详情5','admin','2025-11-19 23:58:08.223','admin','2025-11-19 23:58:08.223'),(1828633046706495544,1828633046379339787,1829399118304964635,57.67,100.90,1992782691492712454,1992783170301874198,'BATCH20251119946','2025-10-20 23:58:08.223','2026-07-17 23:58:08.223','2025-10-25 23:58:08.223',1992790317316198403,'盘点详情4','admin','2025-11-19 23:58:08.223','admin','2025-11-19 23:58:08.223'),(1828633046706495545,1828633046379339787,1828402624005312516,38.59,8.47,1992782691492712454,1992783170301874198,'BATCH20251119012','2025-08-05 23:58:08.223','2026-06-18 23:58:08.223','2025-11-14 23:58:08.223',1992790317349752834,'盘点详情3','admin','2025-11-19 23:58:08.223','admin','2025-11-19 23:58:08.223'),(1828633046706495546,1828633046379339787,1829399118304964631,53.61,82.71,1992782691492712454,1992783170301874198,'BATCH20251119708','2025-08-12 23:58:08.223','2027-03-10 23:58:08.223','2025-10-23 23:58:08.223',1992790317316198401,'盘点详情2','admin','2025-11-19 23:58:08.223','admin','2025-11-19 23:58:08.223'),(1828633046706495547,1828633046379339787,1829399118304964624,107.37,51.67,1992782691492712454,1992783170301874198,'BATCH20251119057','2025-07-30 23:58:08.223','2026-06-29 23:58:08.223','2025-11-12 23:58:08.223',1994076021048520706,'盘点详情1','admin','2025-11-19 23:58:08.223','admin','2025-11-19 23:58:08.223'),(1828633046706495548,1828633046379339788,1829398193024724994,40.05,33.57,1992782691492712452,1992783170301874179,'BATCH20251118005','2025-04-28 23:58:08.223','2027-03-16 23:58:08.223','2025-11-10 23:58:08.223',1994076021048520706,'盘点详情6','admin','2025-11-18 23:58:08.223','admin','2025-11-18 23:58:08.223'),(1828633046706495549,1828633046379339788,1829399118304964647,58.07,88.18,1992782691492712452,1992783170301874179,'BATCH20251118038','2025-06-06 23:58:08.223','2027-01-11 23:58:08.223','2025-11-17 23:58:08.223',1992790317316198401,'盘点详情5','admin','2025-11-18 23:58:08.223','admin','2025-11-18 23:58:08.223'),(1828633046706495550,1828633046379339788,1829399118304964639,70.20,66.66,1992782691492712452,1992783170301874179,'BATCH20251118663','2025-06-05 23:58:08.223','2027-03-08 23:58:08.223','2025-10-25 23:58:08.223',1994076021048520706,'盘点详情4','admin','2025-11-18 23:58:08.223','admin','2025-11-18 23:58:08.223'),(1828633046706495551,1828633046379339788,1829398492779048962,72.03,85.79,1992782691492712452,1992783170301874179,'BATCH20251118208','2025-06-19 23:58:08.223','2027-02-24 23:58:08.223','2025-10-23 23:58:08.223',1992790317316198403,'盘点详情3','admin','2025-11-18 23:58:08.223','admin','2025-11-18 23:58:08.223'),(1828633046706495552,1828633046379339788,1829398492779048963,84.15,49.28,1992782691492712452,1992783170301874179,'BATCH20251118168','2025-05-18 23:58:08.223','2027-03-04 23:58:08.223','2025-11-05 23:58:08.223',1992790317316198403,'盘点详情2','admin','2025-11-18 23:58:08.223','admin','2025-11-18 23:58:08.223'),(1828633046706495553,1828633046379339788,1829399118304964621,25.35,19.12,1992782691492712452,1992783170301874179,'BATCH20251118976','2025-08-10 23:58:08.223','2026-05-26 23:58:08.223','2025-10-20 23:58:08.223',1992790317316198403,'盘点详情1','admin','2025-11-18 23:58:08.223','admin','2025-11-18 23:58:08.223'),(1828633046706495554,1828633046379339789,1829399118304964639,24.22,35.21,1992782691492712453,1992782919415386113,'BATCH20251117390','2025-05-31 23:58:08.223','2027-02-10 23:58:08.223','2025-11-06 23:58:08.223',1994076021048520706,'盘点详情6','admin','2025-11-17 23:58:08.223','admin','2025-11-17 23:58:08.223'),(1828633046706495555,1828633046379339789,1828408321522700289,88.26,91.59,1992782691492712453,1992782919415386113,'BATCH20251117870','2025-08-09 23:58:08.223','2026-09-16 23:58:08.223','2025-11-01 23:58:08.223',1992790317316198403,'盘点详情5','admin','2025-11-17 23:58:08.223','admin','2025-11-17 23:58:08.223'),(1828633046706495556,1828633046379339789,1829398193024724994,14.88,63.68,1992782691492712453,1992782919415386113,'BATCH20251117023','2025-07-13 23:58:08.223','2026-12-31 23:58:08.223','2025-11-01 23:58:08.223',1992790317316198403,'盘点详情4','admin','2025-11-17 23:58:08.223','admin','2025-11-17 23:58:08.223'),(1828633046706495557,1828633046379339789,1829399118304964630,56.60,34.00,1992782691492712453,1992782919415386113,'BATCH20251117847','2025-09-25 23:58:08.223','2026-06-26 23:58:08.223','2025-11-11 23:58:08.223',1992790317316198402,'盘点详情3','admin','2025-11-17 23:58:08.223','admin','2025-11-17 23:58:08.223'),(1828633046706495558,1828633046379339789,1829399118304964645,109.86,28.49,1992782691492712453,1992782919415386113,'BATCH20251117460','2025-05-02 23:58:08.223','2026-09-12 23:58:08.223','2025-10-23 23:58:08.223',1992790317316198402,'盘点详情2','admin','2025-11-17 23:58:08.223','admin','2025-11-17 23:58:08.223'),(1828633046706495559,1828633046379339789,1829399118304964627,48.16,109.21,1992782691492712453,1992782919415386113,'BATCH20251117639','2025-10-07 23:58:08.223','2026-10-11 23:58:08.223','2025-10-22 23:58:08.223',1992790317316198402,'盘点详情1','admin','2025-11-17 23:58:08.223','admin','2025-11-17 23:58:08.223'),(1828633046706495560,1828633046379339790,1829399118304964641,80.68,24.23,1992782642801037314,1992783170301874191,'BATCH20251116395','2025-08-26 23:58:08.223','2026-08-21 23:58:08.223','2025-11-01 23:58:08.223',1992790317316198403,'盘点详情6','admin','2025-11-16 23:58:08.223','admin','2025-11-16 23:58:08.223'),(1828633046706495561,1828633046379339790,1829399118304964615,69.63,102.97,1992782642801037314,1992783170301874191,'BATCH20251116980','2025-06-16 23:58:08.223','2026-11-06 23:58:08.223','2025-11-05 23:58:08.223',1992790317316198403,'盘点详情5','admin','2025-11-16 23:58:08.223','admin','2025-11-16 23:58:08.223'),(1828633046706495562,1828633046379339790,1829399118304964657,41.85,34.70,1992782642801037314,1992783170301874191,'BATCH20251116979','2025-05-20 23:58:08.223','2026-08-15 23:58:08.223','2025-10-24 23:58:08.223',1994076021048520706,'盘点详情4','admin','2025-11-16 23:58:08.223','admin','2025-11-16 23:58:08.223'),(1828633046706495563,1828633046379339790,1829399118304964646,91.19,34.19,1992782642801037314,1992783170301874191,'BATCH20251116209','2025-04-21 23:58:08.223','2026-09-19 23:58:08.223','2025-10-24 23:58:08.223',1994076021048520706,'盘点详情3','admin','2025-11-16 23:58:08.223','admin','2025-11-16 23:58:08.223'),(1828633046706495564,1828633046379339790,1829399118304964615,55.37,17.15,1992782642801037314,1992783170301874191,'BATCH20251116040','2025-06-13 23:58:08.223','2026-10-07 23:58:08.223','2025-10-20 23:58:08.223',1992790317316198401,'盘点详情2','admin','2025-11-16 23:58:08.223','admin','2025-11-16 23:58:08.223'),(1828633046706495565,1828633046379339790,1829399118304964618,70.00,105.85,1992782642801037314,1992783170301874191,'BATCH20251116830','2025-06-19 23:58:08.223','2027-03-21 23:58:08.223','2025-11-08 23:58:08.223',1992790317316198403,'盘点详情1','admin','2025-11-16 23:58:08.223','admin','2025-11-16 23:58:08.223'),(1828633046706495566,1828633046379339791,1829399118304964657,59.06,53.34,1992782691492712456,1992783170301874204,'BATCH20251115890','2025-07-08 23:58:08.223','2026-07-01 23:58:08.223','2025-10-16 23:58:08.223',1992790317316198403,'盘点详情6','admin','2025-11-15 23:58:08.223','admin','2025-11-15 23:58:08.223'),(1828633046706495567,1828633046379339791,1829398492779048963,90.75,46.20,1992782691492712456,1992783170301874204,'BATCH20251115017','2025-05-24 23:58:08.223','2027-05-07 23:58:08.223','2025-10-31 23:58:08.223',1992790317349752834,'盘点详情5','admin','2025-11-15 23:58:08.223','admin','2025-11-15 23:58:08.223'),(1828633046706495568,1828633046379339791,1829399118304964644,69.80,64.55,1992782691492712456,1992783170301874204,'BATCH20251115861','2025-04-30 23:58:08.223','2026-06-28 23:58:08.223','2025-10-22 23:58:08.223',1992790317316198403,'盘点详情4','admin','2025-11-15 23:58:08.223','admin','2025-11-15 23:58:08.223'),(1828633046706495569,1828633046379339791,1829399118304964634,50.94,87.59,1992782691492712456,1992783170301874204,'BATCH20251115707','2025-06-06 23:58:08.223','2026-11-29 23:58:08.223','2025-10-30 23:58:08.223',1992790317349752834,'盘点详情3','admin','2025-11-15 23:58:08.223','admin','2025-11-15 23:58:08.223'),(1828633046706495570,1828633046379339791,1829399118304964639,13.77,79.11,1992782691492712456,1992783170301874204,'BATCH20251115870','2025-09-17 23:58:08.223','2026-07-31 23:58:08.223','2025-10-28 23:58:08.223',1992790317316198401,'盘点详情2','admin','2025-11-15 23:58:08.223','admin','2025-11-15 23:58:08.223'),(1828633046706495571,1828633046379339791,1828408321522700289,107.73,29.14,1992782691492712456,1992783170301874204,'BATCH20251115248','2025-06-14 23:58:08.223','2027-01-25 23:58:08.223','2025-11-01 23:58:08.223',1992790317316198401,'盘点详情1','admin','2025-11-15 23:58:08.223','admin','2025-11-15 23:58:08.223'),(1828633046706495572,1828633046379339792,1829399118304964656,78.62,87.27,1992782691492712450,1992783170301874187,'BATCH20251114726','2025-07-14 23:58:08.223','2026-10-15 23:58:08.223','2025-10-27 23:58:08.223',1992790317316198402,'盘点详情6','admin','2025-11-14 23:58:08.223','admin','2025-11-14 23:58:08.223'),(1828633046706495573,1828633046379339792,1829399118304964650,109.08,75.95,1992782691492712450,1992783170301874187,'BATCH20251114904','2025-08-10 23:58:08.223','2026-07-01 23:58:08.223','2025-10-28 23:58:08.223',1992790317316198402,'盘点详情5','admin','2025-11-14 23:58:08.223','admin','2025-11-14 23:58:08.223'),(1828633046706495574,1828633046379339792,1829399118304964613,11.91,36.00,1992782691492712450,1992783170301874187,'BATCH20251114345','2025-06-05 23:58:08.223','2027-01-05 23:58:08.223','2025-11-12 23:58:08.223',1994076021048520706,'盘点详情4','admin','2025-11-14 23:58:08.223','admin','2025-11-14 23:58:08.223'),(1828633046706495575,1828633046379339792,1828402624005312514,73.53,51.49,1992782691492712450,1992783170301874187,'BATCH20251114085','2025-07-02 23:58:08.223','2027-01-13 23:58:08.223','2025-10-26 23:58:08.223',1992790317316198401,'盘点详情3','admin','2025-11-14 23:58:08.223','admin','2025-11-14 23:58:08.223'),(1828633046706495576,1828633046379339792,1829399118304964643,55.85,41.72,1992782691492712450,1992783170301874187,'BATCH20251114059','2025-08-10 23:58:08.223','2027-01-16 23:58:08.223','2025-11-05 23:58:08.223',1992790317316198402,'盘点详情2','admin','2025-11-14 23:58:08.223','admin','2025-11-14 23:58:08.223'),(1828633046706495577,1828633046379339792,1828402624005312514,106.99,68.52,1992782691492712450,1992783170301874187,'BATCH20251114036','2025-06-22 23:58:08.223','2026-06-21 23:58:08.223','2025-10-26 23:58:08.223',1994076021048520706,'盘点详情1','admin','2025-11-14 23:58:08.223','admin','2025-11-14 23:58:08.223'),(1828633046706495578,1828633046379339793,1829399118304964631,75.14,109.56,1992782691492712455,1992783170301874193,'BATCH20251113364','2025-08-26 23:58:08.223','2026-08-18 23:58:08.223','2025-10-28 23:58:08.223',1994076021048520706,'盘点详情6','admin','2025-11-13 23:58:08.223','admin','2025-11-13 23:58:08.223'),(1828633046706495579,1828633046379339793,1829398492779048962,65.50,88.29,1992782691492712455,1992783170301874193,'BATCH20251113266','2025-08-16 23:58:08.223','2027-03-19 23:58:08.223','2025-11-04 23:58:08.223',1992790317316198403,'盘点详情5','admin','2025-11-13 23:58:08.223','admin','2025-11-13 23:58:08.223'),(1828633046706495580,1828633046379339793,1829399118304964637,26.62,43.82,1992782691492712455,1992783170301874193,'BATCH20251113399','2025-09-25 23:58:08.223','2026-09-13 23:58:08.223','2025-11-01 23:58:08.223',1992790317316198403,'盘点详情4','admin','2025-11-13 23:58:08.223','admin','2025-11-13 23:58:08.223'),(1828633046706495581,1828633046379339793,1828407871469686786,82.34,48.03,1992782691492712455,1992783170301874193,'BATCH20251113177','2025-05-02 23:58:08.223','2026-06-07 23:58:08.223','2025-10-25 23:58:08.223',1992790317316198402,'盘点详情3','admin','2025-11-13 23:58:08.223','admin','2025-11-13 23:58:08.223'),(1828633046706495582,1828633046379339793,1828408796968030210,87.92,72.04,1992782691492712455,1992783170301874193,'BATCH20251113574','2025-05-16 23:58:08.223','2026-11-02 23:58:08.223','2025-10-17 23:58:08.223',1992790317349752834,'盘点详情2','admin','2025-11-13 23:58:08.223','admin','2025-11-13 23:58:08.223'),(1828633046706495583,1828633046379339793,1829399118304964628,82.30,61.11,1992782691492712455,1992783170301874193,'BATCH20251113565','2025-07-07 23:58:08.223','2026-06-08 23:58:08.223','2025-10-22 23:58:08.223',1992790317316198401,'盘点详情1','admin','2025-11-13 23:58:08.223','admin','2025-11-13 23:58:08.223'),(1828633046706495584,1828633046379339794,1829399118304964630,23.32,38.07,1992782691492712455,1992783170301874206,'BATCH20251112439','2025-06-12 23:58:08.223','2026-06-23 23:58:08.223','2025-10-27 23:58:08.223',1992790317316198401,'盘点详情6','admin','2025-11-12 23:58:08.223','admin','2025-11-12 23:58:08.223'),(1828633046706495585,1828633046379339794,1828402624005312514,101.22,86.24,1992782691492712455,1992783170301874206,'BATCH20251112713','2025-05-02 23:58:08.223','2026-10-15 23:58:08.223','2025-10-30 23:58:08.223',1992790317316198403,'盘点详情5','admin','2025-11-12 23:58:08.223','admin','2025-11-12 23:58:08.223'),(1828633046706495586,1828633046379339794,1829399118304964629,66.89,87.99,1992782691492712455,1992783170301874206,'BATCH20251112608','2025-09-16 23:58:08.223','2027-04-23 23:58:08.223','2025-11-03 23:58:08.223',1992790317349752834,'盘点详情4','admin','2025-11-12 23:58:08.223','admin','2025-11-12 23:58:08.223'),(1828633046706495587,1828633046379339794,1829399118304964615,64.00,19.73,1992782691492712455,1992783170301874206,'BATCH20251112970','2025-06-24 23:58:08.223','2026-07-18 23:58:08.223','2025-11-09 23:58:08.223',1992790317349752834,'盘点详情3','admin','2025-11-12 23:58:08.223','admin','2025-11-12 23:58:08.223'),(1828633046706495588,1828633046379339794,1829398492779048962,61.13,45.79,1992782691492712455,1992783170301874206,'BATCH20251112563','2025-05-22 23:58:08.223','2026-09-10 23:58:08.223','2025-11-04 23:58:08.223',1992790317316198401,'盘点详情2','admin','2025-11-12 23:58:08.223','admin','2025-11-12 23:58:08.223'),(1828633046706495589,1828633046379339794,1828406451399987201,71.55,69.79,1992782691492712455,1992783170301874206,'BATCH20251112445','2025-07-26 23:58:08.223','2027-03-23 23:58:08.223','2025-11-11 23:58:08.223',1994076021048520706,'盘点详情1','admin','2025-11-12 23:58:08.223','admin','2025-11-12 23:58:08.223'),(1828633046706495590,1828633046379339795,1829399118304964613,70.39,10.92,1992782691492712454,1992783170301874188,'BATCH20251111534','2025-06-08 23:58:08.223','2027-04-03 23:58:08.223','2025-10-29 23:58:08.223',1992790317349752834,'盘点详情6','admin','2025-11-11 23:58:08.223','admin','2025-11-11 23:58:08.223'),(1828633046706495591,1828633046379339795,1829398193024724993,34.91,54.35,1992782691492712454,1992783170301874188,'BATCH20251111064','2025-05-07 23:58:08.223','2026-07-24 23:58:08.223','2025-10-30 23:58:08.223',1992790317349752834,'盘点详情5','admin','2025-11-11 23:58:08.223','admin','2025-11-11 23:58:08.223'),(1828633046706495592,1828633046379339795,1829399118304964609,15.01,53.81,1992782691492712454,1992783170301874188,'BATCH20251111094','2025-05-06 23:58:08.223','2026-07-08 23:58:08.223','2025-11-06 23:58:08.223',1992790317316198403,'盘点详情4','admin','2025-11-11 23:58:08.223','admin','2025-11-11 23:58:08.223'),(1828633046706495593,1828633046379339795,1828408796968030210,35.14,105.57,1992782691492712454,1992783170301874188,'BATCH20251111951','2025-09-05 23:58:08.223','2026-07-19 23:58:08.223','2025-11-01 23:58:08.223',1992790317316198401,'盘点详情3','admin','2025-11-11 23:58:08.223','admin','2025-11-11 23:58:08.223');
/*!40000 ALTER TABLE `wms_check_order_detail` ENABLE KEYS */;
UNLOCK TABLES;

--
-- Table structure for table `wms_inventory`
--

DROP TABLE IF EXISTS `wms_inventory`;
/*!40101 SET @saved_cs_client     = @@character_set_client */;
/*!50503 SET character_set_client = utf8mb4 */;
CREATE TABLE `wms_inventory` (
  `id` bigint NOT NULL AUTO_INCREMENT,
  `sku_id` bigint DEFAULT NULL COMMENT '规格ID',
  `warehouse_id` bigint DEFAULT NULL COMMENT '所属仓库',
  `area_id` bigint DEFAULT NULL COMMENT '所属库区',
  `quantity` int DEFAULT NULL COMMENT '库存',
  `remark` varchar(255) CHARACTER SET utf8mb4 COLLATE utf8mb4_general_ci DEFAULT NULL COMMENT '备注',
  `create_by` varchar(64) CHARACTER SET utf8mb4 COLLATE utf8mb4_general_ci DEFAULT NULL COMMENT '创建人',
  `create_time` datetime(3) DEFAULT NULL COMMENT '创建时间',
  `update_by` varchar(64) CHARACTER SET utf8mb4 COLLATE utf8mb4_general_ci DEFAULT NULL COMMENT '修改人',
  `update_time` datetime(3) DEFAULT NULL COMMENT '修改时间',
  PRIMARY KEY (`id`) USING BTREE
) ENGINE=InnoDB AUTO_INCREMENT=1992790317215535310 DEFAULT CHARSET=utf8mb4 COLLATE=utf8mb4_general_ci ROW_FORMAT=DYNAMIC COMMENT='库存表';
/*!40101 SET character_set_client = @saved_cs_client */;

--
-- Dumping data for table `wms_inventory`
--

LOCK TABLES `wms_inventory` WRITE;
/*!40000 ALTER TABLE `wms_inventory` DISABLE KEYS */;
INSERT INTO `wms_inventory` VALUES (1992789901895553025,1829399118304964610,1992782506943336450,1992782571778887681,0.00,NULL,'admin','2025-11-24 10:58:31.514','admin','2025-11-24 11:00:10.509'),(1992789901895553026,1829398702011904002,1992782506943336450,1992782571778887681,0.00,NULL,'admin','2025-11-24 10:58:31.518','admin','2025-11-24 11:00:10.509'),(1992789901895553027,1829398702011904001,1992782506943336450,1992782571778887681,0.00,NULL,'admin','2025-11-24 10:58:31.521','admin','2025-11-24 11:00:10.509'),(1992789901895553028,1829399118304964609,1992782506943336450,1992782571778887681,1.00,NULL,'admin','2025-11-24 10:58:31.523','admin','2025-11-28 00:09:06.347'),(1992790317215535106,1829398702011904002,1992782642801037314,1992782816625577985,100.00,NULL,'admin','2025-11-24 11:00:10.534','admin','2025-11-24 11:00:10.534'),(1992790317215535107,1829398702011904001,1992782642801037314,1992782816625577985,100.00,NULL,'admin','2025-11-24 11:00:10.534','admin','2025-11-24 11:00:10.534'),(1992790317215535108,1829399118304964609,1992782642801037314,1992782816625577985,100.00,NULL,'admin','2025-11-24 11:00:10.541','admin','2025-11-24 11:00:10.541'),(1992790317215535109,1829399118304964610,1992782642801037314,1992782816625577985,100.00,NULL,'admin','2025-11-24 11:00:10.542','admin','2025-11-24 11:00:10.542'),(1992790317215535110,1828402624005312514,1992782506943336450,1992783170301874209,1022.19,'库存记录-黑','admin','2025-11-28 23:58:08.223','admin','2025-11-28 23:58:08.223'),(1992790317215535111,1828402624005312514,1992782642801037314,1992783170301874209,980.74,'库存记录-黑','admin','2025-11-28 23:58:08.223','admin','2025-11-28 23:58:08.223'),(1992790317215535112,1828402624005312514,1992782691492712450,1992783170301874209,737.15,'库存记录-黑','admin','2025-11-28 23:58:08.223','admin','2025-11-28 23:58:08.223'),(1992790317215535113,1828402624005312514,1992782691492712451,1992783170301874209,643.52,'库存记录-黑','admin','2025-11-28 23:58:08.223','admin','2025-11-28 23:58:08.223'),(1992790317215535114,1828402624005312514,1992782691492712452,1992783170301874209,906.17,'库存记录-黑','admin','2025-11-28 23:58:08.223','admin','2025-11-28 23:58:08.223'),(1992790317215535115,1828402624005312514,1992782691492712453,1992783170301874209,500.30,'库存记录-黑','admin','2025-11-28 23:58:08.223','admin','2025-11-28 23:58:08.223'),(1992790317215535116,1828402624005312514,1992782691492712454,1992783170301874209,682.97,'库存记录-黑','admin','2025-11-28 23:58:08.223','admin','2025-11-28 23:58:08.223'),(1992790317215535117,1828402624005312514,1992782691492712455,1992783170301874209,813.96,'库存记录-黑','admin','2025-11-28 23:58:08.223','admin','2025-11-28 23:58:08.223'),(1992790317215535118,1828402624005312514,1992782691492712456,1992783170301874209,920.87,'库存记录-黑','admin','2025-11-28 23:58:08.223','admin','2025-11-28 23:58:08.223'),(1992790317215535119,1828402624005312514,1992782691492712457,1992783170301874209,1062.48,'库存记录-黑','admin','2025-11-28 23:58:08.223','admin','2025-11-28 23:58:08.223'),(1992790317215535120,1828402624005312514,1992782506943336450,1992783170301874208,449.78,'库存记录-黑','admin','2025-11-28 23:58:08.223','admin','2025-11-28 23:58:08.223'),(1992790317215535121,1828402624005312514,1992782642801037314,1992783170301874208,961.47,'库存记录-黑','admin','2025-11-28 23:58:08.223','admin','2025-11-28 23:58:08.223'),(1992790317215535122,1828402624005312514,1992782691492712450,1992783170301874208,357.99,'库存记录-黑','admin','2025-11-28 23:58:08.223','admin','2025-11-28 23:58:08.223'),(1992790317215535123,1828402624005312514,1992782691492712451,1992783170301874208,805.54,'库存记录-黑','admin','2025-11-28 23:58:08.223','admin','2025-11-28 23:58:08.223'),(1992790317215535124,1828402624005312514,1992782691492712452,1992783170301874208,853.75,'库存记录-黑','admin','2025-11-28 23:58:08.223','admin','2025-11-28 23:58:08.223'),(1992790317215535125,1828402624005312514,1992782691492712453,1992783170301874208,752.10,'库存记录-黑','admin','2025-11-28 23:58:08.223','admin','2025-11-28 23:58:08.223'),(1992790317215535126,1828402624005312514,1992782691492712454,1992783170301874208,1099.28,'库存记录-黑','admin','2025-11-28 23:58:08.223','admin','2025-11-28 23:58:08.223'),(1992790317215535127,1828402624005312514,1992782691492712455,1992783170301874208,140.07,'库存记录-黑','admin','2025-11-28 23:58:08.223','admin','2025-11-28 23:58:08.223'),(1992790317215535128,1828402624005312514,1992782691492712456,1992783170301874208,302.54,'库存记录-黑','admin','2025-11-28 23:58:08.223','admin','2025-11-28 23:58:08.223'),(1992790317215535129,1828402624005312514,1992782691492712457,1992783170301874208,992.49,'库存记录-黑','admin','2025-11-28 23:58:08.223','admin','2025-11-28 23:58:08.223'),(1992790317215535130,1828402624005312514,1992782506943336450,1992783170301874207,954.82,'库存记录-黑','admin','2025-11-28 23:58:08.223','admin','2025-11-28 23:58:08.223'),(1992790317215535131,1828402624005312514,1992782642801037314,1992783170301874207,696.62,'库存记录-黑','admin','2025-11-28 23:58:08.223','admin','2025-11-28 23:58:08.223'),(1992790317215535132,1828402624005312514,1992782691492712450,1992783170301874207,518.66,'库存记录-黑','admin','2025-11-28 23:58:08.223','admin','2025-11-28 23:58:08.223'),(1992790317215535133,1828402624005312514,1992782691492712451,1992783170301874207,403.45,'库存记录-黑','admin','2025-11-28 23:58:08.223','admin','2025-11-28 23:58:08.223'),(1992790317215535134,1828402624005312514,1992782691492712452,1992783170301874207,361.26,'库存记录-黑','admin','2025-11-28 23:58:08.223','admin','2025-11-28 23:58:08.223'),(1992790317215535135,1828402624005312514,1992782691492712453,1992783170301874207,495.96,'库存记录-黑','admin','2025-11-28 23:58:08.223','admin','2025-11-28 23:58:08.223'),(1992790317215535136,1828402624005312514,1992782691492712454,1992783170301874207,296.00,'库存记录-黑','admin','2025-11-28 23:58:08.223','admin','2025-11-28 23:58:08.223'),(1992790317215535137,1828402624005312514,1992782691492712455,1992783170301874207,892.12,'库存记录-黑','admin','2025-11-28 23:58:08.223','admin','2025-11-28 23:58:08.223'),(1992790317215535138,1828402624005312514,1992782691492712456,1992783170301874207,472.62,'库存记录-黑','admin','2025-11-28 23:58:08.223','admin','2025-11-28 23:58:08.223'),(1992790317215535139,1828402624005312514,1992782691492712457,1992783170301874207,586.71,'库存记录-黑','admin','2025-11-28 23:58:08.223','admin','2025-11-28 23:58:08.223'),(1992790317215535140,1828402624005312514,1992782506943336450,1992783170301874206,415.72,'库存记录-黑','admin','2025-11-28 23:58:08.223','admin','2025-11-28 23:58:08.223'),(1992790317215535141,1828402624005312514,1992782642801037314,1992783170301874206,218.48,'库存记录-黑','admin','2025-11-28 23:58:08.223','admin','2025-11-28 23:58:08.223'),(1992790317215535142,1828402624005312514,1992782691492712450,1992783170301874206,745.22,'库存记录-黑','admin','2025-11-28 23:58:08.223','admin','2025-11-28 23:58:08.223'),(1992790317215535143,1828402624005312514,1992782691492712451,1992783170301874206,970.66,'库存记录-黑','admin','2025-11-28 23:58:08.223','admin','2025-11-28 23:58:08.223'),(1992790317215535144,1828402624005312514,1992782691492712452,1992783170301874206,517.64,'库存记录-黑','admin','2025-11-28 23:58:08.223','admin','2025-11-28 23:58:08.223'),(1992790317215535145,1828402624005312514,1992782691492712453,1992783170301874206,576.24,'库存记录-黑','admin','2025-11-28 23:58:08.223','admin','2025-11-28 23:58:08.223'),(1992790317215535146,1828402624005312514,1992782691492712454,1992783170301874206,228.25,'库存记录-黑','admin','2025-11-28 23:58:08.223','admin','2025-11-28 23:58:08.223'),(1992790317215535147,1828402624005312514,1992782691492712455,1992783170301874206,312.54,'库存记录-黑','admin','2025-11-28 23:58:08.223','admin','2025-11-28 23:58:08.223'),(1992790317215535148,1828402624005312514,1992782691492712456,1992783170301874206,777.94,'库存记录-黑','admin','2025-11-28 23:58:08.223','admin','2025-11-28 23:58:08.223'),(1992790317215535149,1828402624005312514,1992782691492712457,1992783170301874206,852.08,'库存记录-黑','admin','2025-11-28 23:58:08.223','admin','2025-11-28 23:58:08.223'),(1992790317215535150,1828402624005312514,1992782506943336450,1992783170301874205,826.57,'库存记录-黑','admin','2025-11-28 23:58:08.223','admin','2025-11-28 23:58:08.223'),(1992790317215535151,1828402624005312514,1992782642801037314,1992783170301874205,476.62,'库存记录-黑','admin','2025-11-28 23:58:08.223','admin','2025-11-28 23:58:08.223'),(1992790317215535152,1828402624005312514,1992782691492712450,1992783170301874205,803.38,'库存记录-黑','admin','2025-11-28 23:58:08.223','admin','2025-11-28 23:58:08.223'),(1992790317215535153,1828402624005312514,1992782691492712451,1992783170301874205,487.07,'库存记录-黑','admin','2025-11-28 23:58:08.223','admin','2025-11-28 23:58:08.223'),(1992790317215535154,1828402624005312514,1992782691492712452,1992783170301874205,925.18,'库存记录-黑','admin','2025-11-28 23:58:08.223','admin','2025-11-28 23:58:08.223'),(1992790317215535155,1828402624005312514,1992782691492712453,1992783170301874205,1064.72,'库存记录-黑','admin','2025-11-28 23:58:08.223','admin','2025-11-28 23:58:08.223'),(1992790317215535156,1828402624005312514,1992782691492712454,1992783170301874205,448.03,'库存记录-黑','admin','2025-11-28 23:58:08.223','admin','2025-11-28 23:58:08.223'),(1992790317215535157,1828402624005312514,1992782691492712455,1992783170301874205,945.98,'库存记录-黑','admin','2025-11-28 23:58:08.223','admin','2025-11-28 23:58:08.223'),(1992790317215535158,1828402624005312514,1992782691492712456,1992783170301874205,285.83,'库存记录-黑','admin','2025-11-28 23:58:08.223','admin','2025-11-28 23:58:08.223'),(1992790317215535159,1828402624005312514,1992782691492712457,1992783170301874205,491.19,'库存记录-黑','admin','2025-11-28 23:58:08.223','admin','2025-11-28 23:58:08.223'),(1992790317215535160,1828402624005312514,1992782506943336450,1992783170301874204,498.46,'库存记录-黑','admin','2025-11-28 23:58:08.223','admin','2025-11-28 23:58:08.223'),(1992790317215535161,1828402624005312514,1992782642801037314,1992783170301874204,918.73,'库存记录-黑','admin','2025-11-28 23:58:08.223','admin','2025-11-28 23:58:08.223'),(1992790317215535162,1828402624005312514,1992782691492712450,1992783170301874204,998.29,'库存记录-黑','admin','2025-11-28 23:58:08.223','admin','2025-11-28 23:58:08.223'),(1992790317215535163,1828402624005312514,1992782691492712451,1992783170301874204,135.27,'库存记录-黑','admin','2025-11-28 23:58:08.223','admin','2025-11-28 23:58:08.223'),(1992790317215535164,1828402624005312514,1992782691492712452,1992783170301874204,581.46,'库存记录-黑','admin','2025-11-28 23:58:08.223','admin','2025-11-28 23:58:08.223'),(1992790317215535165,1828402624005312514,1992782691492712453,1992783170301874204,401.51,'库存记录-黑','admin','2025-11-28 23:58:08.223','admin','2025-11-28 23:58:08.223'),(1992790317215535166,1828402624005312514,1992782691492712454,1992783170301874204,163.15,'库存记录-黑','admin','2025-11-28 23:58:08.223','admin','2025-11-28 23:58:08.223'),(1992790317215535167,1828402624005312514,1992782691492712455,1992783170301874204,511.25,'库存记录-黑','admin','2025-11-28 23:58:08.223','admin','2025-11-28 23:58:08.223'),(1992790317215535168,1828402624005312514,1992782691492712456,1992783170301874204,966.77,'库存记录-黑','admin','2025-11-28 23:58:08.223','admin','2025-11-28 23:58:08.223'),(1992790317215535169,1828402624005312514,1992782691492712457,1992783170301874204,200.11,'库存记录-黑','admin','2025-11-28 23:58:08.223','admin','2025-11-28 23:58:08.223'),(1992790317215535170,1828402624005312514,1992782506943336450,1992783170301874203,1000.22,'库存记录-黑','admin','2025-11-28 23:58:08.223','admin','2025-11-28 23:58:08.223'),(1992790317215535171,1828402624005312514,1992782642801037314,1992783170301874203,300.80,'库存记录-黑','admin','2025-11-28 23:58:08.223','admin','2025-11-28 23:58:08.223'),(1992790317215535172,1828402624005312514,1992782691492712450,1992783170301874203,403.33,'库存记录-黑','admin','2025-11-28 23:58:08.223','admin','2025-11-28 23:58:08.223'),(1992790317215535173,1828402624005312514,1992782691492712451,1992783170301874203,1014.27,'库存记录-黑','admin','2025-11-28 23:58:08.223','admin','2025-11-28 23:58:08.223'),(1992790317215535174,1828402624005312514,1992782691492712452,1992783170301874203,761.34,'库存记录-黑','admin','2025-11-28 23:58:08.223','admin','2025-11-28 23:58:08.223'),(1992790317215535175,1828402624005312514,1992782691492712453,1992783170301874203,663.90,'库存记录-黑','admin','2025-11-28 23:58:08.223','admin','2025-11-28 23:58:08.223'),(1992790317215535176,1828402624005312514,1992782691492712454,1992783170301874203,935.46,'库存记录-黑','admin','2025-11-28 23:58:08.223','admin','2025-11-28 23:58:08.223'),(1992790317215535177,1828402624005312514,1992782691492712455,1992783170301874203,585.61,'库存记录-黑','admin','2025-11-28 23:58:08.223','admin','2025-11-28 23:58:08.223'),(1992790317215535178,1828402624005312514,1992782691492712456,1992783170301874203,1021.68,'库存记录-黑','admin','2025-11-28 23:58:08.223','admin','2025-11-28 23:58:08.223'),(1992790317215535179,1828402624005312514,1992782691492712457,1992783170301874203,251.58,'库存记录-黑','admin','2025-11-28 23:58:08.223','admin','2025-11-28 23:58:08.223'),(1992790317215535180,1828402624005312514,1992782506943336450,1992783170301874202,1092.83,'库存记录-黑','admin','2025-11-28 23:58:08.223','admin','2025-11-28 23:58:08.223'),(1992790317215535181,1828402624005312514,1992782642801037314,1992783170301874202,609.42,'库存记录-黑','admin','2025-11-28 23:58:08.223','admin','2025-11-28 23:58:08.223'),(1992790317215535182,1828402624005312514,1992782691492712450,1992783170301874202,668.61,'库存记录-黑','admin','2025-11-28 23:58:08.223','admin','2025-11-28 23:58:08.223'),(1992790317215535183,1828402624005312514,1992782691492712451,1992783170301874202,414.80,'库存记录-黑','admin','2025-11-28 23:58:08.223','admin','2025-11-28 23:58:08.223'),(1992790317215535184,1828402624005312514,1992782691492712452,1992783170301874202,968.15,'库存记录-黑','admin','2025-11-28 23:58:08.223','admin','2025-11-28 23:58:08.223'),(1992790317215535185,1828402624005312514,1992782691492712453,1992783170301874202,496.35,'库存记录-黑','admin','2025-11-28 23:58:08.223','admin','2025-11-28 23:58:08.223'),(1992790317215535186,1828402624005312514,1992782691492712454,1992783170301874202,477.29,'库存记录-黑','admin','2025-11-28 23:58:08.223','admin','2025-11-28 23:58:08.223'),(1992790317215535187,1828402624005312514,1992782691492712455,1992783170301874202,797.41,'库存记录-黑','admin','2025-11-28 23:58:08.223','admin','2025-11-28 23:58:08.223'),(1992790317215535188,1828402624005312514,1992782691492712456,1992783170301874202,455.17,'库存记录-黑','admin','2025-11-28 23:58:08.223','admin','2025-11-28 23:58:08.223'),(1992790317215535189,1828402624005312514,1992782691492712457,1992783170301874202,783.64,'库存记录-黑','admin','2025-11-28 23:58:08.223','admin','2025-11-28 23:58:08.223'),(1992790317215535190,1828402624005312514,1992782506943336450,1992783170301874201,452.68,'库存记录-黑','admin','2025-11-28 23:58:08.223','admin','2025-11-28 23:58:08.223'),(1992790317215535191,1828402624005312514,1992782642801037314,1992783170301874201,812.49,'库存记录-黑','admin','2025-11-28 23:58:08.223','admin','2025-11-28 23:58:08.223'),(1992790317215535192,1828402624005312514,1992782691492712450,1992783170301874201,604.40,'库存记录-黑','admin','2025-11-28 23:58:08.223','admin','2025-11-28 23:58:08.223'),(1992790317215535193,1828402624005312514,1992782691492712451,1992783170301874201,484.52,'库存记录-黑','admin','2025-11-28 23:58:08.223','admin','2025-11-28 23:58:08.223'),(1992790317215535194,1828402624005312514,1992782691492712452,1992783170301874201,509.40,'库存记录-黑','admin','2025-11-28 23:58:08.223','admin','2025-11-28 23:58:08.223'),(1992790317215535195,1828402624005312514,1992782691492712453,1992783170301874201,993.44,'库存记录-黑','admin','2025-11-28 23:58:08.223','admin','2025-11-28 23:58:08.223'),(1992790317215535196,1828402624005312514,1992782691492712454,1992783170301874201,339.02,'库存记录-黑','admin','2025-11-28 23:58:08.223','admin','2025-11-28 23:58:08.223'),(1992790317215535197,1828402624005312514,1992782691492712455,1992783170301874201,614.76,'库存记录-黑','admin','2025-11-28 23:58:08.223','admin','2025-11-28 23:58:08.223'),(1992790317215535198,1828402624005312514,1992782691492712456,1992783170301874201,956.74,'库存记录-黑','admin','2025-11-28 23:58:08.223','admin','2025-11-28 23:58:08.223'),(1992790317215535199,1828402624005312514,1992782691492712457,1992783170301874201,839.42,'库存记录-黑','admin','2025-11-28 23:58:08.223','admin','2025-11-28 23:58:08.223'),(1992790317215535200,1828402624005312514,1992782506943336450,1992783170301874200,226.89,'库存记录-黑','admin','2025-11-28 23:58:08.223','admin','2025-11-28 23:58:08.223'),(1992790317215535201,1828402624005312514,1992782642801037314,1992783170301874200,516.19,'库存记录-黑','admin','2025-11-28 23:58:08.223','admin','2025-11-28 23:58:08.223'),(1992790317215535202,1828402624005312514,1992782691492712450,1992783170301874200,800.28,'库存记录-黑','admin','2025-11-28 23:58:08.223','admin','2025-11-28 23:58:08.223'),(1992790317215535203,1828402624005312514,1992782691492712451,1992783170301874200,352.82,'库存记录-黑','admin','2025-11-28 23:58:08.223','admin','2025-11-28 23:58:08.223'),(1992790317215535204,1828402624005312514,1992782691492712452,1992783170301874200,263.26,'库存记录-黑','admin','2025-11-28 23:58:08.223','admin','2025-11-28 23:58:08.223'),(1992790317215535205,1828402624005312514,1992782691492712453,1992783170301874200,157.83,'库存记录-黑','admin','2025-11-28 23:58:08.223','admin','2025-11-28 23:58:08.223'),(1992790317215535206,1828402624005312514,1992782691492712454,1992783170301874200,899.36,'库存记录-黑','admin','2025-11-28 23:58:08.223','admin','2025-11-28 23:58:08.223'),(1992790317215535207,1828402624005312514,1992782691492712455,1992783170301874200,923.34,'库存记录-黑','admin','2025-11-28 23:58:08.223','admin','2025-11-28 23:58:08.223'),(1992790317215535208,1828402624005312514,1992782691492712456,1992783170301874200,818.61,'库存记录-黑','admin','2025-11-28 23:58:08.223','admin','2025-11-28 23:58:08.223'),(1992790317215535209,1828402624005312514,1992782691492712457,1992783170301874200,223.04,'库存记录-黑','admin','2025-11-28 23:58:08.223','admin','2025-11-28 23:58:08.223'),(1992790317215535210,1828402624005312514,1992782506943336450,1992783170301874199,559.35,'库存记录-黑','admin','2025-11-28 23:58:08.223','admin','2025-11-28 23:58:08.223'),(1992790317215535211,1828402624005312514,1992782642801037314,1992783170301874199,1027.62,'库存记录-黑','admin','2025-11-28 23:58:08.223','admin','2025-11-28 23:58:08.223'),(1992790317215535212,1828402624005312514,1992782691492712450,1992783170301874199,360.06,'库存记录-黑','admin','2025-11-28 23:58:08.223','admin','2025-11-28 23:58:08.223'),(1992790317215535213,1828402624005312514,1992782691492712451,1992783170301874199,617.42,'库存记录-黑','admin','2025-11-28 23:58:08.223','admin','2025-11-28 23:58:08.223'),(1992790317215535214,1828402624005312514,1992782691492712452,1992783170301874199,906.94,'库存记录-黑','admin','2025-11-28 23:58:08.223','admin','2025-11-28 23:58:08.223'),(1992790317215535215,1828402624005312514,1992782691492712453,1992783170301874199,582.46,'库存记录-黑','admin','2025-11-28 23:58:08.223','admin','2025-11-28 23:58:08.223'),(1992790317215535216,1828402624005312514,1992782691492712454,1992783170301874199,1091.45,'库存记录-黑','admin','2025-11-28 23:58:08.223','admin','2025-11-28 23:58:08.223'),(1992790317215535217,1828402624005312514,1992782691492712455,1992783170301874199,609.90,'库存记录-黑','admin','2025-11-28 23:58:08.223','admin','2025-11-28 23:58:08.223'),(1992790317215535218,1828402624005312514,1992782691492712456,1992783170301874199,675.14,'库存记录-黑','admin','2025-11-28 23:58:08.223','admin','2025-11-28 23:58:08.223'),(1992790317215535219,1828402624005312514,1992782691492712457,1992783170301874199,445.98,'库存记录-黑','admin','2025-11-28 23:58:08.223','admin','2025-11-28 23:58:08.223'),(1992790317215535220,1828402624005312514,1992782506943336450,1992783170301874198,104.48,'库存记录-黑','admin','2025-11-28 23:58:08.223','admin','2025-11-28 23:58:08.223'),(1992790317215535221,1828402624005312514,1992782642801037314,1992783170301874198,1084.45,'库存记录-黑','admin','2025-11-28 23:58:08.223','admin','2025-11-28 23:58:08.223'),(1992790317215535222,1828402624005312514,1992782691492712450,1992783170301874198,1008.82,'库存记录-黑','admin','2025-11-28 23:58:08.223','admin','2025-11-28 23:58:08.223'),(1992790317215535223,1828402624005312514,1992782691492712451,1992783170301874198,690.73,'库存记录-黑','admin','2025-11-28 23:58:08.223','admin','2025-11-28 23:58:08.223'),(1992790317215535224,1828402624005312514,1992782691492712452,1992783170301874198,327.22,'库存记录-黑','admin','2025-11-28 23:58:08.223','admin','2025-11-28 23:58:08.223'),(1992790317215535225,1828402624005312514,1992782691492712453,1992783170301874198,463.90,'库存记录-黑','admin','2025-11-28 23:58:08.223','admin','2025-11-28 23:58:08.223'),(1992790317215535226,1828402624005312514,1992782691492712454,1992783170301874198,237.83,'库存记录-黑','admin','2025-11-28 23:58:08.223','admin','2025-11-28 23:58:08.223'),(1992790317215535227,1828402624005312514,1992782691492712455,1992783170301874198,697.45,'库存记录-黑','admin','2025-11-28 23:58:08.223','admin','2025-11-28 23:58:08.223'),(1992790317215535228,1828402624005312514,1992782691492712456,1992783170301874198,673.77,'库存记录-黑','admin','2025-11-28 23:58:08.223','admin','2025-11-28 23:58:08.223'),(1992790317215535229,1828402624005312514,1992782691492712457,1992783170301874198,176.50,'库存记录-黑','admin','2025-11-28 23:58:08.223','admin','2025-11-28 23:58:08.223'),(1992790317215535230,1828402624005312514,1992782506943336450,1992783170301874197,761.19,'库存记录-黑','admin','2025-11-28 23:58:08.223','admin','2025-11-28 23:58:08.223'),(1992790317215535231,1828402624005312514,1992782642801037314,1992783170301874197,176.46,'库存记录-黑','admin','2025-11-28 23:58:08.223','admin','2025-11-28 23:58:08.223'),(1992790317215535232,1828402624005312514,1992782691492712450,1992783170301874197,498.73,'库存记录-黑','admin','2025-11-28 23:58:08.223','admin','2025-11-28 23:58:08.223'),(1992790317215535233,1828402624005312514,1992782691492712451,1992783170301874197,864.26,'库存记录-黑','admin','2025-11-28 23:58:08.223','admin','2025-11-28 23:58:08.223'),(1992790317215535234,1828402624005312514,1992782691492712452,1992783170301874197,725.11,'库存记录-黑','admin','2025-11-28 23:58:08.223','admin','2025-11-28 23:58:08.223'),(1992790317215535235,1828402624005312514,1992782691492712453,1992783170301874197,932.76,'库存记录-黑','admin','2025-11-28 23:58:08.223','admin','2025-11-28 23:58:08.223'),(1992790317215535236,1828402624005312514,1992782691492712454,1992783170301874197,388.50,'库存记录-黑','admin','2025-11-28 23:58:08.223','admin','2025-11-28 23:58:08.223'),(1992790317215535237,1828402624005312514,1992782691492712455,1992783170301874197,1044.20,'库存记录-黑','admin','2025-11-28 23:58:08.223','admin','2025-11-28 23:58:08.223'),(1992790317215535238,1828402624005312514,1992782691492712456,1992783170301874197,955.49,'库存记录-黑','admin','2025-11-28 23:58:08.223','admin','2025-11-28 23:58:08.223'),(1992790317215535239,1828402624005312514,1992782691492712457,1992783170301874197,544.85,'库存记录-黑','admin','2025-11-28 23:58:08.223','admin','2025-11-28 23:58:08.223'),(1992790317215535240,1828402624005312514,1992782506943336450,1992783170301874196,757.77,'库存记录-黑','admin','2025-11-28 23:58:08.223','admin','2025-11-28 23:58:08.223'),(1992790317215535241,1828402624005312514,1992782642801037314,1992783170301874196,1054.30,'库存记录-黑','admin','2025-11-28 23:58:08.223','admin','2025-11-28 23:58:08.223'),(1992790317215535242,1828402624005312514,1992782691492712450,1992783170301874196,898.20,'库存记录-黑','admin','2025-11-28 23:58:08.223','admin','2025-11-28 23:58:08.223'),(1992790317215535243,1828402624005312514,1992782691492712451,1992783170301874196,228.08,'库存记录-黑','admin','2025-11-28 23:58:08.223','admin','2025-11-28 23:58:08.223'),(1992790317215535244,1828402624005312514,1992782691492712452,1992783170301874196,345.82,'库存记录-黑','admin','2025-11-28 23:58:08.223','admin','2025-11-28 23:58:08.223'),(1992790317215535245,1828402624005312514,1992782691492712453,1992783170301874196,944.85,'库存记录-黑','admin','2025-11-28 23:58:08.223','admin','2025-11-28 23:58:08.223'),(1992790317215535246,1828402624005312514,1992782691492712454,1992783170301874196,586.80,'库存记录-黑','admin','2025-11-28 23:58:08.223','admin','2025-11-28 23:58:08.223'),(1992790317215535247,1828402624005312514,1992782691492712455,1992783170301874196,999.45,'库存记录-黑','admin','2025-11-28 23:58:08.223','admin','2025-11-28 23:58:08.223'),(1992790317215535248,1828402624005312514,1992782691492712456,1992783170301874196,136.85,'库存记录-黑','admin','2025-11-28 23:58:08.223','admin','2025-11-28 23:58:08.223'),(1992790317215535249,1828402624005312514,1992782691492712457,1992783170301874196,585.91,'库存记录-黑','admin','2025-11-28 23:58:08.223','admin','2025-11-28 23:58:08.223'),(1992790317215535250,1828402624005312514,1992782506943336450,1992783170301874195,418.99,'库存记录-黑','admin','2025-11-28 23:58:08.223','admin','2025-11-28 23:58:08.223'),(1992790317215535251,1828402624005312514,1992782642801037314,1992783170301874195,237.23,'库存记录-黑','admin','2025-11-28 23:58:08.223','admin','2025-11-28 23:58:08.223'),(1992790317215535252,1828402624005312514,1992782691492712450,1992783170301874195,829.15,'库存记录-黑','admin','2025-11-28 23:58:08.223','admin','2025-11-28 23:58:08.223'),(1992790317215535253,1828402624005312514,1992782691492712451,1992783170301874195,334.09,'库存记录-黑','admin','2025-11-28 23:58:08.223','admin','2025-11-28 23:58:08.223'),(1992790317215535254,1828402624005312514,1992782691492712452,1992783170301874195,1083.01,'库存记录-黑','admin','2025-11-28 23:58:08.223','admin','2025-11-28 23:58:08.223'),(1992790317215535255,1828402624005312514,1992782691492712453,1992783170301874195,312.75,'库存记录-黑','admin','2025-11-28 23:58:08.223','admin','2025-11-28 23:58:08.223'),(1992790317215535256,1828402624005312514,1992782691492712454,1992783170301874195,214.73,'库存记录-黑','admin','2025-11-28 23:58:08.223','admin','2025-11-28 23:58:08.223'),(1992790317215535257,1828402624005312514,1992782691492712455,1992783170301874195,1035.38,'库存记录-黑','admin','2025-11-28 23:58:08.223','admin','2025-11-28 23:58:08.223'),(1992790317215535258,1828402624005312514,1992782691492712456,1992783170301874195,432.73,'库存记录-黑','admin','2025-11-28 23:58:08.223','admin','2025-11-28 23:58:08.223'),(1992790317215535259,1828402624005312514,1992782691492712457,1992783170301874195,957.50,'库存记录-黑','admin','2025-11-28 23:58:08.223','admin','2025-11-28 23:58:08.223'),(1992790317215535260,1828402624005312514,1992782506943336450,1992783170301874194,389.32,'库存记录-黑','admin','2025-11-28 23:58:08.223','admin','2025-11-28 23:58:08.223'),(1992790317215535261,1828402624005312514,1992782642801037314,1992783170301874194,974.08,'库存记录-黑','admin','2025-11-28 23:58:08.223','admin','2025-11-28 23:58:08.223'),(1992790317215535262,1828402624005312514,1992782691492712450,1992783170301874194,602.43,'库存记录-黑','admin','2025-11-28 23:58:08.223','admin','2025-11-28 23:58:08.223'),(1992790317215535263,1828402624005312514,1992782691492712451,1992783170301874194,989.94,'库存记录-黑','admin','2025-11-28 23:58:08.223','admin','2025-11-28 23:58:08.223'),(1992790317215535264,1828402624005312514,1992782691492712452,1992783170301874194,1042.40,'库存记录-黑','admin','2025-11-28 23:58:08.223','admin','2025-11-28 23:58:08.223'),(1992790317215535265,1828402624005312514,1992782691492712453,1992783170301874194,142.17,'库存记录-黑','admin','2025-11-28 23:58:08.223','admin','2025-11-28 23:58:08.223'),(1992790317215535266,1828402624005312514,1992782691492712454,1992783170301874194,483.64,'库存记录-黑','admin','2025-11-28 23:58:08.223','admin','2025-11-28 23:58:08.223'),(1992790317215535267,1828402624005312514,1992782691492712455,1992783170301874194,891.72,'库存记录-黑','admin','2025-11-28 23:58:08.223','admin','2025-11-28 23:58:08.223'),(1992790317215535268,1828402624005312514,1992782691492712456,1992783170301874194,907.67,'库存记录-黑','admin','2025-11-28 23:58:08.223','admin','2025-11-28 23:58:08.223'),(1992790317215535269,1828402624005312514,1992782691492712457,1992783170301874194,763.19,'库存记录-黑','admin','2025-11-28 23:58:08.223','admin','2025-11-28 23:58:08.223'),(1992790317215535270,1828402624005312514,1992782506943336450,1992783170301874193,992.93,'库存记录-黑','admin','2025-11-28 23:58:08.223','admin','2025-11-28 23:58:08.223'),(1992790317215535271,1828402624005312514,1992782642801037314,1992783170301874193,575.09,'库存记录-黑','admin','2025-11-28 23:58:08.223','admin','2025-11-28 23:58:08.223'),(1992790317215535272,1828402624005312514,1992782691492712450,1992783170301874193,796.67,'库存记录-黑','admin','2025-11-28 23:58:08.223','admin','2025-11-28 23:58:08.223'),(1992790317215535273,1828402624005312514,1992782691492712451,1992783170301874193,158.08,'库存记录-黑','admin','2025-11-28 23:58:08.223','admin','2025-11-28 23:58:08.223'),(1992790317215535274,1828402624005312514,1992782691492712452,1992783170301874193,300.37,'库存记录-黑','admin','2025-11-28 23:58:08.223','admin','2025-11-28 23:58:08.223'),(1992790317215535275,1828402624005312514,1992782691492712453,1992783170301874193,927.62,'库存记录-黑','admin','2025-11-28 23:58:08.223','admin','2025-11-28 23:58:08.223'),(1992790317215535276,1828402624005312514,1992782691492712454,1992783170301874193,636.99,'库存记录-黑','admin','2025-11-28 23:58:08.223','admin','2025-11-28 23:58:08.223'),(1992790317215535277,1828402624005312514,1992782691492712455,1992783170301874193,302.11,'库存记录-黑','admin','2025-11-28 23:58:08.223','admin','2025-11-28 23:58:08.223'),(1992790317215535278,1828402624005312514,1992782691492712456,1992783170301874193,499.56,'库存记录-黑','admin','2025-11-28 23:58:08.223','admin','2025-11-28 23:58:08.223'),(1992790317215535279,1828402624005312514,1992782691492712457,1992783170301874193,491.49,'库存记录-黑','admin','2025-11-28 23:58:08.223','admin','2025-11-28 23:58:08.223'),(1992790317215535280,1828402624005312514,1992782506943336450,1992783170301874192,858.75,'库存记录-黑','admin','2025-11-28 23:58:08.223','admin','2025-11-28 23:58:08.223'),(1992790317215535281,1828402624005312514,1992782642801037314,1992783170301874192,719.28,'库存记录-黑','admin','2025-11-28 23:58:08.223','admin','2025-11-28 23:58:08.223'),(1992790317215535282,1828402624005312514,1992782691492712450,1992783170301874192,920.14,'库存记录-黑','admin','2025-11-28 23:58:08.223','admin','2025-11-28 23:58:08.223'),(1992790317215535283,1828402624005312514,1992782691492712451,1992783170301874192,342.86,'库存记录-黑','admin','2025-11-28 23:58:08.223','admin','2025-11-28 23:58:08.223'),(1992790317215535284,1828402624005312514,1992782691492712452,1992783170301874192,853.87,'库存记录-黑','admin','2025-11-28 23:58:08.223','admin','2025-11-28 23:58:08.223'),(1992790317215535285,1828402624005312514,1992782691492712453,1992783170301874192,140.79,'库存记录-黑','admin','2025-11-28 23:58:08.223','admin','2025-11-28 23:58:08.223'),(1992790317215535286,1828402624005312514,1992782691492712454,1992783170301874192,1042.35,'库存记录-黑','admin','2025-11-28 23:58:08.223','admin','2025-11-28 23:58:08.223'),(1992790317215535287,1828402624005312514,1992782691492712455,1992783170301874192,689.36,'库存记录-黑','admin','2025-11-28 23:58:08.223','admin','2025-11-28 23:58:08.223'),(1992790317215535288,1828402624005312514,1992782691492712456,1992783170301874192,219.77,'库存记录-黑','admin','2025-11-28 23:58:08.223','admin','2025-11-28 23:58:08.223'),(1992790317215535289,1828402624005312514,1992782691492712457,1992783170301874192,930.77,'库存记录-黑','admin','2025-11-28 23:58:08.223','admin','2025-11-28 23:58:08.223'),(1992790317215535290,1828402624005312514,1992782506943336450,1992783170301874191,894.53,'库存记录-黑','admin','2025-11-28 23:58:08.223','admin','2025-11-28 23:58:08.223'),(1992790317215535291,1828402624005312514,1992782642801037314,1992783170301874191,580.36,'库存记录-黑','admin','2025-11-28 23:58:08.223','admin','2025-11-28 23:58:08.223'),(1992790317215535292,1828402624005312514,1992782691492712450,1992783170301874191,118.20,'库存记录-黑','admin','2025-11-28 23:58:08.223','admin','2025-11-28 23:58:08.223'),(1992790317215535293,1828402624005312514,1992782691492712451,1992783170301874191,749.93,'库存记录-黑','admin','2025-11-28 23:58:08.223','admin','2025-11-28 23:58:08.223'),(1992790317215535294,1828402624005312514,1992782691492712452,1992783170301874191,295.04,'库存记录-黑','admin','2025-11-28 23:58:08.223','admin','2025-11-28 23:58:08.223'),(1992790317215535295,1828402624005312514,1992782691492712453,1992783170301874191,125.42,'库存记录-黑','admin','2025-11-28 23:58:08.223','admin','2025-11-28 23:58:08.223'),(1992790317215535296,1828402624005312514,1992782691492712454,1992783170301874191,642.00,'库存记录-黑','admin','2025-11-28 23:58:08.223','admin','2025-11-28 23:58:08.223'),(1992790317215535297,1828402624005312514,1992782691492712455,1992783170301874191,733.70,'库存记录-黑','admin','2025-11-28 23:58:08.223','admin','2025-11-28 23:58:08.223'),(1992790317215535298,1828402624005312514,1992782691492712456,1992783170301874191,642.52,'库存记录-黑','admin','2025-11-28 23:58:08.223','admin','2025-11-28 23:58:08.223'),(1992790317215535299,1828402624005312514,1992782691492712457,1992783170301874191,911.50,'库存记录-黑','admin','2025-11-28 23:58:08.223','admin','2025-11-28 23:58:08.223'),(1992790317215535300,1828402624005312514,1992782506943336450,1992783170301874190,529.93,'库存记录-黑','admin','2025-11-28 23:58:08.223','admin','2025-11-28 23:58:08.223'),(1992790317215535301,1828402624005312514,1992782642801037314,1992783170301874190,815.15,'库存记录-黑','admin','2025-11-28 23:58:08.223','admin','2025-11-28 23:58:08.223'),(1992790317215535302,1828402624005312514,1992782691492712450,1992783170301874190,385.96,'库存记录-黑','admin','2025-11-28 23:58:08.223','admin','2025-11-28 23:58:08.223'),(1992790317215535303,1828402624005312514,1992782691492712451,1992783170301874190,384.37,'库存记录-黑','admin','2025-11-28 23:58:08.223','admin','2025-11-28 23:58:08.223'),(1992790317215535304,1828402624005312514,1992782691492712452,1992783170301874190,663.95,'库存记录-黑','admin','2025-11-28 23:58:08.223','admin','2025-11-28 23:58:08.223'),(1992790317215535305,1828402624005312514,1992782691492712453,1992783170301874190,1066.63,'库存记录-黑','admin','2025-11-28 23:58:08.223','admin','2025-11-28 23:58:08.223'),(1992790317215535306,1828402624005312514,1992782691492712454,1992783170301874190,241.33,'库存记录-黑','admin','2025-11-28 23:58:08.223','admin','2025-11-28 23:58:08.223'),(1992790317215535307,1828402624005312514,1992782691492712455,1992783170301874190,906.74,'库存记录-黑','admin','2025-11-28 23:58:08.223','admin','2025-11-28 23:58:08.223'),(1992790317215535308,1828402624005312514,1992782691492712456,1992783170301874190,709.73,'库存记录-黑','admin','2025-11-28 23:58:08.223','admin','2025-11-28 23:58:08.223'),(1992790317215535309,1828402624005312514,1992782691492712457,1992783170301874190,728.42,'库存记录-黑','admin','2025-11-28 23:58:08.223','admin','2025-11-28 23:58:08.223');
/*!40000 ALTER TABLE `wms_inventory` ENABLE KEYS */;
UNLOCK TABLES;

--
-- Table structure for table `wms_inventory_detail`
--

DROP TABLE IF EXISTS `wms_inventory_detail`;
/*!40101 SET @saved_cs_client     = @@character_set_client */;
/*!50503 SET character_set_client = utf8mb4 */;
CREATE TABLE `wms_inventory_detail` (
  `id` bigint NOT NULL AUTO_INCREMENT,
  `receipt_order_id` bigint DEFAULT NULL COMMENT '入库单id',
  `receipt_order_type` varchar(20) CHARACTER SET utf8mb4 COLLATE utf8mb4_general_ci DEFAULT NULL COMMENT '入库单类型',
  `order_no` varchar(255) CHARACTER SET utf8mb4 COLLATE utf8mb4_general_ci DEFAULT NULL COMMENT '单号',
  `type` int DEFAULT NULL COMMENT '类型 1：入库 2：移库 3：盘库',
  `sku_id` bigint DEFAULT NULL COMMENT 'sku的ID',
  `warehouse_id` bigint DEFAULT NULL COMMENT '所属仓库',
  `area_id` bigint DEFAULT NULL COMMENT '所属库区',
  `quantity` int DEFAULT NULL COMMENT '入库数量',
  `batch_no` varchar(64) CHARACTER SET utf8mb4 COLLATE utf8mb4_polish_ci DEFAULT NULL COMMENT '批号',
  `production_date` datetime(3) DEFAULT NULL COMMENT '生产日期',
  `expiration_date` datetime(3) DEFAULT NULL COMMENT '过期时间',
  `amount` decimal(10,2) DEFAULT NULL COMMENT '金额',
  `remark` varchar(255) CHARACTER SET utf8mb4 COLLATE utf8mb4_general_ci DEFAULT NULL COMMENT '备注',
  `remain_quantity` int DEFAULT NULL COMMENT '剩余数量',
  `create_by` varchar(64) CHARACTER SET utf8mb4 COLLATE utf8mb4_polish_ci DEFAULT NULL COMMENT '创建人',
  `create_time` datetime(3) DEFAULT NULL COMMENT '创建时间',
  `update_by` varchar(64) CHARACTER SET utf8mb4 COLLATE utf8mb4_polish_ci DEFAULT NULL COMMENT '修改人',
  `update_time` datetime(3) DEFAULT NULL COMMENT '修改时间',
  PRIMARY KEY (`id`) USING BTREE
) ENGINE=InnoDB AUTO_INCREMENT=1994076021048520807 DEFAULT CHARSET=utf8mb4 COLLATE=utf8mb4_polish_ci ROW_FORMAT=DYNAMIC COMMENT='库存详情';
/*!40101 SET character_set_client = @saved_cs_client */;

--
-- Dumping data for table `wms_inventory_detail`
--

LOCK TABLES `wms_inventory_detail` WRITE;
/*!40000 ALTER TABLE `wms_inventory_detail` DISABLE KEYS */;
INSERT INTO `wms_inventory_detail` VALUES (1992790317316198401,1992790316796104706,NULL,NULL,2,1829398702011904001,1992782642801037314,1992782816625577985,100.00,'004','2025-11-06 00:00:00.000','2025-11-29 00:00:00.000',NULL,NULL,100.00,'admin','2025-11-24 11:00:10.561','admin','2025-11-24 11:00:10.561'),(1992790317316198402,1992790316796104706,NULL,NULL,2,1829398702011904002,1992782642801037314,1992782816625577985,100.00,'003','2025-11-06 00:00:00.000','2025-11-29 00:00:00.000',NULL,NULL,100.00,'admin','2025-11-24 11:00:10.564','admin','2025-11-24 11:00:10.564'),(1992790317316198403,1992790316796104706,NULL,NULL,2,1829399118304964609,1992782642801037314,1992782816625577985,100.00,'001','2025-11-06 00:00:00.000','2025-11-29 00:00:00.000',NULL,NULL,100.00,'admin','2025-11-24 11:00:10.566','admin','2025-11-24 11:00:10.566'),(1992790317349752834,1992790316796104706,NULL,NULL,2,1829399118304964610,1992782642801037314,1992782816625577985,100.00,'002','2025-11-06 00:00:00.000','2025-11-29 00:00:00.000',NULL,NULL,100.00,'admin','2025-11-24 11:00:10.566','admin','2025-11-24 11:00:10.566'),(1994076021048520706,1994076020444540929,NULL,NULL,1,1829399118304964609,1992782506943336450,1992782571778887681,1.00,NULL,NULL,NULL,100.00,NULL,1.00,'admin','2025-11-28 00:09:06.227','admin','2025-11-28 00:09:06.227'),(1994076021048520707,1992787885475516417,'2','RK11248425',1,1829399118304964609,1992782506943336450,1992782571778887681,100.00,'001','2025-11-06 00:00:00.000','2025-11-29 00:00:00.000',90.00,'库存详情-RK11248425',100.00,'admin','2025-11-24 10:50:30.812','admin','2025-11-24 10:50:30.812'),(1994076021048520708,1992787885475516417,'2','RK11248425',1,1829399118304964610,1992782506943336450,1992782571778887681,100.00,'002','2025-11-06 00:00:00.000','2025-11-29 00:00:00.000',90.00,'库存详情-RK11248425',100.00,'admin','2025-11-24 10:50:30.817','admin','2025-11-24 10:50:30.817'),(1994076021048520709,1992787885475516417,'2','RK11248425',1,1829398702011904002,1992782506943336450,1992782571778887681,100.00,'003','2025-11-06 00:00:00.000','2025-11-29 00:00:00.000',90.00,'库存详情-RK11248425',100.00,'admin','2025-11-24 10:50:30.822','admin','2025-11-24 10:50:30.822'),(1994076021048520710,1992787885475516417,'2','RK11248425',1,1829398702011904001,1992782506943336450,1992782571778887681,100.00,'004','2025-11-06 00:00:00.000','2025-11-29 00:00:00.000',90.00,'库存详情-RK11248425',100.00,'admin','2025-11-24 10:50:30.826','admin','2025-11-24 10:50:30.826'),(1994076021048520711,1994076020444540929,'2','RK11281402',1,1829399118304964609,1992782506943336450,1992782571778887681,1.00,NULL,NULL,NULL,100.00,'库存详情-RK11281402',1.00,'admin','2025-11-28 00:09:06.173','admin','2025-11-28 00:09:06.173'),(1994076021048520712,1992787885475516417,'2','RK11248425',1,1828406451399987201,1992782506943336450,1992782571778887681,15.80,'BATCH20251124657','2025-05-30 10:50:30.764','2026-07-18 10:50:30.764',4151.00,'库存详情-RK11248425',15.80,'admin','2025-11-24 10:50:30.764','admin','2025-11-24 10:50:30.764'),(1994076021048520713,1992787885475516417,'2','RK11248425',1,1829399118304964647,1992782506943336450,1992782571778887681,62.23,'BATCH20251124388','2025-08-14 10:50:30.764','2027-04-02 10:50:30.764',4274.78,'库存详情-RK11248425',62.23,'admin','2025-11-24 10:50:30.764','admin','2025-11-24 10:50:30.764'),(1994076021048520714,1992787885475516417,'2','RK11248425',1,1828406451399987201,1992782506943336450,1992782571778887681,26.22,'BATCH20251124188','2025-08-20 10:50:30.764','2026-09-08 10:50:30.764',994.21,'库存详情-RK11248425',26.22,'admin','2025-11-24 10:50:30.764','admin','2025-11-24 10:50:30.764'),(1994076021048520715,1992787885475516417,'2','RK11248425',1,1829398333903007746,1992782506943336450,1992782571778887681,18.58,'BATCH20251124471','2025-07-17 10:50:30.764','2026-10-03 10:50:30.764',3048.52,'库存详情-RK11248425',18.58,'admin','2025-11-24 10:50:30.764','admin','2025-11-24 10:50:30.764'),(1994076021048520716,1992787885475516417,'2','RK11248425',1,1829399118304964632,1992782506943336450,1992782571778887681,59.18,'BATCH20251124301','2025-07-31 10:50:30.764','2026-11-16 10:50:30.764',96.77,'库存详情-RK11248425',59.18,'admin','2025-11-24 10:50:30.764','admin','2025-11-24 10:50:30.764'),(1994076021048520717,1994076020444540929,'2','RK11281402',1,1829399118304964640,1992782506943336450,1992782571778887681,88.16,'BATCH20251128897','2025-07-17 00:09:06.075','2026-08-13 00:09:06.075',1562.70,'库存详情-RK11281402',88.16,'admin','2025-11-28 00:09:06.075','admin','2025-11-28 00:09:06.075'),(1994076021048520718,1994076020444540929,'2','RK11281402',1,1829398333903007745,1992782506943336450,1992782571778887681,32.67,'BATCH20251128966','2025-05-24 00:09:06.075','2026-11-29 00:09:06.075',4966.44,'库存详情-RK11281402',32.67,'admin','2025-11-28 00:09:06.075','admin','2025-11-28 00:09:06.075'),(1994076021048520719,1994076020444540929,'2','RK11281402',1,1829399118304964630,1992782506943336450,1992782571778887681,25.68,'BATCH20251128309','2025-09-03 00:09:06.075','2027-01-19 00:09:06.075',2099.36,'库存详情-RK11281402',25.68,'admin','2025-11-28 00:09:06.075','admin','2025-11-28 00:09:06.075'),(1994076021048520720,1994076020444540929,'2','RK11281402',1,1829399118304964634,1992782506943336450,1992782571778887681,73.00,'BATCH20251128557','2025-07-21 00:09:06.075','2026-07-05 00:09:06.075',3767.30,'库存详情-RK11281402',73.00,'admin','2025-11-28 00:09:06.075','admin','2025-11-28 00:09:06.075'),(1994076021048520721,1994076020444540929,'2','RK11281402',1,1828402624005312515,1992782506943336450,1992782571778887681,98.21,'BATCH20251128628','2025-06-05 00:09:06.075','2026-08-01 00:09:06.075',594.27,'库存详情-RK11281402',98.21,'admin','2025-11-28 00:09:06.075','admin','2025-11-28 00:09:06.075'),(1994076021048520722,1994076020444540930,'3','RK251127001',1,1829399118304964658,1992782691492712452,1992783170301874204,2.12,'BATCH20251127615','2025-06-27 23:58:08.223','2026-12-26 23:58:08.223',698.81,'库存详情-RK251127001',2.12,'admin','2025-11-27 23:58:08.223','admin','2025-11-27 23:58:08.223'),(1994076021048520723,1994076020444540930,'3','RK251127001',1,1829399118304964653,1992782691492712452,1992783170301874204,66.81,'BATCH20251127703','2025-07-29 23:58:08.223','2026-11-02 23:58:08.223',1727.58,'库存详情-RK251127001',66.81,'admin','2025-11-27 23:58:08.223','admin','2025-11-27 23:58:08.223'),(1994076021048520724,1994076020444540930,'3','RK251127001',1,1829399118304964633,1992782691492712452,1992783170301874204,96.52,'BATCH20251127199','2025-09-30 23:58:08.223','2026-08-01 23:58:08.223',3114.79,'库存详情-RK251127001',96.52,'admin','2025-11-27 23:58:08.223','admin','2025-11-27 23:58:08.223'),(1994076021048520725,1994076020444540930,'3','RK251127001',1,1829399118304964640,1992782691492712452,1992783170301874204,98.74,'BATCH20251127866','2025-05-28 23:58:08.223','2027-01-26 23:58:08.223',849.06,'库存详情-RK251127001',98.74,'admin','2025-11-27 23:58:08.223','admin','2025-11-27 23:58:08.223'),(1994076021048520726,1994076020444540930,'3','RK251127001',1,1829399118304964657,1992782691492712452,1992783170301874204,31.55,'BATCH20251127498','2025-05-30 23:58:08.223','2027-02-11 23:58:08.223',4464.85,'库存详情-RK251127001',31.55,'admin','2025-11-27 23:58:08.223','admin','2025-11-27 23:58:08.223'),(1994076021048520727,1994076020444540931,'4','RK251126002',1,1828407871469686786,1992782691492712451,1992783170301874198,78.80,'BATCH20251126462','2025-08-11 23:58:08.223','2027-03-03 23:58:08.223',4845.93,'库存详情-RK251126002',78.80,'admin','2025-11-26 23:58:08.223','admin','2025-11-26 23:58:08.223'),(1994076021048520728,1994076020444540931,'4','RK251126002',1,1829399118304964646,1992782691492712451,1992783170301874198,75.89,'BATCH20251126032','2025-05-02 23:58:08.223','2027-04-02 23:58:08.223',328.22,'库存详情-RK251126002',75.89,'admin','2025-11-26 23:58:08.223','admin','2025-11-26 23:58:08.223'),(1994076021048520729,1994076020444540931,'4','RK251126002',1,1828402624005312516,1992782691492712451,1992783170301874198,16.45,'BATCH20251126159','2025-09-18 23:58:08.223','2027-01-06 23:58:08.223',2672.16,'库存详情-RK251126002',16.45,'admin','2025-11-26 23:58:08.223','admin','2025-11-26 23:58:08.223'),(1994076021048520730,1994076020444540931,'4','RK251126002',1,1829399118304964636,1992782691492712451,1992783170301874198,8.55,'BATCH20251126088','2025-08-08 23:58:08.223','2027-05-20 23:58:08.223',3364.32,'库存详情-RK251126002',8.55,'admin','2025-11-26 23:58:08.223','admin','2025-11-26 23:58:08.223'),(1994076021048520731,1994076020444540931,'4','RK251126002',1,1829399118304964660,1992782691492712451,1992783170301874198,21.37,'BATCH20251126477','2025-08-28 23:58:08.223','2026-08-19 23:58:08.223',138.53,'库存详情-RK251126002',21.37,'admin','2025-11-26 23:58:08.223','admin','2025-11-26 23:58:08.223'),(1994076021048520732,1994076020444540932,'3','RK251125003',1,1829399118304964659,1992782691492712454,1992783170301874188,49.25,'BATCH20251125021','2025-05-31 23:58:08.223','2026-06-12 23:58:08.223',518.55,'库存详情-RK251125003',49.25,'admin','2025-11-25 23:58:08.223','admin','2025-11-25 23:58:08.223'),(1994076021048520733,1994076020444540932,'3','RK251125003',1,1829399118304964630,1992782691492712454,1992783170301874188,2.76,'BATCH20251125108','2025-05-28 23:58:08.223','2027-04-11 23:58:08.223',1210.12,'库存详情-RK251125003',2.76,'admin','2025-11-25 23:58:08.223','admin','2025-11-25 23:58:08.223'),(1994076021048520734,1994076020444540932,'3','RK251125003',1,1829399118304964647,1992782691492712454,1992783170301874188,93.96,'BATCH20251125222','2025-09-02 23:58:08.223','2027-03-26 23:58:08.223',3060.09,'库存详情-RK251125003',93.96,'admin','2025-11-25 23:58:08.223','admin','2025-11-25 23:58:08.223'),(1994076021048520735,1994076020444540932,'3','RK251125003',1,1829399118304964641,1992782691492712454,1992783170301874188,26.03,'BATCH20251125904','2025-05-12 23:58:08.223','2027-04-28 23:58:08.223',2705.14,'库存详情-RK251125003',26.03,'admin','2025-11-25 23:58:08.223','admin','2025-11-25 23:58:08.223'),(1994076021048520736,1994076020444540932,'3','RK251125003',1,1829399118304964639,1992782691492712454,1992783170301874188,68.39,'BATCH20251125339','2025-09-06 23:58:08.223','2026-10-08 23:58:08.223',2410.89,'库存详情-RK251125003',68.39,'admin','2025-11-25 23:58:08.223','admin','2025-11-25 23:58:08.223'),(1994076021048520737,1994076020444540933,'4','RK251124004',1,1829399118304964615,1992782691492712453,1992783170301874187,55.89,'BATCH20251124752','2025-10-03 23:58:08.223','2026-09-30 23:58:08.223',4449.24,'库存详情-RK251124004',55.89,'admin','2025-11-24 23:58:08.223','admin','2025-11-24 23:58:08.223'),(1994076021048520738,1994076020444540933,'4','RK251124004',1,1829398702011904001,1992782691492712453,1992783170301874187,97.49,'BATCH20251124987','2025-07-08 23:58:08.223','2026-06-19 23:58:08.223',3931.81,'库存详情-RK251124004',97.49,'admin','2025-11-24 23:58:08.223','admin','2025-11-24 23:58:08.223'),(1994076021048520739,1994076020444540933,'4','RK251124004',1,1829399118304964624,1992782691492712453,1992783170301874187,91.04,'BATCH20251124293','2025-08-02 23:58:08.223','2026-11-09 23:58:08.223',5044.48,'库存详情-RK251124004',91.04,'admin','2025-11-24 23:58:08.223','admin','2025-11-24 23:58:08.223'),(1994076021048520740,1994076020444540933,'4','RK251124004',1,1829399118304964649,1992782691492712453,1992783170301874187,82.03,'BATCH20251124189','2025-09-24 23:58:08.223','2026-09-08 23:58:08.223',4669.80,'库存详情-RK251124004',82.03,'admin','2025-11-24 23:58:08.223','admin','2025-11-24 23:58:08.223'),(1994076021048520741,1994076020444540933,'4','RK251124004',1,1829399118304964634,1992782691492712453,1992783170301874187,4.30,'BATCH20251124803','2025-05-21 23:58:08.223','2027-05-12 23:58:08.223',1952.65,'库存详情-RK251124004',4.30,'admin','2025-11-24 23:58:08.223','admin','2025-11-24 23:58:08.223'),(1994076021048520742,1994076020444540934,'2','RK251123005',1,1829399118304964619,1992782691492712451,1992783170301874182,37.02,'BATCH20251123138','2025-07-16 23:58:08.223','2026-10-03 23:58:08.223',268.03,'库存详情-RK251123005',37.02,'admin','2025-11-23 23:58:08.223','admin','2025-11-23 23:58:08.223'),(1994076021048520743,1994076020444540934,'2','RK251123005',1,1829399118304964625,1992782691492712451,1992783170301874182,66.21,'BATCH20251123052','2025-06-29 23:58:08.223','2026-07-02 23:58:08.223',1057.88,'库存详情-RK251123005',66.21,'admin','2025-11-23 23:58:08.223','admin','2025-11-23 23:58:08.223'),(1994076021048520744,1994076020444540934,'2','RK251123005',1,1829399118304964620,1992782691492712451,1992783170301874182,54.56,'BATCH20251123219','2025-10-24 23:58:08.223','2026-09-24 23:58:08.223',1875.98,'库存详情-RK251123005',54.56,'admin','2025-11-23 23:58:08.223','admin','2025-11-23 23:58:08.223'),(1994076021048520745,1994076020444540934,'2','RK251123005',1,1829399118304964640,1992782691492712451,1992783170301874182,16.65,'BATCH20251123747','2025-10-24 23:58:08.223','2027-03-04 23:58:08.223',1266.41,'库存详情-RK251123005',16.65,'admin','2025-11-23 23:58:08.223','admin','2025-11-23 23:58:08.223'),(1994076021048520746,1994076020444540934,'2','RK251123005',1,1829399118304964636,1992782691492712451,1992783170301874182,70.67,'BATCH20251123450','2025-06-16 23:58:08.223','2026-08-30 23:58:08.223',2589.85,'库存详情-RK251123005',70.67,'admin','2025-11-23 23:58:08.223','admin','2025-11-23 23:58:08.223'),(1994076021048520747,1994076020444540935,'5','RK251122006',1,1829398492779048962,1992782691492712456,1992783170301874177,64.24,'BATCH20251122515','2025-08-26 23:58:08.223','2026-06-22 23:58:08.223',461.90,'库存详情-RK251122006',64.24,'admin','2025-11-22 23:58:08.223','admin','2025-11-22 23:58:08.223'),(1994076021048520748,1994076020444540935,'5','RK251122006',1,1829399118304964645,1992782691492712456,1992783170301874177,29.47,'BATCH20251122361','2025-07-30 23:58:08.223','2026-09-08 23:58:08.223',2265.23,'库存详情-RK251122006',29.47,'admin','2025-11-22 23:58:08.223','admin','2025-11-22 23:58:08.223'),(1994076021048520749,1994076020444540935,'5','RK251122006',1,1829399118304964654,1992782691492712456,1992783170301874177,7.62,'BATCH20251122745','2025-05-04 23:58:08.223','2026-12-10 23:58:08.223',2993.69,'库存详情-RK251122006',7.62,'admin','2025-11-22 23:58:08.223','admin','2025-11-22 23:58:08.223'),(1994076021048520750,1994076020444540935,'5','RK251122006',1,1829399118304964658,1992782691492712456,1992783170301874177,15.37,'BATCH20251122249','2025-08-06 23:58:08.223','2026-10-27 23:58:08.223',4730.20,'库存详情-RK251122006',15.37,'admin','2025-11-22 23:58:08.223','admin','2025-11-22 23:58:08.223'),(1994076021048520751,1994076020444540935,'5','RK251122006',1,1829399118304964651,1992782691492712456,1992783170301874177,43.68,'BATCH20251122734','2025-09-06 23:58:08.223','2026-06-29 23:58:08.223',4064.65,'库存详情-RK251122006',43.68,'admin','2025-11-22 23:58:08.223','admin','2025-11-22 23:58:08.223'),(1994076021048520752,1994076020444540936,'4','RK251121007',1,1829399118304964656,1992782506943336450,1992783170301874185,70.43,'BATCH20251121369','2025-06-06 23:58:08.223','2027-02-18 23:58:08.223',3501.39,'库存详情-RK251121007',70.43,'admin','2025-11-21 23:58:08.223','admin','2025-11-21 23:58:08.223'),(1994076021048520753,1994076020444540936,'4','RK251121007',1,1829398193024724994,1992782506943336450,1992783170301874185,3.52,'BATCH20251121838','2025-06-29 23:58:08.223','2027-01-29 23:58:08.223',963.77,'库存详情-RK251121007',3.52,'admin','2025-11-21 23:58:08.223','admin','2025-11-21 23:58:08.223'),(1994076021048520754,1994076020444540936,'4','RK251121007',1,1829399118304964641,1992782506943336450,1992783170301874185,29.77,'BATCH20251121079','2025-08-06 23:58:08.223','2027-04-16 23:58:08.223',4992.02,'库存详情-RK251121007',29.77,'admin','2025-11-21 23:58:08.223','admin','2025-11-21 23:58:08.223'),(1994076021048520755,1994076020444540936,'4','RK251121007',1,1829399118304964645,1992782506943336450,1992783170301874185,28.94,'BATCH20251121124','2025-10-15 23:58:08.223','2027-03-18 23:58:08.223',1011.57,'库存详情-RK251121007',28.94,'admin','2025-11-21 23:58:08.223','admin','2025-11-21 23:58:08.223'),(1994076021048520756,1994076020444540936,'4','RK251121007',1,1829399118304964624,1992782506943336450,1992783170301874185,60.32,'BATCH20251121425','2025-07-06 23:58:08.223','2027-02-13 23:58:08.223',4254.78,'库存详情-RK251121007',60.32,'admin','2025-11-21 23:58:08.223','admin','2025-11-21 23:58:08.223'),(1994076021048520757,1994076020444540937,'3','RK251120008',1,1829399118304964656,1992782506943336450,1992783170301874186,84.91,'BATCH20251120876','2025-06-10 23:58:08.223','2026-06-21 23:58:08.223',4443.35,'库存详情-RK251120008',84.91,'admin','2025-11-20 23:58:08.223','admin','2025-11-20 23:58:08.223'),(1994076021048520758,1994076020444540937,'3','RK251120008',1,1829399118304964649,1992782506943336450,1992783170301874186,32.22,'BATCH20251120403','2025-10-19 23:58:08.223','2027-03-25 23:58:08.223',3389.61,'库存详情-RK251120008',32.22,'admin','2025-11-20 23:58:08.223','admin','2025-11-20 23:58:08.223'),(1994076021048520759,1994076020444540937,'3','RK251120008',1,1829399118304964630,1992782506943336450,1992783170301874186,44.35,'BATCH20251120301','2025-08-21 23:58:08.223','2027-03-10 23:58:08.223',3651.23,'库存详情-RK251120008',44.35,'admin','2025-11-20 23:58:08.223','admin','2025-11-20 23:58:08.223'),(1994076021048520760,1994076020444540937,'3','RK251120008',1,1828402624005312514,1992782506943336450,1992783170301874186,31.21,'BATCH20251120411','2025-09-04 23:58:08.223','2026-06-21 23:58:08.223',1367.61,'库存详情-RK251120008',31.21,'admin','2025-11-20 23:58:08.223','admin','2025-11-20 23:58:08.223'),(1994076021048520761,1994076020444540937,'3','RK251120008',1,1829399118304964660,1992782506943336450,1992783170301874186,6.66,'BATCH20251120155','2025-04-28 23:58:08.223','2026-10-24 23:58:08.223',1374.82,'库存详情-RK251120008',6.66,'admin','2025-11-20 23:58:08.223','admin','2025-11-20 23:58:08.223'),(1994076021048520762,1994076020444540938,'3','RK251119009',1,1829399118304964611,1992782642801037314,1992782816625577985,61.28,'BATCH20251119469','2025-08-14 23:58:08.223','2026-11-08 23:58:08.223',3327.13,'库存详情-RK251119009',61.28,'admin','2025-11-19 23:58:08.223','admin','2025-11-19 23:58:08.223'),(1994076021048520763,1994076020444540938,'3','RK251119009',1,1829399118304964630,1992782642801037314,1992782816625577985,76.85,'BATCH20251119125','2025-04-27 23:58:08.223','2026-11-30 23:58:08.223',4450.05,'库存详情-RK251119009',76.85,'admin','2025-11-19 23:58:08.223','admin','2025-11-19 23:58:08.223'),(1994076021048520764,1994076020444540938,'3','RK251119009',1,1829399118304964623,1992782642801037314,1992782816625577985,32.12,'BATCH20251119690','2025-06-21 23:58:08.223','2026-09-07 23:58:08.223',4673.48,'库存详情-RK251119009',32.12,'admin','2025-11-19 23:58:08.223','admin','2025-11-19 23:58:08.223'),(1994076021048520765,1994076020444540938,'3','RK251119009',1,1829399118304964631,1992782642801037314,1992782816625577985,88.11,'BATCH20251119359','2025-08-07 23:58:08.223','2027-05-12 23:58:08.223',4022.49,'库存详情-RK251119009',88.11,'admin','2025-11-19 23:58:08.223','admin','2025-11-19 23:58:08.223'),(1994076021048520766,1994076020444540938,'3','RK251119009',1,1829398702011904001,1992782642801037314,1992782816625577985,95.55,'BATCH20251119443','2025-05-21 23:58:08.223','2027-04-14 23:58:08.223',2329.50,'库存详情-RK251119009',95.55,'admin','2025-11-19 23:58:08.223','admin','2025-11-19 23:58:08.223'),(1994076021048520767,1994076020444540939,'1','RK251118010',1,1829398333903007746,1992782642801037314,1992783170301874188,1.91,'BATCH20251118665','2025-06-14 23:58:08.223','2026-12-04 23:58:08.223',2742.29,'库存详情-RK251118010',1.91,'admin','2025-11-18 23:58:08.223','admin','2025-11-18 23:58:08.223'),(1994076021048520768,1994076020444540939,'1','RK251118010',1,1829399118304964648,1992782642801037314,1992783170301874188,53.78,'BATCH20251118581','2025-05-27 23:58:08.223','2026-08-29 23:58:08.223',214.17,'库存详情-RK251118010',53.78,'admin','2025-11-18 23:58:08.223','admin','2025-11-18 23:58:08.223'),(1994076021048520769,1994076020444540939,'1','RK251118010',1,1829399118304964628,1992782642801037314,1992783170301874188,72.55,'BATCH20251118891','2025-10-13 23:58:08.223','2026-11-14 23:58:08.223',4087.94,'库存详情-RK251118010',72.55,'admin','2025-11-18 23:58:08.223','admin','2025-11-18 23:58:08.223'),(1994076021048520770,1994076020444540939,'1','RK251118010',1,1829399118304964617,1992782642801037314,1992783170301874188,52.55,'BATCH20251118295','2025-08-14 23:58:08.223','2027-05-01 23:58:08.223',1890.91,'库存详情-RK251118010',52.55,'admin','2025-11-18 23:58:08.223','admin','2025-11-18 23:58:08.223'),(1994076021048520771,1994076020444540939,'1','RK251118010',1,1829399118304964646,1992782642801037314,1992783170301874188,85.33,'BATCH20251118929','2025-06-03 23:58:08.223','2026-06-09 23:58:08.223',1508.88,'库存详情-RK251118010',85.33,'admin','2025-11-18 23:58:08.223','admin','2025-11-18 23:58:08.223'),(1994076021048520772,1994076020444540940,'4','RK251117011',1,1828402624005312514,1992782691492712452,1992783170301874177,2.38,'BATCH20251117021','2025-10-06 23:58:08.223','2026-08-23 23:58:08.223',112.38,'库存详情-RK251117011',2.38,'admin','2025-11-17 23:58:08.223','admin','2025-11-17 23:58:08.223'),(1994076021048520773,1994076020444540940,'4','RK251117011',1,1829399118304964645,1992782691492712452,1992783170301874177,69.16,'BATCH20251117131','2025-06-05 23:58:08.223','2026-09-23 23:58:08.223',3225.87,'库存详情-RK251117011',69.16,'admin','2025-11-17 23:58:08.223','admin','2025-11-17 23:58:08.223'),(1994076021048520774,1994076020444540940,'4','RK251117011',1,1829399118304964614,1992782691492712452,1992783170301874177,1.12,'BATCH20251117068','2025-05-11 23:58:08.223','2026-08-21 23:58:08.223',4120.77,'库存详情-RK251117011',1.12,'admin','2025-11-17 23:58:08.223','admin','2025-11-17 23:58:08.223'),(1994076021048520775,1994076020444540940,'4','RK251117011',1,1829399118304964614,1992782691492712452,1992783170301874177,61.61,'BATCH20251117005','2025-08-20 23:58:08.223','2026-12-31 23:58:08.223',2872.52,'库存详情-RK251117011',61.61,'admin','2025-11-17 23:58:08.223','admin','2025-11-17 23:58:08.223'),(1994076021048520776,1994076020444540940,'4','RK251117011',1,1829399118304964644,1992782691492712452,1992783170301874177,55.18,'BATCH20251117785','2025-08-29 23:58:08.223','2026-06-02 23:58:08.223',4460.78,'库存详情-RK251117011',55.18,'admin','2025-11-17 23:58:08.223','admin','2025-11-17 23:58:08.223'),(1994076021048520777,1994076020444540941,'3','RK251116012',1,1829399118304964648,1992782691492712450,1992783170301874183,86.47,'BATCH20251116716','2025-06-29 23:58:08.223','2027-04-15 23:58:08.223',3330.60,'库存详情-RK251116012',86.47,'admin','2025-11-16 23:58:08.223','admin','2025-11-16 23:58:08.223'),(1994076021048520778,1994076020444540941,'3','RK251116012',1,1829399118304964618,1992782691492712450,1992783170301874183,37.82,'BATCH20251116250','2025-05-20 23:58:08.223','2026-10-16 23:58:08.223',2404.01,'库存详情-RK251116012',37.82,'admin','2025-11-16 23:58:08.223','admin','2025-11-16 23:58:08.223'),(1994076021048520779,1994076020444540941,'3','RK251116012',1,1829398333903007746,1992782691492712450,1992783170301874183,66.86,'BATCH20251116647','2025-10-06 23:58:08.223','2026-09-26 23:58:08.223',3672.74,'库存详情-RK251116012',66.86,'admin','2025-11-16 23:58:08.223','admin','2025-11-16 23:58:08.223'),(1994076021048520780,1994076020444540941,'3','RK251116012',1,1829398333903007745,1992782691492712450,1992783170301874183,85.57,'BATCH20251116198','2025-08-16 23:58:08.223','2026-07-06 23:58:08.223',2784.92,'库存详情-RK251116012',85.57,'admin','2025-11-16 23:58:08.223','admin','2025-11-16 23:58:08.223'),(1994076021048520781,1994076020444540941,'3','RK251116012',1,1829399118304964619,1992782691492712450,1992783170301874183,82.70,'BATCH20251116440','2025-06-19 23:58:08.223','2026-05-20 23:58:08.223',941.44,'库存详情-RK251116012',82.70,'admin','2025-11-16 23:58:08.223','admin','2025-11-16 23:58:08.223'),(1994076021048520782,1994076020444540942,'2','RK251115013',1,1829398333903007746,1992782642801037314,1992783170301874199,74.10,'BATCH20251115157','2025-05-30 23:58:08.223','2026-10-04 23:58:08.223',3399.54,'库存详情-RK251115013',74.10,'admin','2025-11-15 23:58:08.223','admin','2025-11-15 23:58:08.223'),(1994076021048520783,1994076020444540942,'2','RK251115013',1,1829399118304964627,1992782642801037314,1992783170301874199,36.82,'BATCH20251115679','2025-06-05 23:58:08.223','2027-01-15 23:58:08.223',2803.38,'库存详情-RK251115013',36.82,'admin','2025-11-15 23:58:08.223','admin','2025-11-15 23:58:08.223'),(1994076021048520784,1994076020444540942,'2','RK251115013',1,1829399118304964615,1992782642801037314,1992783170301874199,38.08,'BATCH20251115447','2025-08-23 23:58:08.223','2026-07-10 23:58:08.223',1609.70,'库存详情-RK251115013',38.08,'admin','2025-11-15 23:58:08.223','admin','2025-11-15 23:58:08.223'),(1994076021048520785,1994076020444540942,'2','RK251115013',1,1829398193024724994,1992782642801037314,1992783170301874199,42.62,'BATCH20251115690','2025-07-20 23:58:08.223','2026-09-28 23:58:08.223',4989.22,'库存详情-RK251115013',42.62,'admin','2025-11-15 23:58:08.223','admin','2025-11-15 23:58:08.223'),(1994076021048520786,1994076020444540942,'2','RK251115013',1,1829398333903007746,1992782642801037314,1992783170301874199,96.39,'BATCH20251115919','2025-05-02 23:58:08.223','2027-03-31 23:58:08.223',2831.10,'库存详情-RK251115013',96.39,'admin','2025-11-15 23:58:08.223','admin','2025-11-15 23:58:08.223'),(1994076021048520787,1994076020444540943,'1','RK251114014',1,1829399118304964613,1992782691492712452,1992783170301874205,8.68,'BATCH20251114192','2025-05-05 23:58:08.223','2027-04-28 23:58:08.223',3472.40,'库存详情-RK251114014',8.68,'admin','2025-11-14 23:58:08.223','admin','2025-11-14 23:58:08.223'),(1994076021048520788,1994076020444540943,'1','RK251114014',1,1829399118304964656,1992782691492712452,1992783170301874205,15.63,'BATCH20251114008','2025-08-10 23:58:08.223','2027-03-11 23:58:08.223',4496.40,'库存详情-RK251114014',15.63,'admin','2025-11-14 23:58:08.223','admin','2025-11-14 23:58:08.223'),(1994076021048520789,1994076020444540943,'1','RK251114014',1,1829399118304964638,1992782691492712452,1992783170301874205,38.71,'BATCH20251114516','2025-04-20 23:58:08.223','2026-10-12 23:58:08.223',2697.78,'库存详情-RK251114014',38.71,'admin','2025-11-14 23:58:08.223','admin','2025-11-14 23:58:08.223'),(1994076021048520790,1994076020444540943,'1','RK251114014',1,1829399118304964646,1992782691492712452,1992783170301874205,96.90,'BATCH20251114243','2025-08-15 23:58:08.223','2027-05-03 23:58:08.223',3169.18,'库存详情-RK251114014',96.90,'admin','2025-11-14 23:58:08.223','admin','2025-11-14 23:58:08.223'),(1994076021048520791,1994076020444540943,'1','RK251114014',1,1829399118304964626,1992782691492712452,1992783170301874205,4.78,'BATCH20251114297','2025-05-18 23:58:08.223','2026-08-27 23:58:08.223',4459.92,'库存详情-RK251114014',4.78,'admin','2025-11-14 23:58:08.223','admin','2025-11-14 23:58:08.223'),(1994076021048520792,1994076020444540944,'3','RK251113015',1,1829399118304964646,1992782691492712450,1992783170301874181,56.58,'BATCH20251113935','2025-09-23 23:58:08.223','2027-02-19 23:58:08.223',2652.96,'库存详情-RK251113015',56.58,'admin','2025-11-13 23:58:08.223','admin','2025-11-13 23:58:08.223'),(1994076021048520793,1994076020444540944,'3','RK251113015',1,1829399118304964643,1992782691492712450,1992783170301874181,41.01,'BATCH20251113693','2025-06-06 23:58:08.223','2026-12-02 23:58:08.223',2943.10,'库存详情-RK251113015',41.01,'admin','2025-11-13 23:58:08.223','admin','2025-11-13 23:58:08.223'),(1994076021048520794,1994076020444540944,'3','RK251113015',1,1829398492779048962,1992782691492712450,1992783170301874181,97.68,'BATCH20251113374','2025-05-05 23:58:08.223','2026-10-05 23:58:08.223',3324.33,'库存详情-RK251113015',97.68,'admin','2025-11-13 23:58:08.223','admin','2025-11-13 23:58:08.223'),(1994076021048520795,1994076020444540944,'3','RK251113015',1,1829399118304964615,1992782691492712450,1992783170301874181,45.01,'BATCH20251113032','2025-07-08 23:58:08.223','2026-12-30 23:58:08.223',4401.91,'库存详情-RK251113015',45.01,'admin','2025-11-13 23:58:08.223','admin','2025-11-13 23:58:08.223'),(1994076021048520796,1994076020444540944,'3','RK251113015',1,1829399118304964624,1992782691492712450,1992783170301874181,26.41,'BATCH20251113804','2025-07-19 23:58:08.223','2026-05-13 23:58:08.223',2617.06,'库存详情-RK251113015',26.41,'admin','2025-11-13 23:58:08.223','admin','2025-11-13 23:58:08.223'),(1994076021048520797,1994076020444540945,'1','RK251112016',1,1828408321522700289,1992782506943336450,1992783170301874188,50.78,'BATCH20251112372','2025-09-18 23:58:08.223','2026-12-13 23:58:08.223',2915.70,'库存详情-RK251112016',50.78,'admin','2025-11-12 23:58:08.223','admin','2025-11-12 23:58:08.223'),(1994076021048520798,1994076020444540945,'1','RK251112016',1,1828402624005312516,1992782506943336450,1992783170301874188,45.07,'BATCH20251112979','2025-08-18 23:58:08.223','2026-12-31 23:58:08.223',4351.46,'库存详情-RK251112016',45.07,'admin','2025-11-12 23:58:08.223','admin','2025-11-12 23:58:08.223'),(1994076021048520799,1994076020444540945,'1','RK251112016',1,1829399118304964651,1992782506943336450,1992783170301874188,16.55,'BATCH20251112726','2025-05-01 23:58:08.223','2026-10-05 23:58:08.223',1242.87,'库存详情-RK251112016',16.55,'admin','2025-11-12 23:58:08.223','admin','2025-11-12 23:58:08.223'),(1994076021048520800,1994076020444540945,'1','RK251112016',1,1829399118304964629,1992782506943336450,1992783170301874188,58.48,'BATCH20251112450','2025-07-07 23:58:08.223','2026-09-25 23:58:08.223',1224.50,'库存详情-RK251112016',58.48,'admin','2025-11-12 23:58:08.223','admin','2025-11-12 23:58:08.223'),(1994076021048520801,1994076020444540945,'1','RK251112016',1,1829399118304964642,1992782506943336450,1992783170301874188,2.08,'BATCH20251112425','2025-10-05 23:58:08.223','2027-04-29 23:58:08.223',3506.83,'库存详情-RK251112016',2.08,'admin','2025-11-12 23:58:08.223','admin','2025-11-12 23:58:08.223'),(1994076021048520802,1994076020444540946,'3','RK251111017',1,1829399118304964627,1992782691492712456,1992783170301874181,95.98,'BATCH20251111329','2025-07-08 23:58:08.223','2027-01-20 23:58:08.223',228.27,'库存详情-RK251111017',95.98,'admin','2025-11-11 23:58:08.223','admin','2025-11-11 23:58:08.223'),(1994076021048520803,1994076020444540946,'3','RK251111017',1,1829399118304964631,1992782691492712456,1992783170301874181,87.73,'BATCH20251111860','2025-09-02 23:58:08.223','2026-11-25 23:58:08.223',3512.61,'库存详情-RK251111017',87.73,'admin','2025-11-11 23:58:08.223','admin','2025-11-11 23:58:08.223'),(1994076021048520804,1994076020444540946,'3','RK251111017',1,1829399118304964637,1992782691492712456,1992783170301874181,45.13,'BATCH20251111908','2025-06-26 23:58:08.223','2026-08-25 23:58:08.223',3282.44,'库存详情-RK251111017',45.13,'admin','2025-11-11 23:58:08.223','admin','2025-11-11 23:58:08.223'),(1994076021048520805,1994076020444540946,'3','RK251111017',1,1829399118304964640,1992782691492712456,1992783170301874181,53.20,'BATCH20251111298','2025-09-12 23:58:08.223','2027-04-26 23:58:08.223',3913.86,'库存详情-RK251111017',53.20,'admin','2025-11-11 23:58:08.223','admin','2025-11-11 23:58:08.223'),(1994076021048520806,1994076020444540946,'3','RK251111017',1,1829399118304964628,1992782691492712456,1992783170301874181,71.00,'BATCH20251111015','2025-09-05 23:58:08.223','2027-05-04 23:58:08.223',3164.85,'库存详情-RK251111017',71.00,'admin','2025-11-11 23:58:08.223','admin','2025-11-11 23:58:08.223');
/*!40000 ALTER TABLE `wms_inventory_detail` ENABLE KEYS */;
UNLOCK TABLES;

--
-- Table structure for table `wms_inventory_history`
--

DROP TABLE IF EXISTS `wms_inventory_history`;
/*!40101 SET @saved_cs_client     = @@character_set_client */;
/*!50503 SET character_set_client = utf8mb4 */;
CREATE TABLE `wms_inventory_history` (
  `id` bigint NOT NULL AUTO_INCREMENT,
  `warehouse_id` bigint DEFAULT NULL COMMENT '所属仓库',
  `area_id` bigint DEFAULT NULL COMMENT '所属库区',
  `sku_id` bigint DEFAULT NULL COMMENT '物料ID',
  `quantity` int DEFAULT NULL COMMENT '库存变化',
  `batch_no` varchar(64) CHARACTER SET utf8mb4 COLLATE utf8mb4_general_ci DEFAULT NULL COMMENT '批号',
  `production_date` datetime(3) DEFAULT NULL COMMENT '生产日期',
  `expiration_date` datetime(3) DEFAULT NULL COMMENT '过期日期',
  `amount` decimal(10,2) DEFAULT NULL COMMENT '金额',
  `remark` varchar(255) CHARACTER SET utf8mb4 COLLATE utf8mb4_general_ci DEFAULT NULL COMMENT '备注',
  `order_id` bigint DEFAULT NULL COMMENT '操作id（出库、入库、库存移动表单id）',
  `order_no` varchar(64) CHARACTER SET utf8mb4 COLLATE utf8mb4_general_ci DEFAULT NULL COMMENT '操作单号（入库、出库、移库、盘库单号）',
  `order_type` int DEFAULT NULL COMMENT '操作类型',
  `create_time` datetime(3) DEFAULT NULL COMMENT '创建时间',
  PRIMARY KEY (`id`) USING BTREE
) ENGINE=InnoDB AUTO_INCREMENT=1994076021765746836 DEFAULT CHARSET=utf8mb4 COLLATE=utf8mb4_general_ci ROW_FORMAT=DYNAMIC COMMENT='库存记录';
/*!40101 SET character_set_client = @saved_cs_client */;

--
-- Dumping data for table `wms_inventory_history`
--

LOCK TABLES `wms_inventory_history` WRITE;
/*!40000 ALTER TABLE `wms_inventory_history` DISABLE KEYS */;
INSERT INTO `wms_inventory_history` VALUES (1992789901962661889,1992782506943336450,1992782571778887681,1829399118304964609,100.00,'001','2025-11-06 00:00:00.000','2025-11-29 00:00:00.000',90.00,NULL,1992787885475516417,'RK11248425',1,'2025-11-24 10:58:31.539'),(1992789901962661890,1992782506943336450,1992782571778887681,1829399118304964610,100.00,'002','2025-11-06 00:00:00.000','2025-11-29 00:00:00.000',90.00,NULL,1992787885475516417,'RK11248425',1,'2025-11-24 10:58:31.544'),(1992789902021382146,1992782506943336450,1992782571778887681,1829398702011904002,100.00,'003','2025-11-06 00:00:00.000','2025-11-29 00:00:00.000',90.00,NULL,1992787885475516417,'RK11248425',1,'2025-11-24 10:58:31.548'),(1992789902046547969,1992782506943336450,1992782571778887681,1829398702011904001,100.00,'004','2025-11-06 00:00:00.000','2025-11-29 00:00:00.000',90.00,NULL,1992787885475516417,'RK11248425',1,'2025-11-24 10:58:31.551'),(1992790317349752835,1992782506943336450,1992782571778887681,1829398702011904001,-100.00,'004','2025-11-06 00:00:00.000','2025-11-29 00:00:00.000',NULL,NULL,1992790316796104706,'YK11245095',3,'2025-11-24 11:00:10.575'),(1992790317349752836,1992782642801037314,1992782816625577985,1829398702011904001,100.00,'004','2025-11-06 00:00:00.000','2025-11-29 00:00:00.000',NULL,NULL,1992790316796104706,'YK11245095',3,'2025-11-24 11:00:10.577'),(1992790317349752837,1992782506943336450,1992782571778887681,1829398702011904002,-100.00,'003','2025-11-06 00:00:00.000','2025-11-29 00:00:00.000',NULL,NULL,1992790316796104706,'YK11245095',3,'2025-11-24 11:00:10.579'),(1992790317349752838,1992782642801037314,1992782816625577985,1829398702011904002,100.00,'003','2025-11-06 00:00:00.000','2025-11-29 00:00:00.000',NULL,NULL,1992790316796104706,'YK11245095',3,'2025-11-24 11:00:10.580'),(1992790317412667394,1992782506943336450,1992782571778887681,1829399118304964609,-100.00,'001','2025-11-06 00:00:00.000','2025-11-29 00:00:00.000',NULL,NULL,1992790316796104706,'YK11245095',3,'2025-11-24 11:00:10.582'),(1992790317412667395,1992782642801037314,1992782816625577985,1829399118304964609,100.00,'001','2025-11-06 00:00:00.000','2025-11-29 00:00:00.000',NULL,NULL,1992790316796104706,'YK11245095',3,'2025-11-24 11:00:10.583'),(1992790317412667396,1992782506943336450,1992782571778887681,1829399118304964610,-100.00,'002','2025-11-06 00:00:00.000','2025-11-29 00:00:00.000',NULL,NULL,1992790316796104706,'YK11245095',3,'2025-11-24 11:00:10.584'),(1992790317412667397,1992782642801037314,1992782816625577985,1829399118304964610,100.00,'002','2025-11-06 00:00:00.000','2025-11-29 00:00:00.000',NULL,NULL,1992790316796104706,'YK11245095',3,'2025-11-24 11:00:10.585'),(1994076021765746690,1992782506943336450,1992782571778887681,1829399118304964609,1.00,NULL,NULL,NULL,100.00,NULL,1994076020444540929,'RK11281402',1,'2025-11-28 00:09:06.391'),(1994076021765746691,1992782691492712452,1992783170301874204,1829399118304964658,2.12,'BATCH20251127615','2025-06-27 23:58:08.223','2026-12-26 23:58:08.223',698.81,'入库历史-RK251127001',1994076020444540930,'RK251127001',1,'2025-11-27 23:58:08.223'),(1994076021765746692,1992782691492712452,1992783170301874204,1829399118304964653,66.81,'BATCH20251127703','2025-07-29 23:58:08.223','2026-11-02 23:58:08.223',1727.58,'入库历史-RK251127001',1994076020444540930,'RK251127001',1,'2025-11-27 23:58:08.223'),(1994076021765746693,1992782691492712452,1992783170301874204,1829399118304964633,96.52,'BATCH20251127199','2025-09-30 23:58:08.223','2026-08-01 23:58:08.223',3114.79,'入库历史-RK251127001',1994076020444540930,'RK251127001',1,'2025-11-27 23:58:08.223'),(1994076021765746694,1992782691492712452,1992783170301874204,1829399118304964640,98.74,'BATCH20251127866','2025-05-28 23:58:08.223','2027-01-26 23:58:08.223',849.06,'入库历史-RK251127001',1994076020444540930,'RK251127001',1,'2025-11-27 23:58:08.223'),(1994076021765746695,1992782691492712452,1992783170301874204,1829399118304964657,31.55,'BATCH20251127498','2025-05-30 23:58:08.223','2027-02-11 23:58:08.223',4464.85,'入库历史-RK251127001',1994076020444540930,'RK251127001',1,'2025-11-27 23:58:08.223'),(1994076021765746696,1992782691492712451,1992783170301874198,1828407871469686786,78.80,'BATCH20251126462','2025-08-11 23:58:08.223','2027-03-03 23:58:08.223',4845.93,'入库历史-RK251126002',1994076020444540931,'RK251126002',1,'2025-11-26 23:58:08.223'),(1994076021765746697,1992782691492712451,1992783170301874198,1829399118304964646,75.89,'BATCH20251126032','2025-05-02 23:58:08.223','2027-04-02 23:58:08.223',328.22,'入库历史-RK251126002',1994076020444540931,'RK251126002',1,'2025-11-26 23:58:08.223'),(1994076021765746698,1992782691492712451,1992783170301874198,1828402624005312516,16.45,'BATCH20251126159','2025-09-18 23:58:08.223','2027-01-06 23:58:08.223',2672.16,'入库历史-RK251126002',1994076020444540931,'RK251126002',1,'2025-11-26 23:58:08.223'),(1994076021765746699,1992782691492712451,1992783170301874198,1829399118304964636,8.55,'BATCH20251126088','2025-08-08 23:58:08.223','2027-05-20 23:58:08.223',3364.32,'入库历史-RK251126002',1994076020444540931,'RK251126002',1,'2025-11-26 23:58:08.223'),(1994076021765746700,1992782691492712451,1992783170301874198,1829399118304964660,21.37,'BATCH20251126477','2025-08-28 23:58:08.223','2026-08-19 23:58:08.223',138.53,'入库历史-RK251126002',1994076020444540931,'RK251126002',1,'2025-11-26 23:58:08.223'),(1994076021765746701,1992782691492712454,1992783170301874188,1829399118304964659,49.25,'BATCH20251125021','2025-05-31 23:58:08.223','2026-06-12 23:58:08.223',518.55,'入库历史-RK251125003',1994076020444540932,'RK251125003',1,'2025-11-25 23:58:08.223'),(1994076021765746702,1992782691492712454,1992783170301874188,1829399118304964630,2.76,'BATCH20251125108','2025-05-28 23:58:08.223','2027-04-11 23:58:08.223',1210.12,'入库历史-RK251125003',1994076020444540932,'RK251125003',1,'2025-11-25 23:58:08.223'),(1994076021765746703,1992782691492712454,1992783170301874188,1829399118304964647,93.96,'BATCH20251125222','2025-09-02 23:58:08.223','2027-03-26 23:58:08.223',3060.09,'入库历史-RK251125003',1994076020444540932,'RK251125003',1,'2025-11-25 23:58:08.223'),(1994076021765746704,1992782691492712454,1992783170301874188,1829399118304964641,26.03,'BATCH20251125904','2025-05-12 23:58:08.223','2027-04-28 23:58:08.223',2705.14,'入库历史-RK251125003',1994076020444540932,'RK251125003',1,'2025-11-25 23:58:08.223'),(1994076021765746705,1992782691492712454,1992783170301874188,1829399118304964639,68.39,'BATCH20251125339','2025-09-06 23:58:08.223','2026-10-08 23:58:08.223',2410.89,'入库历史-RK251125003',1994076020444540932,'RK251125003',1,'2025-11-25 23:58:08.223'),(1994076021765746706,1992782691492712453,1992783170301874187,1829399118304964615,55.89,'BATCH20251124752','2025-10-03 23:58:08.223','2026-09-30 23:58:08.223',4449.24,'入库历史-RK251124004',1994076020444540933,'RK251124004',1,'2025-11-24 23:58:08.223'),(1994076021765746707,1992782691492712453,1992783170301874187,1829398702011904001,97.49,'BATCH20251124987','2025-07-08 23:58:08.223','2026-06-19 23:58:08.223',3931.81,'入库历史-RK251124004',1994076020444540933,'RK251124004',1,'2025-11-24 23:58:08.223'),(1994076021765746708,1992782691492712453,1992783170301874187,1829399118304964624,91.04,'BATCH20251124293','2025-08-02 23:58:08.223','2026-11-09 23:58:08.223',5044.48,'入库历史-RK251124004',1994076020444540933,'RK251124004',1,'2025-11-24 23:58:08.223'),(1994076021765746709,1992782691492712453,1992783170301874187,1829399118304964649,82.03,'BATCH20251124189','2025-09-24 23:58:08.223','2026-09-08 23:58:08.223',4669.80,'入库历史-RK251124004',1994076020444540933,'RK251124004',1,'2025-11-24 23:58:08.223'),(1994076021765746710,1992782691492712453,1992783170301874187,1829399118304964634,4.30,'BATCH20251124803','2025-05-21 23:58:08.223','2027-05-12 23:58:08.223',1952.65,'入库历史-RK251124004',1994076020444540933,'RK251124004',1,'2025-11-24 23:58:08.223'),(1994076021765746711,1992782691492712451,1992783170301874182,1829399118304964619,37.02,'BATCH20251123138','2025-07-16 23:58:08.223','2026-10-03 23:58:08.223',268.03,'入库历史-RK251123005',1994076020444540934,'RK251123005',1,'2025-11-23 23:58:08.223'),(1994076021765746712,1992782691492712451,1992783170301874182,1829399118304964625,66.21,'BATCH20251123052','2025-06-29 23:58:08.223','2026-07-02 23:58:08.223',1057.88,'入库历史-RK251123005',1994076020444540934,'RK251123005',1,'2025-11-23 23:58:08.223'),(1994076021765746713,1992782691492712451,1992783170301874182,1829399118304964620,54.56,'BATCH20251123219','2025-10-24 23:58:08.223','2026-09-24 23:58:08.223',1875.98,'入库历史-RK251123005',1994076020444540934,'RK251123005',1,'2025-11-23 23:58:08.223'),(1994076021765746714,1992782691492712451,1992783170301874182,1829399118304964640,16.65,'BATCH20251123747','2025-10-24 23:58:08.223','2027-03-04 23:58:08.223',1266.41,'入库历史-RK251123005',1994076020444540934,'RK251123005',1,'2025-11-23 23:58:08.223'),(1994076021765746715,1992782691492712451,1992783170301874182,1829399118304964636,70.67,'BATCH20251123450','2025-06-16 23:58:08.223','2026-08-30 23:58:08.223',2589.85,'入库历史-RK251123005',1994076020444540934,'RK251123005',1,'2025-11-23 23:58:08.223'),(1994076021765746716,1992782691492712456,1992783170301874177,1829398492779048962,64.24,'BATCH20251122515','2025-08-26 23:58:08.223','2026-06-22 23:58:08.223',461.90,'入库历史-RK251122006',1994076020444540935,'RK251122006',1,'2025-11-22 23:58:08.223'),(1994076021765746717,1992782691492712456,1992783170301874177,1829399118304964645,29.47,'BATCH20251122361','2025-07-30 23:58:08.223','2026-09-08 23:58:08.223',2265.23,'入库历史-RK251122006',1994076020444540935,'RK251122006',1,'2025-11-22 23:58:08.223'),(1994076021765746718,1992782691492712456,1992783170301874177,1829399118304964654,7.62,'BATCH20251122745','2025-05-04 23:58:08.223','2026-12-10 23:58:08.223',2993.69,'入库历史-RK251122006',1994076020444540935,'RK251122006',1,'2025-11-22 23:58:08.223'),(1994076021765746719,1992782691492712456,1992783170301874177,1829399118304964658,15.37,'BATCH20251122249','2025-08-06 23:58:08.223','2026-10-27 23:58:08.223',4730.20,'入库历史-RK251122006',1994076020444540935,'RK251122006',1,'2025-11-22 23:58:08.223'),(1994076021765746720,1992782691492712456,1992783170301874177,1829399118304964651,43.68,'BATCH20251122734','2025-09-06 23:58:08.223','2026-06-29 23:58:08.223',4064.65,'入库历史-RK251122006',1994076020444540935,'RK251122006',1,'2025-11-22 23:58:08.223'),(1994076021765746721,1992782506943336450,1992783170301874185,1829399118304964656,70.43,'BATCH20251121369','2025-06-06 23:58:08.223','2027-02-18 23:58:08.223',3501.39,'入库历史-RK251121007',1994076020444540936,'RK251121007',1,'2025-11-21 23:58:08.223'),(1994076021765746722,1992782506943336450,1992783170301874185,1829398193024724994,3.52,'BATCH20251121838','2025-06-29 23:58:08.223','2027-01-29 23:58:08.223',963.77,'入库历史-RK251121007',1994076020444540936,'RK251121007',1,'2025-11-21 23:58:08.223'),(1994076021765746723,1992782506943336450,1992783170301874185,1829399118304964641,29.77,'BATCH20251121079','2025-08-06 23:58:08.223','2027-04-16 23:58:08.223',4992.02,'入库历史-RK251121007',1994076020444540936,'RK251121007',1,'2025-11-21 23:58:08.223'),(1994076021765746724,1992782506943336450,1992783170301874185,1829399118304964645,28.94,'BATCH20251121124','2025-10-15 23:58:08.223','2027-03-18 23:58:08.223',1011.57,'入库历史-RK251121007',1994076020444540936,'RK251121007',1,'2025-11-21 23:58:08.223'),(1994076021765746725,1992782506943336450,1992783170301874185,1829399118304964624,60.32,'BATCH20251121425','2025-07-06 23:58:08.223','2027-02-13 23:58:08.223',4254.78,'入库历史-RK251121007',1994076020444540936,'RK251121007',1,'2025-11-21 23:58:08.223'),(1994076021765746726,1992782506943336450,1992783170301874186,1829399118304964656,84.91,'BATCH20251120876','2025-06-10 23:58:08.223','2026-06-21 23:58:08.223',4443.35,'入库历史-RK251120008',1994076020444540937,'RK251120008',1,'2025-11-20 23:58:08.223'),(1994076021765746727,1992782506943336450,1992783170301874186,1829399118304964649,32.22,'BATCH20251120403','2025-10-19 23:58:08.223','2027-03-25 23:58:08.223',3389.61,'入库历史-RK251120008',1994076020444540937,'RK251120008',1,'2025-11-20 23:58:08.223'),(1994076021765746728,1992782506943336450,1992783170301874186,1829399118304964630,44.35,'BATCH20251120301','2025-08-21 23:58:08.223','2027-03-10 23:58:08.223',3651.23,'入库历史-RK251120008',1994076020444540937,'RK251120008',1,'2025-11-20 23:58:08.223'),(1994076021765746729,1992782506943336450,1992783170301874186,1828402624005312514,31.21,'BATCH20251120411','2025-09-04 23:58:08.223','2026-06-21 23:58:08.223',1367.61,'入库历史-RK251120008',1994076020444540937,'RK251120008',1,'2025-11-20 23:58:08.223'),(1994076021765746730,1992782506943336450,1992783170301874186,1829399118304964660,6.66,'BATCH20251120155','2025-04-28 23:58:08.223','2026-10-24 23:58:08.223',1374.82,'入库历史-RK251120008',1994076020444540937,'RK251120008',1,'2025-11-20 23:58:08.223'),(1994076021765746731,1992782642801037314,1992782816625577985,1829399118304964611,61.28,'BATCH20251119469','2025-08-14 23:58:08.223','2026-11-08 23:58:08.223',3327.13,'入库历史-RK251119009',1994076020444540938,'RK251119009',1,'2025-11-19 23:58:08.223'),(1994076021765746732,1992782642801037314,1992782816625577985,1829399118304964630,76.85,'BATCH20251119125','2025-04-27 23:58:08.223','2026-11-30 23:58:08.223',4450.05,'入库历史-RK251119009',1994076020444540938,'RK251119009',1,'2025-11-19 23:58:08.223'),(1994076021765746733,1992782642801037314,1992782816625577985,1829399118304964623,32.12,'BATCH20251119690','2025-06-21 23:58:08.223','2026-09-07 23:58:08.223',4673.48,'入库历史-RK251119009',1994076020444540938,'RK251119009',1,'2025-11-19 23:58:08.223'),(1994076021765746734,1992782642801037314,1992782816625577985,1829399118304964631,88.11,'BATCH20251119359','2025-08-07 23:58:08.223','2027-05-12 23:58:08.223',4022.49,'入库历史-RK251119009',1994076020444540938,'RK251119009',1,'2025-11-19 23:58:08.223'),(1994076021765746735,1992782642801037314,1992782816625577985,1829398702011904001,95.55,'BATCH20251119443','2025-05-21 23:58:08.223','2027-04-14 23:58:08.223',2329.50,'入库历史-RK251119009',1994076020444540938,'RK251119009',1,'2025-11-19 23:58:08.223'),(1994076021765746736,1992782642801037314,1992783170301874188,1829398333903007746,1.91,'BATCH20251118665','2025-06-14 23:58:08.223','2026-12-04 23:58:08.223',2742.29,'入库历史-RK251118010',1994076020444540939,'RK251118010',1,'2025-11-18 23:58:08.223'),(1994076021765746737,1992782642801037314,1992783170301874188,1829399118304964648,53.78,'BATCH20251118581','2025-05-27 23:58:08.223','2026-08-29 23:58:08.223',214.17,'入库历史-RK251118010',1994076020444540939,'RK251118010',1,'2025-11-18 23:58:08.223'),(1994076021765746738,1992782642801037314,1992783170301874188,1829399118304964628,72.55,'BATCH20251118891','2025-10-13 23:58:08.223','2026-11-14 23:58:08.223',4087.94,'入库历史-RK251118010',1994076020444540939,'RK251118010',1,'2025-11-18 23:58:08.223'),(1994076021765746739,1992782642801037314,1992783170301874188,1829399118304964617,52.55,'BATCH20251118295','2025-08-14 23:58:08.223','2027-05-01 23:58:08.223',1890.91,'入库历史-RK251118010',1994076020444540939,'RK251118010',1,'2025-11-18 23:58:08.223'),(1994076021765746740,1992782642801037314,1992783170301874188,1829399118304964646,85.33,'BATCH20251118929','2025-06-03 23:58:08.223','2026-06-09 23:58:08.223',1508.88,'入库历史-RK251118010',1994076020444540939,'RK251118010',1,'2025-11-18 23:58:08.223'),(1994076021765746754,1992782691492712451,1992783170301874196,1828407871469686786,-47.82,'BATCH20251127749','2025-08-16 23:58:08.223','2027-03-16 23:58:08.223',365.05,'出库历史-CK251127001',1829407217174638594,'CK251127001',2,'2025-11-27 23:58:08.223'),(1994076021765746755,1992782691492712451,1992783170301874196,1829399118304964651,-27.52,'BATCH20251127710','2025-09-28 23:58:08.223','2027-02-11 23:58:08.223',1410.86,'出库历史-CK251127001',1829407217174638594,'CK251127001',2,'2025-11-27 23:58:08.223'),(1994076021765746756,1992782691492712451,1992783170301874196,1828408321522700289,-12.70,'BATCH20251127909','2025-05-05 23:58:08.223','2026-07-27 23:58:08.223',1596.95,'出库历史-CK251127001',1829407217174638594,'CK251127001',2,'2025-11-27 23:58:08.223'),(1994076021765746757,1992782691492712451,1992783170301874196,1829399118304964649,-43.95,'BATCH20251127445','2025-07-10 23:58:08.223','2027-02-16 23:58:08.223',643.25,'出库历史-CK251127001',1829407217174638594,'CK251127001',2,'2025-11-27 23:58:08.223'),(1994076021765746758,1992782691492712453,1992783170301874195,1829399118304964638,-28.07,'BATCH20251126222','2025-07-11 23:58:08.223','2026-09-26 23:58:08.223',537.57,'出库历史-CK251126002',1829407217174638595,'CK251126002',2,'2025-11-26 23:58:08.223'),(1994076021765746759,1992782691492712453,1992783170301874195,1829399118304964649,-1.45,'BATCH20251126867','2025-09-21 23:58:08.223','2026-10-20 23:58:08.223',1166.94,'出库历史-CK251126002',1829407217174638595,'CK251126002',2,'2025-11-26 23:58:08.223'),(1994076021765746760,1992782691492712453,1992783170301874195,1829399118304964623,-25.07,'BATCH20251126459','2025-06-14 23:58:08.223','2026-10-12 23:58:08.223',571.89,'出库历史-CK251126002',1829407217174638595,'CK251126002',2,'2025-11-26 23:58:08.223'),(1994076021765746761,1992782691492712453,1992783170301874195,1829399118304964620,-32.25,'BATCH20251126687','2025-06-24 23:58:08.223','2026-10-29 23:58:08.223',2767.26,'出库历史-CK251126002',1829407217174638595,'CK251126002',2,'2025-11-26 23:58:08.223'),(1994076021765746762,1992782691492712452,1992783170301874182,1829398492779048962,-29.53,'BATCH20251125250','2025-09-08 23:58:08.223','2026-12-30 23:58:08.223',3006.76,'出库历史-CK251125003',1829407217174638596,'CK251125003',2,'2025-11-25 23:58:08.223'),(1994076021765746763,1992782691492712452,1992783170301874182,1829399118304964636,-30.95,'BATCH20251125174','2025-10-11 23:58:08.223','2027-04-22 23:58:08.223',1812.76,'出库历史-CK251125003',1829407217174638596,'CK251125003',2,'2025-11-25 23:58:08.223'),(1994076021765746764,1992782691492712452,1992783170301874182,1829399118304964651,-46.25,'BATCH20251125251','2025-05-22 23:58:08.223','2027-01-04 23:58:08.223',2409.34,'出库历史-CK251125003',1829407217174638596,'CK251125003',2,'2025-11-25 23:58:08.223'),(1994076021765746765,1992782691492712452,1992783170301874182,1829399118304964626,-47.90,'BATCH20251125915','2025-08-26 23:58:08.223','2027-05-07 23:58:08.223',2267.64,'出库历史-CK251125003',1829407217174638596,'CK251125003',2,'2025-11-25 23:58:08.223'),(1994076021765746766,1992782642801037314,1992783170301874194,1829399118304964610,-2.19,'BATCH20251124301','2025-09-05 23:58:08.223','2026-11-19 23:58:08.223',253.15,'出库历史-CK251124004',1829407217174638597,'CK251124004',2,'2025-11-24 23:58:08.223'),(1994076021765746767,1992782642801037314,1992783170301874194,1829399118304964610,-46.50,'BATCH20251124940','2025-07-27 23:58:08.223','2027-01-26 23:58:08.223',2232.27,'出库历史-CK251124004',1829407217174638597,'CK251124004',2,'2025-11-24 23:58:08.223'),(1994076021765746768,1992782642801037314,1992783170301874194,1829399118304964625,-25.90,'BATCH20251124294','2025-04-29 23:58:08.223','2026-06-30 23:58:08.223',502.82,'出库历史-CK251124004',1829407217174638597,'CK251124004',2,'2025-11-24 23:58:08.223'),(1994076021765746769,1992782642801037314,1992783170301874194,1829399118304964622,-43.41,'BATCH20251124447','2025-10-18 23:58:08.223','2027-03-31 23:58:08.223',1224.77,'出库历史-CK251124004',1829407217174638597,'CK251124004',2,'2025-11-24 23:58:08.223'),(1994076021765746770,1992782642801037314,1992783170301874188,1829399118304964635,-19.64,'BATCH20251123735','2025-06-09 23:58:08.223','2027-01-04 23:58:08.223',2942.25,'出库历史-CK251123005',1829407217174638598,'CK251123005',2,'2025-11-23 23:58:08.223'),(1994076021765746771,1992782642801037314,1992783170301874188,1829399118304964637,-19.80,'BATCH20251123543','2025-08-29 23:58:08.223','2027-04-28 23:58:08.223',432.90,'出库历史-CK251123005',1829407217174638598,'CK251123005',2,'2025-11-23 23:58:08.223'),(1994076021765746772,1992782642801037314,1992783170301874188,1829399118304964626,-42.46,'BATCH20251123167','2025-05-26 23:58:08.223','2027-02-01 23:58:08.223',1022.53,'出库历史-CK251123005',1829407217174638598,'CK251123005',2,'2025-11-23 23:58:08.223'),(1994076021765746773,1992782642801037314,1992783170301874188,1829399118304964657,-21.34,'BATCH20251123693','2025-05-12 23:58:08.223','2026-11-27 23:58:08.223',578.23,'出库历史-CK251123005',1829407217174638598,'CK251123005',2,'2025-11-23 23:58:08.223'),(1994076021765746774,1992782691492712455,1992783170301874191,1829399118304964637,-21.55,'BATCH20251122351','2025-10-23 23:58:08.223','2027-05-06 23:58:08.223',2780.17,'出库历史-CK251122006',1829407217174638599,'CK251122006',2,'2025-11-22 23:58:08.223'),(1994076021765746775,1992782691492712455,1992783170301874191,1829399118304964620,-41.13,'BATCH20251122165','2025-06-23 23:58:08.223','2027-04-16 23:58:08.223',2173.45,'出库历史-CK251122006',1829407217174638599,'CK251122006',2,'2025-11-22 23:58:08.223'),(1994076021765746776,1992782691492712455,1992783170301874191,1829399118304964628,-44.44,'BATCH20251122955','2025-08-06 23:58:08.223','2026-09-17 23:58:08.223',367.06,'出库历史-CK251122006',1829407217174638599,'CK251122006',2,'2025-11-22 23:58:08.223'),(1994076021765746777,1992782691492712455,1992783170301874191,1829399118304964610,-18.31,'BATCH20251122806','2025-10-01 23:58:08.223','2026-07-31 23:58:08.223',2936.80,'出库历史-CK251122006',1829407217174638599,'CK251122006',2,'2025-11-22 23:58:08.223'),(1994076021765746778,1992782691492712457,1992783170301874206,1829399118304964643,-2.15,'BATCH20251121321','2025-05-01 23:58:08.223','2027-04-11 23:58:08.223',2664.21,'出库历史-CK251121007',1829407217174638600,'CK251121007',2,'2025-11-21 23:58:08.223'),(1994076021765746779,1992782691492712457,1992783170301874206,1829399118304964657,-11.46,'BATCH20251121415','2025-05-23 23:58:08.223','2027-05-17 23:58:08.223',1255.19,'出库历史-CK251121007',1829407217174638600,'CK251121007',2,'2025-11-21 23:58:08.223'),(1994076021765746780,1992782691492712457,1992783170301874206,1829399118304964617,-40.73,'BATCH20251121811','2025-07-17 23:58:08.223','2026-08-26 23:58:08.223',2547.13,'出库历史-CK251121007',1829407217174638600,'CK251121007',2,'2025-11-21 23:58:08.223'),(1994076021765746781,1992782691492712457,1992783170301874206,1829399118304964636,-32.93,'BATCH20251121748','2025-06-11 23:58:08.223','2026-11-05 23:58:08.223',1028.37,'出库历史-CK251121007',1829407217174638600,'CK251121007',2,'2025-11-21 23:58:08.223'),(1994076021765746782,1992782691492712450,1992783170301874194,1829399118304964641,-12.55,'BATCH20251120332','2025-08-03 23:58:08.223','2026-08-06 23:58:08.223',1244.53,'出库历史-CK251120008',1829407217174638601,'CK251120008',2,'2025-11-20 23:58:08.223'),(1994076021765746783,1992782691492712450,1992783170301874194,1829399118304964611,-49.47,'BATCH20251120201','2025-08-22 23:58:08.223','2026-06-17 23:58:08.223',694.91,'出库历史-CK251120008',1829407217174638601,'CK251120008',2,'2025-11-20 23:58:08.223'),(1994076021765746785,1992782691492712452,1992783170301874190,1829399118304964651,-42.14,'BATCH20251127816','2025-05-28 23:58:08.223','2027-03-21 23:58:08.223',NULL,'移库历史-YK251127001-源',1992790316796104707,'YK251127001',3,'2025-11-27 23:58:08.223'),(1994076021765746786,1992782691492712452,1992783170301874190,1829399118304964647,-52.16,'BATCH20251127715','2025-06-16 23:58:08.223','2026-12-29 23:58:08.223',NULL,'移库历史-YK251127001-源',1992790316796104707,'YK251127001',3,'2025-11-27 23:58:08.223'),(1994076021765746787,1992782691492712452,1992783170301874190,1829399118304964620,-48.06,'BATCH20251127206','2025-08-09 23:58:08.223','2027-01-02 23:58:08.223',NULL,'移库历史-YK251127001-源',1992790316796104707,'YK251127001',3,'2025-11-27 23:58:08.223'),(1994076021765746788,1992782691492712452,1992783170301874190,1829399118304964631,-36.49,'BATCH20251127264','2025-08-12 23:58:08.223','2026-10-05 23:58:08.223',NULL,'移库历史-YK251127001-源',1992790316796104707,'YK251127001',3,'2025-11-27 23:58:08.223'),(1994076021765746789,1992782506943336450,1992783170301874185,1829399118304964658,-44.54,'BATCH20251126811','2025-06-26 23:58:08.223','2027-05-20 23:58:08.223',NULL,'移库历史-YK251126002-源',1992790316796104708,'YK251126002',3,'2025-11-26 23:58:08.223'),(1994076021765746790,1992782506943336450,1992783170301874185,1829399118304964625,-26.25,'BATCH20251126486','2025-09-30 23:58:08.223','2026-09-17 23:58:08.223',NULL,'移库历史-YK251126002-源',1992790316796104708,'YK251126002',3,'2025-11-26 23:58:08.223'),(1994076021765746791,1992782506943336450,1992783170301874185,1829399118304964625,-37.75,'BATCH20251126625','2025-09-29 23:58:08.223','2027-04-27 23:58:08.223',NULL,'移库历史-YK251126002-源',1992790316796104708,'YK251126002',3,'2025-11-26 23:58:08.223'),(1994076021765746792,1992782506943336450,1992783170301874185,1829399118304964609,-10.63,'BATCH20251126961','2025-08-04 23:58:08.223','2026-11-10 23:58:08.223',NULL,'移库历史-YK251126002-源',1992790316796104708,'YK251126002',3,'2025-11-26 23:58:08.223'),(1994076021765746793,1992782691492712450,1992783170301874201,1829399118304964657,-51.02,'BATCH20251125364','2025-10-16 23:58:08.223','2026-08-04 23:58:08.223',NULL,'移库历史-YK251125003-源',1992790316796104709,'YK251125003',3,'2025-11-25 23:58:08.223'),(1994076021765746794,1992782691492712450,1992783170301874201,1829399118304964643,-23.40,'BATCH20251125993','2025-05-24 23:58:08.223','2026-09-23 23:58:08.223',NULL,'移库历史-YK251125003-源',1992790316796104709,'YK251125003',3,'2025-11-25 23:58:08.223'),(1994076021765746795,1992782691492712450,1992783170301874201,1829399118304964652,-37.63,'BATCH20251125052','2025-09-02 23:58:08.223','2026-09-28 23:58:08.223',NULL,'移库历史-YK251125003-源',1992790316796104709,'YK251125003',3,'2025-11-25 23:58:08.223'),(1994076021765746796,1992782691492712450,1992783170301874201,1829399118304964628,-36.29,'BATCH20251125308','2025-06-30 23:58:08.223','2026-10-09 23:58:08.223',NULL,'移库历史-YK251125003-源',1992790316796104709,'YK251125003',3,'2025-11-25 23:58:08.223'),(1994076021765746797,1992782691492712453,1992783170301874188,1828402624005312515,-11.55,'BATCH20251124333','2025-09-07 23:58:08.223','2026-09-30 23:58:08.223',NULL,'移库历史-YK251124004-源',1992790316796104710,'YK251124004',3,'2025-11-24 23:58:08.223'),(1994076021765746798,1992782691492712453,1992783170301874188,1829399118304964647,-23.65,'BATCH20251124469','2025-09-15 23:58:08.223','2027-02-13 23:58:08.223',NULL,'移库历史-YK251124004-源',1992790316796104710,'YK251124004',3,'2025-11-24 23:58:08.223'),(1994076021765746799,1992782691492712453,1992783170301874188,1829399118304964623,-46.38,'BATCH20251124750','2025-09-07 23:58:08.223','2026-06-24 23:58:08.223',NULL,'移库历史-YK251124004-源',1992790316796104710,'YK251124004',3,'2025-11-24 23:58:08.223'),(1994076021765746800,1992782691492712453,1992783170301874188,1829399118304964609,-10.73,'BATCH20251124392','2025-07-06 23:58:08.223','2027-04-21 23:58:08.223',NULL,'移库历史-YK251124004-源',1992790316796104710,'YK251124004',3,'2025-11-24 23:58:08.223'),(1994076021765746801,1992782691492712452,1992783170301874186,1829399118304964637,-13.99,'BATCH20251123755','2025-09-12 23:58:08.223','2027-04-22 23:58:08.223',NULL,'移库历史-YK251123005-源',1992790316796104711,'YK251123005',3,'2025-11-23 23:58:08.223'),(1994076021765746802,1992782691492712452,1992783170301874186,1829399118304964638,-53.81,'BATCH20251123196','2025-10-16 23:58:08.223','2027-01-16 23:58:08.223',NULL,'移库历史-YK251123005-源',1992790316796104711,'YK251123005',3,'2025-11-23 23:58:08.223'),(1994076021765746803,1992782691492712452,1992783170301874186,1829399118304964621,-36.94,'BATCH20251123819','2025-09-22 23:58:08.223','2026-10-29 23:58:08.223',NULL,'移库历史-YK251123005-源',1992790316796104711,'YK251123005',3,'2025-11-23 23:58:08.223'),(1994076021765746804,1992782691492712452,1992783170301874186,1829398702011904001,-5.37,'BATCH20251123752','2025-06-13 23:58:08.223','2026-11-01 23:58:08.223',NULL,'移库历史-YK251123005-源',1992790316796104711,'YK251123005',3,'2025-11-23 23:58:08.223'),(1994076021765746816,1992782642801037314,1992783170301874177,1829399118304964651,42.14,'BATCH20251127816','2025-05-28 23:58:08.223','2027-03-21 23:58:08.223',NULL,'移库历史-YK251127001-目标',1992790316796104707,'YK251127001',3,'2025-11-27 23:58:08.223'),(1994076021765746817,1992782642801037314,1992783170301874177,1829399118304964647,52.16,'BATCH20251127715','2025-06-16 23:58:08.223','2026-12-29 23:58:08.223',NULL,'移库历史-YK251127001-目标',1992790316796104707,'YK251127001',3,'2025-11-27 23:58:08.223'),(1994076021765746818,1992782642801037314,1992783170301874177,1829399118304964620,48.06,'BATCH20251127206','2025-08-09 23:58:08.223','2027-01-02 23:58:08.223',NULL,'移库历史-YK251127001-目标',1992790316796104707,'YK251127001',3,'2025-11-27 23:58:08.223'),(1994076021765746819,1992782642801037314,1992783170301874177,1829399118304964631,36.49,'BATCH20251127264','2025-08-12 23:58:08.223','2026-10-05 23:58:08.223',NULL,'移库历史-YK251127001-目标',1992790316796104707,'YK251127001',3,'2025-11-27 23:58:08.223'),(1994076021765746820,1992782691492712453,1992783170301874198,1829399118304964658,44.54,'BATCH20251126811','2025-06-26 23:58:08.223','2027-05-20 23:58:08.223',NULL,'移库历史-YK251126002-目标',1992790316796104708,'YK251126002',3,'2025-11-26 23:58:08.223'),(1994076021765746821,1992782691492712453,1992783170301874198,1829399118304964625,26.25,'BATCH20251126486','2025-09-30 23:58:08.223','2026-09-17 23:58:08.223',NULL,'移库历史-YK251126002-目标',1992790316796104708,'YK251126002',3,'2025-11-26 23:58:08.223'),(1994076021765746822,1992782691492712453,1992783170301874198,1829399118304964625,37.75,'BATCH20251126625','2025-09-29 23:58:08.223','2027-04-27 23:58:08.223',NULL,'移库历史-YK251126002-目标',1992790316796104708,'YK251126002',3,'2025-11-26 23:58:08.223'),(1994076021765746823,1992782691492712453,1992783170301874198,1829399118304964609,10.63,'BATCH20251126961','2025-08-04 23:58:08.223','2026-11-10 23:58:08.223',NULL,'移库历史-YK251126002-目标',1992790316796104708,'YK251126002',3,'2025-11-26 23:58:08.223'),(1994076021765746824,1992782691492712454,1992783170301874184,1829399118304964657,51.02,'BATCH20251125364','2025-10-16 23:58:08.223','2026-08-04 23:58:08.223',NULL,'移库历史-YK251125003-目标',1992790316796104709,'YK251125003',3,'2025-11-25 23:58:08.223'),(1994076021765746825,1992782691492712454,1992783170301874184,1829399118304964643,23.40,'BATCH20251125993','2025-05-24 23:58:08.223','2026-09-23 23:58:08.223',NULL,'移库历史-YK251125003-目标',1992790316796104709,'YK251125003',3,'2025-11-25 23:58:08.223'),(1994076021765746826,1992782691492712454,1992783170301874184,1829399118304964652,37.63,'BATCH20251125052','2025-09-02 23:58:08.223','2026-09-28 23:58:08.223',NULL,'移库历史-YK251125003-目标',1992790316796104709,'YK251125003',3,'2025-11-25 23:58:08.223'),(1994076021765746827,1992782691492712454,1992783170301874184,1829399118304964628,36.29,'BATCH20251125308','2025-06-30 23:58:08.223','2026-10-09 23:58:08.223',NULL,'移库历史-YK251125003-目标',1992790316796104709,'YK251125003',3,'2025-11-25 23:58:08.223'),(1994076021765746828,1992782506943336450,1992783170301874179,1828402624005312515,11.55,'BATCH20251124333','2025-09-07 23:58:08.223','2026-09-30 23:58:08.223',NULL,'移库历史-YK251124004-目标',1992790316796104710,'YK251124004',3,'2025-11-24 23:58:08.223'),(1994076021765746829,1992782506943336450,1992783170301874179,1829399118304964647,23.65,'BATCH20251124469','2025-09-15 23:58:08.223','2027-02-13 23:58:08.223',NULL,'移库历史-YK251124004-目标',1992790316796104710,'YK251124004',3,'2025-11-24 23:58:08.223'),(1994076021765746830,1992782506943336450,1992783170301874179,1829399118304964623,46.38,'BATCH20251124750','2025-09-07 23:58:08.223','2026-06-24 23:58:08.223',NULL,'移库历史-YK251124004-目标',1992790316796104710,'YK251124004',3,'2025-11-24 23:58:08.223'),(1994076021765746831,1992782506943336450,1992783170301874179,1829399118304964609,10.73,'BATCH20251124392','2025-07-06 23:58:08.223','2027-04-21 23:58:08.223',NULL,'移库历史-YK251124004-目标',1992790316796104710,'YK251124004',3,'2025-11-24 23:58:08.223'),(1994076021765746832,1992782691492712456,1992783170301874195,1829399118304964637,13.99,'BATCH20251123755','2025-09-12 23:58:08.223','2027-04-22 23:58:08.223',NULL,'移库历史-YK251123005-目标',1992790316796104711,'YK251123005',3,'2025-11-23 23:58:08.223'),(1994076021765746833,1992782691492712456,1992783170301874195,1829399118304964638,53.81,'BATCH20251123196','2025-10-16 23:58:08.223','2027-01-16 23:58:08.223',NULL,'移库历史-YK251123005-目标',1992790316796104711,'YK251123005',3,'2025-11-23 23:58:08.223'),(1994076021765746834,1992782691492712456,1992783170301874195,1829399118304964621,36.94,'BATCH20251123819','2025-09-22 23:58:08.223','2026-10-29 23:58:08.223',NULL,'移库历史-YK251123005-目标',1992790316796104711,'YK251123005',3,'2025-11-23 23:58:08.223'),(1994076021765746835,1992782691492712456,1992783170301874195,1829398702011904001,5.37,'BATCH20251123752','2025-06-13 23:58:08.223','2026-11-01 23:58:08.223',NULL,'移库历史-YK251123005-目标',1992790316796104711,'YK251123005',3,'2025-11-23 23:58:08.223');
/*!40000 ALTER TABLE `wms_inventory_history` ENABLE KEYS */;
UNLOCK TABLES;

--
-- Table structure for table `wms_item`
--

DROP TABLE IF EXISTS `wms_item`;
/*!40101 SET @saved_cs_client     = @@character_set_client */;
/*!50503 SET character_set_client = utf8mb4 */;
CREATE TABLE `wms_item` (
  `id` bigint NOT NULL AUTO_INCREMENT,
  `item_code` varchar(20) CHARACTER SET utf8mb4 COLLATE utf8mb4_general_ci DEFAULT NULL COMMENT '编号',
  `item_name` varchar(60) CHARACTER SET utf8mb4 COLLATE utf8mb4_general_ci NOT NULL COMMENT '名称',
  `item_category` varchar(20) CHARACTER SET utf8mb4 COLLATE utf8mb4_general_ci DEFAULT NULL COMMENT '分类',
  `unit` varchar(20) CHARACTER SET utf8mb4 COLLATE utf8mb4_general_ci DEFAULT NULL COMMENT '单位类别',
  `item_brand` bigint DEFAULT NULL COMMENT '品牌',
  `remark` varchar(255) CHARACTER SET utf8mb4 COLLATE utf8mb4_general_ci DEFAULT NULL COMMENT '备注',
  `create_by` varchar(64) CHARACTER SET utf8mb4 COLLATE utf8mb4_general_ci DEFAULT NULL COMMENT '创建人',
  `create_time` datetime(3) DEFAULT NULL COMMENT '创建时间',
  `update_by` varchar(64) CHARACTER SET utf8mb4 COLLATE utf8mb4_general_ci DEFAULT NULL COMMENT '修改人',
  `update_time` datetime(3) DEFAULT NULL COMMENT '修改时间',
  PRIMARY KEY (`id`) USING BTREE
) ENGINE=InnoDB AUTO_INCREMENT=1829399118040723478 DEFAULT CHARSET=utf8mb4 COLLATE=utf8mb4_general_ci ROW_FORMAT=DYNAMIC COMMENT='物料';
/*!40101 SET character_set_client = @saved_cs_client */;

--
-- Dumping data for table `wms_item`
--

LOCK TABLES `wms_item` WRITE;
/*!40000 ALTER TABLE `wms_item` DISABLE KEYS */;
INSERT INTO `wms_item` VALUES (1828402622516334594,NULL,'华为 nova flip','1828364988754595841',NULL,1828364927610032129,NULL,'admin','2025-10-27 20:02:09.948','admin','2025-10-27 20:02:09.948'),(1828406450112335874,NULL,'macbook','1828365043024695297',NULL,1828364873889386498,NULL,'admin','2025-10-27 20:02:09.948','admin','2025-10-27 20:02:09.948'),(1828407870173646849,NULL,'爱普生打印机','1828365014901886978',NULL,NULL,NULL,'admin','2025-10-27 20:02:09.948','admin','2025-10-27 20:02:09.948'),(1828408320146968578,NULL,'小米米家436L十字四门风冷无霜嵌入式家用冰箱','1828405773474631681',NULL,1828364846953566209,NULL,'admin','2025-10-27 20:02:09.948','admin','2025-10-27 20:02:09.948'),(1828408795734904833,NULL,'杠铃','1828408600515219457',NULL,NULL,NULL,'admin','2025-10-27 20:02:09.948','admin','2025-10-27 20:02:09.948'),(1829398192563351554,NULL,'舟山带鱼','1829398007993004034',NULL,NULL,NULL,'admin','2025-10-27 20:02:09.948','admin','2025-10-27 20:02:09.948'),(1829398333580046338,NULL,'青岛大虾','1829398007993004034',NULL,NULL,NULL,'admin','2025-10-27 20:02:09.948','admin','2025-10-27 20:02:09.948'),(1829398492388978689,NULL,'启东黄鱼','1829398007993004034',NULL,NULL,NULL,'admin','2025-10-27 20:02:09.948','admin','2025-10-27 20:02:09.948'),(1829398701680553985,NULL,'红富士苹果','1829397958923841538',NULL,NULL,NULL,'admin','2025-10-27 20:02:09.948','admin','2025-10-27 20:02:09.948'),(1829399118040723457,NULL,'树山梨','1829397958923841538',NULL,NULL,NULL,'admin','2025-10-27 20:02:09.948','admin','2025-10-27 20:02:09.948'),(1829399118040723458,'ITEM0011','联想ThinkPad X1','1828365043024695297','台',1828407291103842307,'商务笔记本电脑','admin','2025-11-28 23:58:08.223','admin','2025-11-28 23:58:08.223'),(1829399118040723459,'ITEM0012','戴尔XPS 13','1828365043024695297','台',1828407291103842308,'超薄笔记本电脑','admin','2025-11-28 23:58:08.223','admin','2025-11-28 23:58:08.223'),(1829399118040723460,'ITEM0013','三星Galaxy S24','1828364988754595841','台',1828407291103842309,'智能手机','admin','2025-11-28 23:58:08.223','admin','2025-11-28 23:58:08.223'),(1829399118040723461,'ITEM0014','OPPO Find X7','1828364988754595841','台',1828407291103842310,'旗舰手机','admin','2025-11-28 23:58:08.223','admin','2025-11-28 23:58:08.223'),(1829399118040723462,'ITEM0015','美的空调KFR-35','1828405743737016322','台',1828407291103842312,'1.5匹空调','admin','2025-11-28 23:58:08.223','admin','2025-11-28 23:58:08.223'),(1829399118040723463,'ITEM0016','格力空调KFR-50','1828405743737016322','台',1828407291103842313,'2匹空调','admin','2025-11-28 23:58:08.223','admin','2025-11-28 23:58:08.223'),(1829399118040723464,'ITEM0017','海尔洗衣机XQG100','1828405743737016322','台',1828407291103842314,'10公斤洗衣机','admin','2025-11-28 23:58:08.223','admin','2025-11-28 23:58:08.223'),(1829399118040723465,'ITEM0018','海信电视65E8K','1828405743737016322','台',1828407291103842315,'65寸4K电视','admin','2025-11-28 23:58:08.223','admin','2025-11-28 23:58:08.223'),(1829399118040723466,'ITEM0019','TCL电视75Q10G','1828405743737016322','台',1828407291103842316,'75寸QLED电视','admin','2025-11-28 23:58:08.223','admin','2025-11-29 13:19:38.953'),(1829399118040723467,'ITEM0020','vivo X100','1828364988754595841','台',1828407291103842311,'拍照手机','admin','2025-11-28 23:58:08.223','admin','2025-11-29 13:19:13.769'),(1829399118040723468,'ITEM0021','办公椅','1829398007993004035','把',NULL,'人体工学办公椅','admin','2025-11-28 23:58:08.223','admin','2025-11-28 23:58:08.223'),(1829399118040723469,'ITEM0022','打印机纸A4','1829398007993004035','包',NULL,'500张/包','admin','2025-11-28 23:58:08.223','admin','2025-11-28 23:58:08.223'),(1829399118040723470,'ITEM0023','汽车轮胎','1829398007993004036','条',NULL,'205/55R16','admin','2025-11-28 23:58:08.223','admin','2025-11-28 23:58:08.223'),(1829399118040723471,'ITEM0024','汽车机油','1829398007993004036','升',NULL,'5W-30全合成','admin','2025-11-28 23:58:08.223','admin','2025-11-28 23:58:08.223'),(1829399118040723472,'ITEM0025','跑步机','1829398007993004037','台',NULL,'家用跑步机','admin','2025-11-28 23:58:08.223','admin','2025-11-28 23:58:08.223'),(1829399118040723473,'ITEM0026','哑铃','1829398007993004037','对',NULL,'可调节哑铃','admin','2025-11-28 23:58:08.223','admin','2025-11-28 23:58:08.223'),(1829399118040723474,'ITEM0027','口红','1829398007993004038','支',NULL,'正红色','admin','2025-11-28 23:58:08.223','admin','2025-11-28 23:58:08.223'),(1829399118040723475,'ITEM0028','面膜','1829398007993004038','片',NULL,'补水面膜','admin','2025-11-28 23:58:08.223','admin','2025-11-28 23:58:08.223'),(1829399118040723476,'ITEM0029','婴儿奶粉','1829398007993004039','罐',NULL,'1段奶粉','admin','2025-11-28 23:58:08.223','admin','2025-11-28 23:58:08.223'),(1829399118040723477,'ITEM0030','纸尿裤','1829398007993004039','包',NULL,'L码','admin','2025-11-28 23:58:08.223','admin','2025-11-28 23:58:08.223');
/*!40000 ALTER TABLE `wms_item` ENABLE KEYS */;
UNLOCK TABLES;

--
-- Table structure for table `wms_item_brand`
--

DROP TABLE IF EXISTS `wms_item_brand`;
/*!40101 SET @saved_cs_client     = @@character_set_client */;
/*!50503 SET character_set_client = utf8mb4 */;
CREATE TABLE `wms_item_brand` (
  `id` bigint NOT NULL AUTO_INCREMENT,
  `brand_name` varchar(30) CHARACTER SET utf8mb4 COLLATE utf8mb4_general_ci NOT NULL COMMENT '品牌名称',
  `create_by` varchar(64) CHARACTER SET utf8mb4 COLLATE utf8mb4_general_ci DEFAULT NULL COMMENT '创建者',
  `create_time` datetime(3) DEFAULT NULL COMMENT '创建时间',
  `update_by` varchar(64) CHARACTER SET utf8mb4 COLLATE utf8mb4_general_ci DEFAULT NULL COMMENT '更新者',
  `update_time` datetime(3) DEFAULT NULL COMMENT '更新时间',
  PRIMARY KEY (`id`) USING BTREE
) ENGINE=InnoDB AUTO_INCREMENT=1828407291103842317 DEFAULT CHARSET=utf8mb4 COLLATE=utf8mb4_general_ci ROW_FORMAT=DYNAMIC COMMENT='商品品牌表';
/*!40101 SET character_set_client = @saved_cs_client */;

--
-- Dumping data for table `wms_item_brand`
--

LOCK TABLES `wms_item_brand` WRITE;
/*!40000 ALTER TABLE `wms_item_brand` DISABLE KEYS */;
INSERT INTO `wms_item_brand` VALUES (1828364846953566209,'小米','admin','2024-08-27 17:32:03.551','admin','2024-08-27 17:32:03.551'),(1828364873889386498,'苹果','admin','2024-08-27 17:32:09.971','admin','2024-08-27 17:32:09.971'),(1828364927610032129,'华为','admin','2024-08-27 17:32:22.786','admin','2024-08-27 17:32:22.786'),(1828407151135723522,'爱普生','admin','2024-08-27 20:20:09.656','admin','2024-08-27 20:20:09.656'),(1828407291103842306,'惠普','admin','2024-08-27 20:20:43.031','admin','2024-08-27 20:20:43.031'),(1828407291103842307,'联想','admin','2025-11-28 23:58:08.223','admin','2025-11-28 23:58:08.223'),(1828407291103842308,'戴尔','admin','2025-11-28 23:58:08.223','admin','2025-11-28 23:58:08.223'),(1828407291103842309,'三星','admin','2025-11-28 23:58:08.223','admin','2025-11-28 23:58:08.223'),(1828407291103842310,'OPPO','admin','2025-11-28 23:58:08.223','admin','2025-11-28 23:58:08.223'),(1828407291103842311,'vivo','admin','2025-11-28 23:58:08.223','admin','2025-11-28 23:58:08.223'),(1828407291103842312,'美的','admin','2025-11-28 23:58:08.223','admin','2025-11-28 23:58:08.223'),(1828407291103842313,'格力','admin','2025-11-28 23:58:08.223','admin','2025-11-28 23:58:08.223'),(1828407291103842314,'海尔','admin','2025-11-28 23:58:08.223','admin','2025-11-28 23:58:08.223'),(1828407291103842315,'海信','admin','2025-11-28 23:58:08.223','admin','2025-11-28 23:58:08.223'),(1828407291103842316,'TCL','admin','2025-11-28 23:58:08.223','admin','2025-11-28 23:58:08.223');
/*!40000 ALTER TABLE `wms_item_brand` ENABLE KEYS */;
UNLOCK TABLES;

--
-- Table structure for table `wms_item_category`
--

DROP TABLE IF EXISTS `wms_item_category`;
/*!40101 SET @saved_cs_client     = @@character_set_client */;
/*!50503 SET character_set_client = utf8mb4 */;
CREATE TABLE `wms_item_category` (
  `id` bigint NOT NULL AUTO_INCREMENT COMMENT '物料类型id',
  `parent_id` bigint DEFAULT '0' COMMENT '父物料类型id',
  `category_name` varchar(30) CHARACTER SET utf8mb4 COLLATE utf8mb4_general_ci DEFAULT '' COMMENT '物料类型名称',
  `order_num` int DEFAULT '0' COMMENT '显示顺序',
  `status` char(1) CHARACTER SET utf8mb4 COLLATE utf8mb4_general_ci DEFAULT '1' COMMENT '物料类型状态（0停用 1正常）',
  `create_by` varchar(64) CHARACTER SET utf8mb4 COLLATE utf8mb4_general_ci DEFAULT NULL COMMENT '创建者',
  `create_time` datetime(3) DEFAULT NULL COMMENT '创建时间',
  `update_by` varchar(64) CHARACTER SET utf8mb4 COLLATE utf8mb4_general_ci DEFAULT NULL COMMENT '更新者',
  `update_time` datetime(3) DEFAULT NULL COMMENT '更新时间',
  PRIMARY KEY (`id`) USING BTREE
) ENGINE=InnoDB AUTO_INCREMENT=1829398007993004044 DEFAULT CHARSET=utf8mb4 COLLATE=utf8mb4_general_ci ROW_FORMAT=DYNAMIC COMMENT='物料类型表';
/*!40101 SET character_set_client = @saved_cs_client */;

--
-- Dumping data for table `wms_item_category`
--

LOCK TABLES `wms_item_category` WRITE;
/*!40000 ALTER TABLE `wms_item_category` DISABLE KEYS */;
INSERT INTO `wms_item_category` VALUES (1828364988754595841,0,'手机',0,'1','admin','2024-08-27 17:32:37.357','admin','2024-08-27 20:14:12.100'),(1828365014901886978,0,'打印机',1,'1','admin','2024-08-27 17:32:43.598','admin','2024-08-27 20:14:12.447'),(1828365043024695297,0,'电脑',3,'1','admin','2024-08-27 17:32:50.301','admin','2024-08-27 20:14:12.704'),(1828405743737016322,0,'家电',4,'1','admin','2024-08-27 20:14:34.104','admin','2024-08-27 20:14:34.104'),(1828405773474631681,1828405743737016322,'冰箱',0,'1','admin','2024-08-27 20:14:41.195','admin','2024-08-27 20:14:41.195'),(1828405825714688001,1828405743737016322,'电视',1,'1','admin','2024-08-27 20:14:53.651','admin','2024-08-27 20:14:53.651'),(1828408600515219457,0,'健生器材',5,'1','admin','2024-08-27 20:25:55.213','admin','2024-08-27 20:25:55.213'),(1829397860466749441,0,'生鲜',6,'1','admin','2024-08-30 13:56:53.174','admin','2024-08-30 13:56:53.174'),(1829397958923841538,1829397860466749441,'水果',0,'1','admin','2024-08-30 13:57:16.644','admin','2024-08-30 13:57:16.644'),(1829398007993004034,1829397860466749441,'海鲜',1,'1','admin','2024-08-30 13:57:28.347','admin','2024-08-30 13:57:28.347'),(1829398007993004035,0,'办公用品',7,'1','admin','2025-11-28 23:58:08.223','admin','2025-11-28 23:58:08.223'),(1829398007993004036,0,'汽车用品',8,'1','admin','2025-11-28 23:58:08.223','admin','2025-11-28 23:58:08.223'),(1829398007993004037,0,'运动用品',9,'1','admin','2025-11-28 23:58:08.223','admin','2025-11-28 23:58:08.223'),(1829398007993004038,0,'美妆用品',10,'1','admin','2025-11-28 23:58:08.223','admin','2025-11-28 23:58:08.223'),(1829398007993004039,0,'母婴用品',11,'1','admin','2025-11-28 23:58:08.223','admin','2025-11-28 23:58:08.223'),(1829398007993004040,1828405743737016322,'洗衣机',2,'1','admin','2025-11-28 23:58:08.223','admin','2025-11-28 23:58:08.223'),(1829398007993004041,1828405743737016322,'空调',3,'1','admin','2025-11-28 23:58:08.223','admin','2025-11-28 23:58:08.223'),(1829398007993004042,1829397860466749441,'蔬菜',2,'1','admin','2025-11-28 23:58:08.223','admin','2025-11-28 23:58:08.223'),(1829398007993004043,1829397860466749441,'肉类',3,'1','admin','2025-11-28 23:58:08.223','admin','2025-11-28 23:58:08.223');
/*!40000 ALTER TABLE `wms_item_category` ENABLE KEYS */;
UNLOCK TABLES;

--
-- Table structure for table `wms_item_sku`
--

DROP TABLE IF EXISTS `wms_item_sku`;
/*!40101 SET @saved_cs_client     = @@character_set_client */;
/*!50503 SET character_set_client = utf8mb4 */;
CREATE TABLE `wms_item_sku` (
  `id` bigint NOT NULL AUTO_INCREMENT,
  `sku_name` varchar(255) CHARACTER SET utf8mb4 COLLATE utf8mb4_general_ci DEFAULT NULL COMMENT '规格名称',
  `item_id` bigint DEFAULT NULL,
  `barcode` varchar(64) CHARACTER SET utf8mb4 COLLATE utf8mb4_general_ci DEFAULT NULL COMMENT '条码',
  `sku_code` varchar(64) CHARACTER SET utf8mb4 COLLATE utf8mb4_general_ci DEFAULT NULL COMMENT '编码',
  `length` decimal(10,1) DEFAULT NULL COMMENT '长，单位cm',
  `width` decimal(10,1) DEFAULT NULL COMMENT '宽，单位cm',
  `height` decimal(10,1) DEFAULT NULL COMMENT '高，单位cm',
  `gross_weight` decimal(10,3) DEFAULT NULL COMMENT '毛重，单位kg',
  `net_weight` decimal(10,3) DEFAULT NULL COMMENT '净重，单位kg',
  `cost_price` decimal(10,2) DEFAULT NULL COMMENT '成本价（元）',
  `selling_price` decimal(10,2) DEFAULT NULL COMMENT '销售价（元）',
  `min_stock` int DEFAULT NULL COMMENT '最低库存',
  `create_by` varchar(64) CHARACTER SET utf8mb4 COLLATE utf8mb4_general_ci DEFAULT NULL COMMENT '创建人',
  `create_time` datetime(3) DEFAULT NULL COMMENT '创建时间',
  `update_by` varchar(64) CHARACTER SET utf8mb4 COLLATE utf8mb4_general_ci DEFAULT NULL COMMENT '修改人',
  `update_time` datetime(3) DEFAULT NULL COMMENT '修改时间',
  PRIMARY KEY (`id`) USING BTREE
) ENGINE=InnoDB AUTO_INCREMENT=1829399118304964661 DEFAULT CHARSET=utf8mb4 COLLATE=utf8mb4_general_ci ROW_FORMAT=DYNAMIC COMMENT='sku信息';
/*!40101 SET character_set_client = @saved_cs_client */;

--
-- Dumping data for table `wms_item_sku`
--

LOCK TABLES `wms_item_sku` WRITE;
/*!40000 ALTER TABLE `wms_item_sku` DISABLE KEYS */;
INSERT INTO `wms_item_sku` VALUES (1828402624005312514,'黑',1828402622516334594,'','00001',NULL,NULL,NULL,NULL,NULL,5000.00,5288.00,1648.92,'admin','2024-08-27 20:02:10.302','admin','2024-08-27 20:09:33.329'),(1828402624005312515,'白',1828402622516334594,'','000002',NULL,NULL,NULL,NULL,NULL,5000.00,5288.00,NULL,'admin','2024-08-27 20:02:10.304','admin','2024-08-27 20:09:33.439'),(1828402624005312516,'粉',1828402622516334594,'','00003',NULL,NULL,NULL,NULL,NULL,5000.00,5288.00,NULL,'admin','2024-08-27 20:02:10.305','admin','2024-08-27 20:09:33.583'),(1828406451399987201,'pro',1828406450112335874,'','mac0001',NULL,NULL,NULL,NULL,NULL,NULL,24999.00,NULL,'admin','2024-08-27 20:17:22.821','admin','2024-08-27 20:17:22.821'),(1828407871469686786,'l6468',1828407870173646849,'',NULL,NULL,NULL,NULL,NULL,NULL,NULL,3188.00,NULL,'admin','2024-08-27 20:23:01.393','admin','2024-08-27 20:23:01.393'),(1828408321522700289,'白色',1828408320146968578,'',NULL,NULL,NULL,NULL,NULL,NULL,NULL,2699.00,NULL,'admin','2024-08-27 20:24:48.697','admin','2024-08-27 20:24:48.697'),(1828408796968030210,'10kg',1828408795734904833,'102025115',NULL,NULL,NULL,NULL,NULL,10.000,NULL,NULL,NULL,'admin','2024-08-27 20:26:42.049','admin','2024-08-27 20:33:27.395'),(1828408796968030211,'20kg',1828408795734904833,'254523055',NULL,NULL,NULL,NULL,NULL,20.000,NULL,NULL,NULL,'admin','2024-08-27 20:26:42.052','admin','2024-08-27 20:33:27.515'),(1828408796968030212,'50kg',1828408795734904833,'5204862525',NULL,NULL,NULL,NULL,NULL,50.000,NULL,NULL,NULL,'admin','2024-08-27 20:26:42.052','admin','2024-08-27 20:33:27.634'),(1829398193024724993,'大',1829398192563351554,'',NULL,NULL,NULL,NULL,NULL,NULL,NULL,NULL,NULL,'admin','2024-08-30 13:58:12.457','admin','2024-08-30 14:01:08.172'),(1829398193024724994,'中',1829398192563351554,'',NULL,NULL,NULL,NULL,NULL,NULL,NULL,NULL,NULL,'admin','2024-08-30 13:58:12.458','admin','2024-08-30 14:01:08.328'),(1829398333903007745,'大',1829398333580046338,'',NULL,NULL,NULL,NULL,NULL,NULL,NULL,NULL,NULL,'admin','2024-08-30 13:58:46.047','admin','2024-08-30 14:00:49.854'),(1829398333903007746,'中',1829398333580046338,'',NULL,NULL,NULL,NULL,NULL,NULL,NULL,NULL,NULL,'admin','2024-08-30 13:58:46.048','admin','2024-08-30 14:00:50.001'),(1829398492779048962,'大',1829398492388978689,'',NULL,NULL,NULL,NULL,NULL,NULL,NULL,NULL,NULL,'admin','2024-08-30 13:59:23.925','admin','2024-08-30 14:00:32.544'),(1829398492779048963,'中',1829398492388978689,'',NULL,NULL,NULL,NULL,NULL,NULL,NULL,NULL,NULL,'admin','2024-08-30 13:59:23.925','admin','2024-08-30 14:00:32.683'),(1829398702011904001,'大',1829398701680553985,'',NULL,10.0,10.0,10.0,NULL,NULL,NULL,NULL,150.00,'admin','2024-08-30 14:00:13.810','admin','2024-08-30 14:00:13.810'),(1829398702011904002,'中',1829398701680553985,'',NULL,5.0,5.0,5.0,NULL,NULL,NULL,NULL,150.00,'admin','2024-08-30 14:00:13.812','admin','2024-08-30 14:00:13.812'),(1829399118304964609,'大',1829399118040723457,'',NULL,NULL,NULL,NULL,NULL,NULL,NULL,NULL,150.00,'admin','2024-08-30 14:01:53.064','admin','2024-08-30 14:01:53.064'),(1829399118304964610,'中',1829399118040723457,'',NULL,NULL,NULL,NULL,NULL,NULL,NULL,NULL,150.00,'admin','2024-08-30 14:01:53.064','admin','2024-08-30 14:01:53.064'),(1829399118304964611,'规格-蓝色',1829399118040723458,'BC1829399118005','SKU182939005',34.5,30.3,15.3,3.198,0.928,931.33,2310.89,40.19,'admin','2025-11-28 23:58:08.223','admin','2025-11-28 23:58:08.223'),(1829399118304964612,'规格-金色',1829399118040723458,'BC1829399118004','SKU182939004',41.5,17.2,23.3,4.768,2.391,366.09,4336.05,42.87,'admin','2025-11-28 23:58:08.223','admin','2025-11-28 23:58:08.223'),(1829399118304964613,'规格-银色',1829399118040723458,'BC1829399118003','SKU182939003',47.5,33.0,8.6,3.537,2.272,3313.21,4554.87,84.28,'admin','2025-11-28 23:58:08.223','admin','2025-11-28 23:58:08.223'),(1829399118304964614,'规格-白色',1829399118040723458,'BC1829399118002','SKU182939002',45.6,19.9,7.2,3.367,2.420,4748.93,503.77,60.54,'admin','2025-11-28 23:58:08.223','admin','2025-11-28 23:58:08.223'),(1829399118304964615,'规格-黑色',1829399118040723458,'BC1829399118001','SKU182939001',37.5,17.1,7.5,5.122,1.274,2320.53,3091.17,21.87,'admin','2025-11-28 23:58:08.223','admin','2025-11-28 23:58:08.223'),(1829399118304964616,'规格-蓝色',1829399118040723459,'BC1829399118005','SKU182939005',26.1,17.7,23.4,4.624,1.761,1860.15,4136.70,36.62,'admin','2025-11-28 23:58:08.223','admin','2025-11-28 23:58:08.223'),(1829399118304964617,'规格-金色',1829399118040723459,'BC1829399118004','SKU182939004',36.9,36.7,13.6,2.944,0.905,1551.05,6132.02,21.44,'admin','2025-11-28 23:58:08.223','admin','2025-11-28 23:58:08.223'),(1829399118304964618,'规格-银色',1829399118040723459,'BC1829399118003','SKU182939003',49.0,26.8,6.3,3.703,0.332,692.63,3559.81,58.59,'admin','2025-11-28 23:58:08.223','admin','2025-11-28 23:58:08.223'),(1829399118304964619,'规格-白色',1829399118040723459,'BC1829399118002','SKU182939002',56.2,15.0,18.1,4.391,4.001,1560.95,4259.71,64.82,'admin','2025-11-28 23:58:08.223','admin','2025-11-28 23:58:08.223'),(1829399118304964620,'规格-黑色',1829399118040723459,'BC1829399118001','SKU182939001',54.3,33.6,22.4,5.487,1.795,4481.70,1714.40,77.47,'admin','2025-11-28 23:58:08.223','admin','2025-11-28 23:58:08.223'),(1829399118304964621,'规格-蓝色',1829399118040723460,'BC1829399118005','SKU182939005',49.6,37.9,22.7,3.615,2.158,2369.46,5405.12,11.76,'admin','2025-11-28 23:58:08.223','admin','2025-11-28 23:58:08.223'),(1829399118304964622,'规格-金色',1829399118040723460,'BC1829399118004','SKU182939004',43.0,17.5,22.3,3.384,1.459,3687.70,4462.85,54.14,'admin','2025-11-28 23:58:08.223','admin','2025-11-28 23:58:08.223'),(1829399118304964623,'规格-银色',1829399118040723460,'BC1829399118003','SKU182939003',22.5,37.9,14.9,3.903,3.990,2952.63,660.68,81.40,'admin','2025-11-28 23:58:08.223','admin','2025-11-28 23:58:08.223'),(1829399118304964624,'规格-白色',1829399118040723460,'BC1829399118002','SKU182939002',35.7,22.9,9.2,4.315,1.024,3183.34,3390.43,95.04,'admin','2025-11-28 23:58:08.223','admin','2025-11-28 23:58:08.223'),(1829399118304964625,'规格-黑色',1829399118040723460,'BC1829399118001','SKU182939001',51.6,28.2,7.8,4.881,4.151,1028.58,390.39,74.32,'admin','2025-11-28 23:58:08.223','admin','2025-11-28 23:58:08.223'),(1829399118304964626,'规格-蓝色',1829399118040723461,'BC1829399118005','SKU182939005',24.8,26.5,14.1,3.702,3.620,1245.44,4080.70,68.83,'admin','2025-11-28 23:58:08.223','admin','2025-11-28 23:58:08.223'),(1829399118304964627,'规格-金色',1829399118040723461,'BC1829399118004','SKU182939004',68.8,13.5,18.1,5.075,2.765,1782.18,5150.96,25.82,'admin','2025-11-28 23:58:08.223','admin','2025-11-28 23:58:08.223'),(1829399118304964628,'规格-银色',1829399118040723461,'BC1829399118003','SKU182939003',34.5,39.3,5.3,1.205,2.948,4534.29,2839.35,68.06,'admin','2025-11-28 23:58:08.223','admin','2025-11-28 23:58:08.223'),(1829399118304964629,'规格-白色',1829399118040723461,'BC1829399118002','SKU182939002',47.9,11.5,16.4,4.014,3.517,4667.12,1074.32,13.00,'admin','2025-11-28 23:58:08.223','admin','2025-11-28 23:58:08.223'),(1829399118304964630,'规格-黑色',1829399118040723461,'BC1829399118001','SKU182939001',54.4,20.5,18.6,2.316,3.380,3899.34,3087.30,26.81,'admin','2025-11-28 23:58:08.223','admin','2025-11-28 23:58:08.223'),(1829399118304964631,'规格-蓝色',1829399118040723462,'BC1829399118005','SKU182939005',38.6,20.7,18.3,1.754,1.352,2914.44,300.57,53.68,'admin','2025-11-28 23:58:08.223','admin','2025-11-28 23:58:08.223'),(1829399118304964632,'规格-金色',1829399118040723462,'BC1829399118004','SKU182939004',25.4,17.0,21.8,3.022,4.295,2505.54,2604.52,70.21,'admin','2025-11-28 23:58:08.223','admin','2025-11-28 23:58:08.223'),(1829399118304964633,'规格-银色',1829399118040723462,'BC1829399118003','SKU182939003',59.2,13.3,9.0,3.862,3.341,4023.41,4003.85,95.75,'admin','2025-11-28 23:58:08.223','admin','2025-11-28 23:58:08.223'),(1829399118304964634,'规格-白色',1829399118040723462,'BC1829399118002','SKU182939002',38.0,16.9,6.4,3.791,0.626,2265.71,5676.37,40.59,'admin','2025-11-28 23:58:08.223','admin','2025-11-28 23:58:08.223'),(1829399118304964635,'规格-黑色',1829399118040723462,'BC1829399118001','SKU182939001',58.3,37.4,10.4,3.521,1.155,1381.48,3991.84,53.26,'admin','2025-11-28 23:58:08.223','admin','2025-11-28 23:58:08.223'),(1829399118304964636,'规格-蓝色',1829399118040723463,'BC1829399118005','SKU182939005',32.1,37.4,21.8,2.825,3.506,3160.69,4088.61,54.58,'admin','2025-11-28 23:58:08.223','admin','2025-11-28 23:58:08.223'),(1829399118304964637,'规格-金色',1829399118040723463,'BC1829399118004','SKU182939004',33.0,38.8,5.4,1.656,0.655,3853.13,3069.98,28.14,'admin','2025-11-28 23:58:08.223','admin','2025-11-28 23:58:08.223'),(1829399118304964638,'规格-银色',1829399118040723463,'BC1829399118003','SKU182939003',42.4,30.8,7.3,3.049,1.091,2399.28,4384.85,24.95,'admin','2025-11-28 23:58:08.223','admin','2025-11-28 23:58:08.223'),(1829399118304964639,'规格-白色',1829399118040723463,'BC1829399118002','SKU182939002',51.5,31.0,17.3,5.398,0.491,1601.67,2299.33,99.01,'admin','2025-11-28 23:58:08.223','admin','2025-11-28 23:58:08.223'),(1829399118304964640,'规格-黑色',1829399118040723463,'BC1829399118001','SKU182939001',38.8,16.3,23.3,5.291,0.460,1729.81,3206.71,66.94,'admin','2025-11-28 23:58:08.223','admin','2025-11-28 23:58:08.223'),(1829399118304964641,'规格-蓝色',1829399118040723464,'BC1829399118005','SKU182939005',35.9,36.5,14.3,3.887,4.255,4655.35,3686.79,31.41,'admin','2025-11-28 23:58:08.223','admin','2025-11-28 23:58:08.223'),(1829399118304964642,'规格-金色',1829399118040723464,'BC1829399118004','SKU182939004',35.1,36.1,13.7,3.384,2.597,803.84,6037.31,58.38,'admin','2025-11-28 23:58:08.223','admin','2025-11-28 23:58:08.223'),(1829399118304964643,'规格-银色',1829399118040723464,'BC1829399118003','SKU182939003',43.8,37.8,9.0,1.614,2.359,4630.47,6065.34,31.12,'admin','2025-11-28 23:58:08.223','admin','2025-11-28 23:58:08.223'),(1829399118304964644,'规格-白色',1829399118040723464,'BC1829399118002','SKU182939002',24.9,35.7,24.8,2.444,4.170,3454.75,2864.21,34.90,'admin','2025-11-28 23:58:08.223','admin','2025-11-28 23:58:08.223'),(1829399118304964645,'规格-黑色',1829399118040723464,'BC1829399118001','SKU182939001',64.4,30.8,21.0,5.060,0.968,592.07,6098.11,76.15,'admin','2025-11-28 23:58:08.223','admin','2025-11-28 23:58:08.223'),(1829399118304964646,'尺寸-蓝色',1829399118040723465,'BC1829399118005','SKU182939005',36.7,30.5,13.3,0.626,3.827,1762.16,253.16,18.87,'admin','2025-11-28 23:58:08.223','admin','2025-11-28 23:58:08.223'),(1829399118304964647,'尺寸-金色',1829399118040723465,'BC1829399118004','SKU182939004',39.6,30.8,10.8,2.335,4.170,3782.07,4828.01,78.91,'admin','2025-11-28 23:58:08.223','admin','2025-11-28 23:58:08.223'),(1829399118304964648,'尺寸-银色',1829399118040723465,'BC1829399118003','SKU182939003',25.3,24.0,5.1,3.687,0.969,4719.40,856.33,91.70,'admin','2025-11-28 23:58:08.223','admin','2025-11-28 23:58:08.223'),(1829399118304964649,'尺寸-白色',1829399118040723465,'BC1829399118002','SKU182939002',56.6,16.2,21.9,3.451,1.992,1821.35,2865.63,33.02,'admin','2025-11-28 23:58:08.223','admin','2025-11-28 23:58:08.223'),(1829399118304964650,'尺寸-黑色',1829399118040723465,'BC1829399118001','SKU182939001',59.7,18.3,25.0,1.323,3.614,3342.69,4692.80,94.01,'admin','2025-11-28 23:58:08.223','admin','2025-11-28 23:58:08.223'),(1829399118304964651,'尺寸-蓝色',1829399118040723466,'BC1829399118005','SKU182939005',66.4,13.7,21.7,4.493,2.260,374.62,4975.73,1.00,'admin','2025-11-28 23:58:08.223','admin','2025-11-29 13:19:38.961'),(1829399118304964652,'尺寸-金色',1829399118040723466,'BC1829399118004','SKU182939004',63.5,33.5,11.0,1.267,3.769,4479.41,4815.52,1.00,'admin','2025-11-28 23:58:08.223','admin','2025-11-29 13:19:38.968'),(1829399118304964653,'尺寸-银色',1829399118040723466,'BC1829399118003','SKU182939003',68.4,11.9,13.1,4.723,0.314,2521.07,2612.04,1.00,'admin','2025-11-28 23:58:08.223','admin','2025-11-29 13:19:38.970'),(1829399118304964654,'尺寸-白色',1829399118040723466,'BC1829399118002','SKU182939002',58.2,10.7,21.6,0.845,3.741,569.22,5481.71,1.00,'admin','2025-11-28 23:58:08.223','admin','2025-11-29 13:19:38.978'),(1829399118304964655,'尺寸-黑色',1829399118040723466,'BC1829399118001','SKU182939001',27.1,16.7,19.0,4.600,0.313,2879.95,4771.84,1.00,'admin','2025-11-28 23:58:08.223','admin','2025-11-29 13:19:38.993'),(1829399118304964656,'规格-蓝色',1829399118040723467,'BC1829399118005','SKU182939005',50.3,24.5,17.0,3.194,3.900,4515.73,4446.30,103.00,'admin','2025-11-28 23:58:08.223','admin','2025-11-29 13:19:13.843'),(1829399118304964657,'规格-金色',1829399118040723467,'BC1829399118004','SKU182939004',45.3,32.1,8.4,3.642,2.852,1625.52,3818.16,24.00,'admin','2025-11-28 23:58:08.223','admin','2025-11-29 13:19:13.881'),(1829399118304964658,'规格-银色',1829399118040723467,'BC1829399118003','SKU182939003',63.7,38.3,6.8,3.658,3.831,2696.12,5836.17,28.00,'admin','2025-11-28 23:58:08.223','admin','2025-11-29 13:19:13.893'),(1829399118304964659,'规格-白色',1829399118040723467,'BC1829399118002','SKU182939002',23.0,32.9,17.6,4.767,1.832,1872.66,3893.42,15.00,'admin','2025-11-28 23:58:08.223','admin','2025-11-29 13:19:13.901'),(1829399118304964660,'规格-黑色',1829399118040723467,'BC1829399118001','SKU182939001',40.4,36.2,7.7,0.798,3.874,1542.49,4721.67,104.00,'admin','2025-11-28 23:58:08.223','admin','2025-11-29 13:19:13.910');
/*!40000 ALTER TABLE `wms_item_sku` ENABLE KEYS */;
UNLOCK TABLES;

--
-- Table structure for table `wms_merchant`
--

DROP TABLE IF EXISTS `wms_merchant`;
/*!40101 SET @saved_cs_client     = @@character_set_client */;
/*!50503 SET character_set_client = utf8mb4 */;
CREATE TABLE `wms_merchant` (
  `id` bigint NOT NULL AUTO_INCREMENT,
  `merchant_code` varchar(20) CHARACTER SET utf8mb4 COLLATE utf8mb4_general_ci NOT NULL COMMENT '编号',
  `merchant_name` varchar(60) CHARACTER SET utf8mb4 COLLATE utf8mb4_general_ci NOT NULL COMMENT '名称',
  `merchant_type` tinyint DEFAULT NULL COMMENT '企业类型',
  `merchant_level` varchar(10) CHARACTER SET utf8mb4 COLLATE utf8mb4_general_ci DEFAULT NULL COMMENT '级别',
  `bank_name` varchar(255) CHARACTER SET utf8mb4 COLLATE utf8mb4_general_ci DEFAULT NULL COMMENT '开户行',
  `bank_account` varchar(40) CHARACTER SET utf8mb4 COLLATE utf8mb4_general_ci DEFAULT NULL COMMENT '银行账户',
  `address` varchar(200) CHARACTER SET utf8mb4 COLLATE utf8mb4_general_ci DEFAULT NULL COMMENT '地址',
  `mobile` varchar(13) CHARACTER SET utf8mb4 COLLATE utf8mb4_general_ci DEFAULT NULL COMMENT '手机号',
  `tel` varchar(13) CHARACTER SET utf8mb4 COLLATE utf8mb4_general_ci DEFAULT NULL COMMENT '座机号',
  `contact_person` varchar(30) CHARACTER SET utf8mb4 COLLATE utf8mb4_general_ci DEFAULT NULL COMMENT '联系人',
  `email` varchar(50) CHARACTER SET utf8mb4 COLLATE utf8mb4_general_ci DEFAULT NULL COMMENT 'Email',
  `remark` varchar(255) CHARACTER SET utf8mb4 COLLATE utf8mb4_general_ci DEFAULT NULL COMMENT '备注',
  `create_by` varchar(64) CHARACTER SET utf8mb4 COLLATE utf8mb4_general_ci DEFAULT NULL COMMENT '创建人',
  `create_time` datetime(3) DEFAULT NULL COMMENT '创建时间',
  `update_by` varchar(64) CHARACTER SET utf8mb4 COLLATE utf8mb4_general_ci DEFAULT NULL COMMENT '修改人',
  `update_time` datetime(3) DEFAULT NULL COMMENT '修改时间',
  PRIMARY KEY (`id`) USING BTREE
) ENGINE=InnoDB AUTO_INCREMENT=1828354284882399244 DEFAULT CHARSET=utf8mb4 COLLATE=utf8mb4_general_ci ROW_FORMAT=DYNAMIC COMMENT='往来单位';
/*!40101 SET character_set_client = @saved_cs_client */;

--
-- Dumping data for table `wms_merchant`
--

LOCK TABLES `wms_merchant` WRITE;
/*!40000 ALTER TABLE `wms_merchant` DISABLE KEYS */;
INSERT INTO `wms_merchant` VALUES (1828354016258199554,'c_0001','贵州XXXXXXX仓储管理有限公司',1,NULL,NULL,NULL,NULL,NULL,NULL,NULL,NULL,NULL,'admin','2024-08-27 16:49:01.319','admin','2025-11-24 10:22:39.174'),(1828354153193836545,'s_0001','贵州XXXXX供应链有限公司',2,NULL,NULL,NULL,NULL,NULL,NULL,NULL,NULL,NULL,'admin','2024-08-27 16:49:33.964','admin','2025-11-24 10:22:45.882'),(1828354284882399233,'c_s_0001','贵州CS有限公司',3,NULL,NULL,NULL,NULL,NULL,NULL,NULL,NULL,NULL,'admin','2024-08-27 16:50:05.367','admin','2025-11-24 10:22:55.197'),(1828354284882399234,'M0004','北京科技有限公司',1,'A','中国工商银行','6222021234567890123','北京市海淀区中关村大街1号','13800138004','010-12345678','张经理','zhang@example.com','主要供应商','admin','2025-11-28 23:58:08.223','admin','2025-11-28 23:58:08.223'),(1828354284882399235,'M0005','上海贸易有限公司',2,'A','中国建设银行','6222021234567890124','上海市黄浦区南京东路100号','13800138005','021-12345678','李经理','li@example.com','主要客户','admin','2025-11-28 23:58:08.223','admin','2025-11-28 23:58:08.223'),(1828354284882399236,'M0006','广州物流有限公司',3,'B','中国农业银行','6222021234567890125','广州市天河区天河路200号','13800138006','020-12345678','王经理','wang@example.com','物流合作伙伴','admin','2025-11-28 23:58:08.223','admin','2025-11-28 23:58:08.223'),(1828354284882399237,'M0007','深圳电子有限公司',1,'A','招商银行','6222021234567890126','深圳市南山区科技园','13800138007','0755-12345678','赵经理','zhao@example.com','电子产品供应商','admin','2025-11-28 23:58:08.223','admin','2025-11-28 23:58:08.223'),(1828354284882399238,'M0008','成都食品有限公司',1,'B','中国银行','6222021234567890127','成都市锦江区春熙路50号','13800138008','028-12345678','刘经理','liu@example.com','食品供应商','admin','2025-11-28 23:58:08.223','admin','2025-11-28 23:58:08.223'),(1828354284882399239,'M0009','杭州服装有限公司',2,'A','交通银行','6222021234567890128','杭州市上城区解放路88号','13800138009','0571-12345678','陈经理','chen@example.com','服装客户','admin','2025-11-28 23:58:08.223','admin','2025-11-28 23:58:08.223'),(1828354284882399240,'M0010','武汉医疗有限公司',1,'A','民生银行','6222021234567890129','武汉市武昌区中南路99号','13800138010','027-12345678','周经理','zhou@example.com','医疗器械供应商','admin','2025-11-28 23:58:08.223','admin','2025-11-28 23:58:08.223'),(1828354284882399241,'M0011','西安建材有限公司',1,'B','浦发银行','6222021234567890130','西安市雁塔区小寨东路1号','13800138011','029-12345678','吴经理','wu@example.com','建材供应商','admin','2025-11-28 23:58:08.223','admin','2025-11-28 23:58:08.223'),(1828354284882399242,'M0012','南京化工有限公司',1,'A','光大银行','6222021234567890131','南京市鼓楼区中山路200号','13800138012','025-12345678','郑经理','zheng@example.com','化工产品供应商','admin','2025-11-28 23:58:08.223','admin','2025-11-28 23:58:08.223'),(1828354284882399243,'M0013','重庆机械有限公司',2,'B','华夏银行','6222021234567890132','重庆市渝中区解放碑1号','13800138013','023-12345678','孙经理','sun@example.com','机械设备客户','admin','2025-11-28 23:58:08.223','admin','2025-11-28 23:58:08.223');
/*!40000 ALTER TABLE `wms_merchant` ENABLE KEYS */;
UNLOCK TABLES;

--
-- Table structure for table `wms_movement_order`
--

DROP TABLE IF EXISTS `wms_movement_order`;
/*!40101 SET @saved_cs_client     = @@character_set_client */;
/*!50503 SET character_set_client = utf8mb4 */;
CREATE TABLE `wms_movement_order` (
  `id` bigint NOT NULL AUTO_INCREMENT,
  `movement_order_no` varchar(30) CHARACTER SET utf8mb4 COLLATE utf8mb4_general_ci DEFAULT NULL COMMENT '编号',
  `source_warehouse_id` bigint DEFAULT NULL COMMENT '源仓库',
  `source_area_id` bigint DEFAULT NULL COMMENT '源库区',
  `target_warehouse_id` bigint DEFAULT NULL COMMENT '目标仓库',
  `target_area_id` bigint DEFAULT NULL COMMENT '目标库区',
  `movement_order_status` tinyint DEFAULT NULL COMMENT '状态',
  `total_quantity` int DEFAULT NULL COMMENT '总数量',
  `remark` varchar(255) CHARACTER SET utf8mb4 COLLATE utf8mb4_general_ci DEFAULT NULL COMMENT '备注',
  `create_by` varchar(64) CHARACTER SET utf8mb4 COLLATE utf8mb4_general_ci DEFAULT NULL COMMENT '创建人',
  `create_time` datetime(3) DEFAULT NULL COMMENT '创建时间',
  `update_by` varchar(64) CHARACTER SET utf8mb4 COLLATE utf8mb4_general_ci DEFAULT NULL COMMENT '修改人',
  `update_time` datetime(3) DEFAULT NULL COMMENT '修改时间',
  PRIMARY KEY (`id`) USING BTREE
) ENGINE=InnoDB AUTO_INCREMENT=1992790316796104727 DEFAULT CHARSET=utf8mb4 COLLATE=utf8mb4_general_ci ROW_FORMAT=DYNAMIC COMMENT='移库单';
/*!40101 SET character_set_client = @saved_cs_client */;

--
-- Dumping data for table `wms_movement_order`
--

LOCK TABLES `wms_movement_order` WRITE;
/*!40000 ALTER TABLE `wms_movement_order` DISABLE KEYS */;
INSERT INTO `wms_movement_order` VALUES (1992790316796104706,'YK11245095',1992782506943336450,1992782571778887681,1992782642801037314,1992782816625577985,1,400.00,NULL,'admin','2025-11-24 11:00:10.434','admin','2025-11-24 11:00:10.434'),(1992790316796104707,'YK251127001',1992782691492712452,1992783170301874190,1992782642801037314,1992783170301874177,1,87.19,'测试移库单1','admin','2025-11-27 23:58:08.223','admin','2025-11-27 23:58:08.223'),(1992790316796104708,'YK251126002',1992782506943336450,1992783170301874185,1992782691492712453,1992783170301874198,1,84.80,'测试移库单2','admin','2025-11-26 23:58:08.223','admin','2025-11-26 23:58:08.223'),(1992790316796104709,'YK251125003',1992782691492712450,1992783170301874201,1992782691492712454,1992783170301874184,1,146.59,'测试移库单3','admin','2025-11-25 23:58:08.223','admin','2025-11-25 23:58:08.223'),(1992790316796104710,'YK251124004',1992782691492712453,1992783170301874188,1992782506943336450,1992783170301874179,1,162.35,'测试移库单4','admin','2025-11-24 23:58:08.223','admin','2025-11-24 23:58:08.223'),(1992790316796104711,'YK251123005',1992782691492712452,1992783170301874186,1992782691492712456,1992783170301874195,0,196.50,'测试移库单5','admin','2025-11-23 23:58:08.223','admin','2025-11-23 23:58:08.223'),(1992790316796104712,'YK251122006',1992782642801037314,1992783170301874179,1992782691492712454,1992783170301874206,1,73.04,'测试移库单6','admin','2025-11-22 23:58:08.223','admin','2025-11-22 23:58:08.223'),(1992790316796104713,'YK251121007',1992782691492712451,1992783136567087105,1992782691492712454,1992783170301874192,1,71.51,'测试移库单7','admin','2025-11-21 23:58:08.223','admin','2025-11-21 23:58:08.223'),(1992790316796104714,'YK251120008',1992782691492712450,1992783170301874199,1992782691492712450,1992783170301874206,1,123.21,'测试移库单8','admin','2025-11-20 23:58:08.223','admin','2025-11-20 23:58:08.223'),(1992790316796104715,'YK251119009',1992782691492712454,1992782919415386113,1992782691492712454,1992783170301874209,0,47.64,'测试移库单9','admin','2025-11-19 23:58:08.223','admin','2025-11-19 23:58:08.223'),(1992790316796104716,'YK251118010',1992782691492712456,1992783170301874192,1992782691492712454,1992782816625577985,0,193.77,'测试移库单10','admin','2025-11-18 23:58:08.223','admin','2025-11-18 23:58:08.223'),(1992790316796104717,'YK251117011',1992782506943336450,1992783170301874178,1992782691492712453,1992783170301874206,0,162.87,'测试移库单11','admin','2025-11-17 23:58:08.223','admin','2025-11-17 23:58:08.223'),(1992790316796104718,'YK251116012',1992782691492712452,1992783170301874194,1992782691492712455,1992783013086777345,1,43.56,'测试移库单12','admin','2025-11-16 23:58:08.223','admin','2025-11-16 23:58:08.223'),(1992790316796104719,'YK251115013',1992782691492712457,1992783170301874208,1992782691492712454,1992783170301874197,0,54.69,'测试移库单13','admin','2025-11-15 23:58:08.223','admin','2025-11-15 23:58:08.223'),(1992790316796104720,'YK251114014',1992782691492712457,1992783170301874198,1992782691492712454,1992783170301874197,0,83.36,'测试移库单14','admin','2025-11-14 23:58:08.223','admin','2025-11-14 23:58:08.223'),(1992790316796104721,'YK251113015',1992782691492712450,1992782816625577985,1992782691492712454,1992783170301874180,1,166.54,'测试移库单15','admin','2025-11-13 23:58:08.223','admin','2025-11-13 23:58:08.223'),(1992790316796104722,'YK251112016',1992782506943336450,1992782816625577985,1992782642801037314,1992782816625577985,1,122.21,'测试移库单16','admin','2025-11-12 23:58:08.223','admin','2025-11-12 23:58:08.223'),(1992790316796104723,'YK251111017',1992782642801037314,1992783170301874208,1992782642801037314,1992783170301874193,1,172.95,'测试移库单17','admin','2025-11-11 23:58:08.223','admin','2025-11-11 23:58:08.223'),(1992790316796104724,'YK251110018',1992782642801037314,1992783170301874180,1992782691492712454,1992783170301874187,0,109.51,'测试移库单18','admin','2025-11-10 23:58:08.223','admin','2025-11-10 23:58:08.223'),(1992790316796104725,'YK251109019',1992782642801037314,1992783170301874178,1992782691492712453,1992783170301874181,1,12.42,'测试移库单19','admin','2025-11-09 23:58:08.223','admin','2025-11-09 23:58:08.223'),(1992790316796104726,'YK251108020',1992782691492712456,1992783170301874193,1992782691492712457,1992783170301874188,1,67.51,'测试移库单20','admin','2025-11-08 23:58:08.223','admin','2025-11-08 23:58:08.223');
/*!40000 ALTER TABLE `wms_movement_order` ENABLE KEYS */;
UNLOCK TABLES;

--
-- Table structure for table `wms_movement_order_detail`
--

DROP TABLE IF EXISTS `wms_movement_order_detail`;
/*!40101 SET @saved_cs_client     = @@character_set_client */;
/*!50503 SET character_set_client = utf8mb4 */;
CREATE TABLE `wms_movement_order_detail` (
  `id` bigint NOT NULL AUTO_INCREMENT,
  `movement_order_id` bigint DEFAULT NULL COMMENT '移库单Id',
  `sku_id` bigint DEFAULT NULL COMMENT '规格id',
  `quantity` int DEFAULT NULL COMMENT '数量',
  `remark` varchar(255) CHARACTER SET utf8mb4 COLLATE utf8mb4_general_ci DEFAULT NULL COMMENT '备注',
  `batch_no` varchar(64) CHARACTER SET utf8mb4 COLLATE utf8mb4_general_ci DEFAULT NULL COMMENT '批号',
  `production_date` datetime(3) DEFAULT NULL COMMENT '生产日期',
  `expiration_date` datetime(3) DEFAULT NULL COMMENT '过期日期',
  `source_warehouse_id` bigint DEFAULT NULL COMMENT '源仓库',
  `source_area_id` bigint DEFAULT NULL COMMENT '源库区',
  `target_warehouse_id` bigint DEFAULT NULL COMMENT '目标仓库',
  `target_area_id` bigint DEFAULT NULL COMMENT '目标库区',
  `inventory_detail_id` bigint DEFAULT NULL COMMENT '入库记录id',
  `create_by` varchar(64) CHARACTER SET utf8mb4 COLLATE utf8mb4_general_ci DEFAULT NULL COMMENT '创建人',
  `create_time` datetime(3) DEFAULT NULL COMMENT '创建时间',
  `update_by` varchar(64) CHARACTER SET utf8mb4 COLLATE utf8mb4_general_ci DEFAULT NULL COMMENT '修改人',
  `update_time` datetime(3) DEFAULT NULL COMMENT '修改时间',
  PRIMARY KEY (`id`) USING BTREE
) ENGINE=InnoDB AUTO_INCREMENT=1992790317001625662 DEFAULT CHARSET=utf8mb4 COLLATE=utf8mb4_general_ci ROW_FORMAT=DYNAMIC COMMENT='库存移动详情';
/*!40101 SET character_set_client = @saved_cs_client */;

--
-- Dumping data for table `wms_movement_order_detail`
--

LOCK TABLES `wms_movement_order_detail` WRITE;
/*!40000 ALTER TABLE `wms_movement_order_detail` DISABLE KEYS */;
INSERT INTO `wms_movement_order_detail` VALUES (1992790316968071170,1992790316796104706,1829398702011904001,100.00,NULL,'004','2025-11-06 00:00:00.000','2025-11-29 00:00:00.000',1992782506943336450,1992782571778887681,1992782642801037314,1992782816625577985,1992787885727174659,'admin','2025-11-24 11:00:10.475','admin','2025-11-24 11:00:10.475'),(1992790316968071171,1992790316796104706,1829398702011904002,100.00,NULL,'003','2025-11-06 00:00:00.000','2025-11-29 00:00:00.000',1992782506943336450,1992782571778887681,1992782642801037314,1992782816625577985,1992787885727174658,'admin','2025-11-24 11:00:10.475','admin','2025-11-24 11:00:10.475'),(1992790316968071172,1992790316796104706,1829399118304964609,100.00,NULL,'001','2025-11-06 00:00:00.000','2025-11-29 00:00:00.000',1992782506943336450,1992782571778887681,1992782642801037314,1992782816625577985,1992787885655871490,'admin','2025-11-24 11:00:10.475','admin','2025-11-24 11:00:10.475'),(1992790317001625601,1992790316796104706,1829399118304964610,100.00,NULL,'002','2025-11-06 00:00:00.000','2025-11-29 00:00:00.000',1992782506943336450,1992782571778887681,1992782642801037314,1992782816625577985,1992787885693620226,'admin','2025-11-24 11:00:10.484','admin','2025-11-24 11:00:10.484'),(1992790317001625602,1992790316796104706,1829398193024724994,26.86,'移库详情4','BATCH20251124359','2025-07-31 11:00:10.434','2026-09-21 11:00:10.434',1992782506943336450,1992782571778887681,1992782642801037314,1992782816625577985,1992790317316198402,'admin','2025-11-24 11:00:10.434','admin','2025-11-24 11:00:10.434'),(1992790317001625603,1992790316796104706,1829399118304964643,8.45,'移库详情3','BATCH20251124395','2025-06-09 11:00:10.434','2027-01-17 11:00:10.434',1992782506943336450,1992782571778887681,1992782642801037314,1992782816625577985,1992790317349752834,'admin','2025-11-24 11:00:10.434','admin','2025-11-24 11:00:10.434'),(1992790317001625604,1992790316796104706,1829399118304964656,31.69,'移库详情2','BATCH20251124386','2025-08-27 11:00:10.434','2026-11-17 11:00:10.434',1992782506943336450,1992782571778887681,1992782642801037314,1992782816625577985,1992790317316198401,'admin','2025-11-24 11:00:10.434','admin','2025-11-24 11:00:10.434'),(1992790317001625605,1992790316796104706,1829399118304964612,45.99,'移库详情1','BATCH20251124295','2025-10-23 11:00:10.434','2026-07-29 11:00:10.434',1992782506943336450,1992782571778887681,1992782642801037314,1992782816625577985,1994076021048520706,'admin','2025-11-24 11:00:10.434','admin','2025-11-24 11:00:10.434'),(1992790317001625606,1992790316796104707,1829399118304964651,42.14,'移库详情4','BATCH20251127816','2025-05-28 23:58:08.223','2027-03-21 23:58:08.223',1992782691492712452,1992783170301874190,1992782642801037314,1992783170301874177,1994076021048520706,'admin','2025-11-27 23:58:08.223','admin','2025-11-27 23:58:08.223'),(1992790317001625607,1992790316796104707,1829399118304964647,52.16,'移库详情3','BATCH20251127715','2025-06-16 23:58:08.223','2026-12-29 23:58:08.223',1992782691492712452,1992783170301874190,1992782642801037314,1992783170301874177,1994076021048520706,'admin','2025-11-27 23:58:08.223','admin','2025-11-27 23:58:08.223'),(1992790317001625608,1992790316796104707,1829399118304964620,48.06,'移库详情2','BATCH20251127206','2025-08-09 23:58:08.223','2027-01-02 23:58:08.223',1992782691492712452,1992783170301874190,1992782642801037314,1992783170301874177,1992790317349752834,'admin','2025-11-27 23:58:08.223','admin','2025-11-27 23:58:08.223'),(1992790317001625609,1992790316796104707,1829399118304964631,36.49,'移库详情1','BATCH20251127264','2025-08-12 23:58:08.223','2026-10-05 23:58:08.223',1992782691492712452,1992783170301874190,1992782642801037314,1992783170301874177,1994076021048520706,'admin','2025-11-27 23:58:08.223','admin','2025-11-27 23:58:08.223'),(1992790317001625610,1992790316796104708,1829399118304964658,44.54,'移库详情4','BATCH20251126811','2025-06-26 23:58:08.223','2027-05-20 23:58:08.223',1992782506943336450,1992783170301874185,1992782691492712453,1992783170301874198,1994076021048520706,'admin','2025-11-26 23:58:08.223','admin','2025-11-26 23:58:08.223'),(1992790317001625611,1992790316796104708,1829399118304964625,26.25,'移库详情3','BATCH20251126486','2025-09-30 23:58:08.223','2026-09-17 23:58:08.223',1992782506943336450,1992783170301874185,1992782691492712453,1992783170301874198,1992790317316198401,'admin','2025-11-26 23:58:08.223','admin','2025-11-26 23:58:08.223'),(1992790317001625612,1992790316796104708,1829399118304964625,37.75,'移库详情2','BATCH20251126625','2025-09-29 23:58:08.223','2027-04-27 23:58:08.223',1992782506943336450,1992783170301874185,1992782691492712453,1992783170301874198,1992790317316198401,'admin','2025-11-26 23:58:08.223','admin','2025-11-26 23:58:08.223'),(1992790317001625613,1992790316796104708,1829399118304964609,10.63,'移库详情1','BATCH20251126961','2025-08-04 23:58:08.223','2026-11-10 23:58:08.223',1992782506943336450,1992783170301874185,1992782691492712453,1992783170301874198,1992790317316198403,'admin','2025-11-26 23:58:08.223','admin','2025-11-26 23:58:08.223'),(1992790317001625614,1992790316796104709,1829399118304964657,51.02,'移库详情4','BATCH20251125364','2025-10-16 23:58:08.223','2026-08-04 23:58:08.223',1992782691492712450,1992783170301874201,1992782691492712454,1992783170301874184,1992790317316198403,'admin','2025-11-25 23:58:08.223','admin','2025-11-25 23:58:08.223'),(1992790317001625615,1992790316796104709,1829399118304964643,23.40,'移库详情3','BATCH20251125993','2025-05-24 23:58:08.223','2026-09-23 23:58:08.223',1992782691492712450,1992783170301874201,1992782691492712454,1992783170301874184,1992790317316198401,'admin','2025-11-25 23:58:08.223','admin','2025-11-25 23:58:08.223'),(1992790317001625616,1992790316796104709,1829399118304964652,37.63,'移库详情2','BATCH20251125052','2025-09-02 23:58:08.223','2026-09-28 23:58:08.223',1992782691492712450,1992783170301874201,1992782691492712454,1992783170301874184,1992790317316198402,'admin','2025-11-25 23:58:08.223','admin','2025-11-25 23:58:08.223'),(1992790317001625617,1992790316796104709,1829399118304964628,36.29,'移库详情1','BATCH20251125308','2025-06-30 23:58:08.223','2026-10-09 23:58:08.223',1992782691492712450,1992783170301874201,1992782691492712454,1992783170301874184,1992790317349752834,'admin','2025-11-25 23:58:08.223','admin','2025-11-25 23:58:08.223'),(1992790317001625618,1992790316796104710,1828402624005312515,11.55,'移库详情4','BATCH20251124333','2025-09-07 23:58:08.223','2026-09-30 23:58:08.223',1992782691492712453,1992783170301874188,1992782506943336450,1992783170301874179,1992790317316198403,'admin','2025-11-24 23:58:08.223','admin','2025-11-24 23:58:08.223'),(1992790317001625619,1992790316796104710,1829399118304964647,23.65,'移库详情3','BATCH20251124469','2025-09-15 23:58:08.223','2027-02-13 23:58:08.223',1992782691492712453,1992783170301874188,1992782506943336450,1992783170301874179,1992790317316198403,'admin','2025-11-24 23:58:08.223','admin','2025-11-24 23:58:08.223'),(1992790317001625620,1992790316796104710,1829399118304964623,46.38,'移库详情2','BATCH20251124750','2025-09-07 23:58:08.223','2026-06-24 23:58:08.223',1992782691492712453,1992783170301874188,1992782506943336450,1992783170301874179,1994076021048520706,'admin','2025-11-24 23:58:08.223','admin','2025-11-24 23:58:08.223'),(1992790317001625621,1992790316796104710,1829399118304964609,10.73,'移库详情1','BATCH20251124392','2025-07-06 23:58:08.223','2027-04-21 23:58:08.223',1992782691492712453,1992783170301874188,1992782506943336450,1992783170301874179,1994076021048520706,'admin','2025-11-24 23:58:08.223','admin','2025-11-24 23:58:08.223'),(1992790317001625622,1992790316796104711,1829399118304964637,13.99,'移库详情4','BATCH20251123755','2025-09-12 23:58:08.223','2027-04-22 23:58:08.223',1992782691492712452,1992783170301874186,1992782691492712456,1992783170301874195,1992790317316198402,'admin','2025-11-23 23:58:08.223','admin','2025-11-23 23:58:08.223'),(1992790317001625623,1992790316796104711,1829399118304964638,53.81,'移库详情3','BATCH20251123196','2025-10-16 23:58:08.223','2027-01-16 23:58:08.223',1992782691492712452,1992783170301874186,1992782691492712456,1992783170301874195,1992790317316198403,'admin','2025-11-23 23:58:08.223','admin','2025-11-23 23:58:08.223'),(1992790317001625624,1992790316796104711,1829399118304964621,36.94,'移库详情2','BATCH20251123819','2025-09-22 23:58:08.223','2026-10-29 23:58:08.223',1992782691492712452,1992783170301874186,1992782691492712456,1992783170301874195,1994076021048520706,'admin','2025-11-23 23:58:08.223','admin','2025-11-23 23:58:08.223'),(1992790317001625625,1992790316796104711,1829398702011904001,5.37,'移库详情1','BATCH20251123752','2025-06-13 23:58:08.223','2026-11-01 23:58:08.223',1992782691492712452,1992783170301874186,1992782691492712456,1992783170301874195,1992790317316198401,'admin','2025-11-23 23:58:08.223','admin','2025-11-23 23:58:08.223'),(1992790317001625626,1992790316796104712,1828402624005312516,53.68,'移库详情4','BATCH20251122078','2025-08-01 23:58:08.223','2026-06-23 23:58:08.223',1992782642801037314,1992783170301874179,1992782691492712454,1992783170301874206,1994076021048520706,'admin','2025-11-22 23:58:08.223','admin','2025-11-22 23:58:08.223'),(1992790317001625627,1992790316796104712,1829399118304964612,22.83,'移库详情3','BATCH20251122761','2025-06-13 23:58:08.223','2026-10-17 23:58:08.223',1992782642801037314,1992783170301874179,1992782691492712454,1992783170301874206,1992790317316198403,'admin','2025-11-22 23:58:08.223','admin','2025-11-22 23:58:08.223'),(1992790317001625628,1992790316796104712,1829399118304964637,53.67,'移库详情2','BATCH20251122560','2025-05-18 23:58:08.223','2027-02-09 23:58:08.223',1992782642801037314,1992783170301874179,1992782691492712454,1992783170301874206,1992790317316198403,'admin','2025-11-22 23:58:08.223','admin','2025-11-22 23:58:08.223'),(1992790317001625629,1992790316796104712,1829399118304964646,40.37,'移库详情1','BATCH20251122123','2025-07-27 23:58:08.223','2026-06-19 23:58:08.223',1992782642801037314,1992783170301874179,1992782691492712454,1992783170301874206,1994076021048520706,'admin','2025-11-22 23:58:08.223','admin','2025-11-22 23:58:08.223'),(1992790317001625630,1992790316796104713,1828408796968030212,44.79,'移库详情4','BATCH20251121999','2025-07-04 23:58:08.223','2026-06-09 23:58:08.223',1992782691492712451,1992783136567087105,1992782691492712454,1992783170301874192,1992790317349752834,'admin','2025-11-21 23:58:08.223','admin','2025-11-21 23:58:08.223'),(1992790317001625631,1992790316796104713,1828402624005312515,9.14,'移库详情3','BATCH20251121591','2025-06-17 23:58:08.223','2027-02-25 23:58:08.223',1992782691492712451,1992783136567087105,1992782691492712454,1992783170301874192,1992790317316198402,'admin','2025-11-21 23:58:08.223','admin','2025-11-21 23:58:08.223'),(1992790317001625632,1992790316796104713,1829399118304964639,30.22,'移库详情2','BATCH20251121956','2025-09-04 23:58:08.223','2026-11-06 23:58:08.223',1992782691492712451,1992783136567087105,1992782691492712454,1992783170301874192,1994076021048520706,'admin','2025-11-21 23:58:08.223','admin','2025-11-21 23:58:08.223'),(1992790317001625633,1992790316796104713,1829399118304964657,20.45,'移库详情1','BATCH20251121466','2025-08-11 23:58:08.223','2026-12-29 23:58:08.223',1992782691492712451,1992783136567087105,1992782691492712454,1992783170301874192,1992790317316198402,'admin','2025-11-21 23:58:08.223','admin','2025-11-21 23:58:08.223'),(1992790317001625634,1992790316796104714,1829399118304964638,19.49,'移库详情4','BATCH20251120403','2025-09-26 23:58:08.223','2026-11-21 23:58:08.223',1992782691492712450,1992783170301874199,1992782691492712450,1992783170301874206,1992790317316198403,'admin','2025-11-20 23:58:08.223','admin','2025-11-20 23:58:08.223'),(1992790317001625635,1992790316796104714,1829399118304964654,43.44,'移库详情3','BATCH20251120529','2025-08-22 23:58:08.223','2026-06-24 23:58:08.223',1992782691492712450,1992783170301874199,1992782691492712450,1992783170301874206,1992790317316198402,'admin','2025-11-20 23:58:08.223','admin','2025-11-20 23:58:08.223'),(1992790317001625636,1992790316796104714,1828407871469686786,24.73,'移库详情2','BATCH20251120542','2025-07-19 23:58:08.223','2026-05-22 23:58:08.223',1992782691492712450,1992783170301874199,1992782691492712450,1992783170301874206,1994076021048520706,'admin','2025-11-20 23:58:08.223','admin','2025-11-20 23:58:08.223'),(1992790317001625637,1992790316796104714,1829399118304964660,36.14,'移库详情1','BATCH20251120010','2025-09-20 23:58:08.223','2027-03-29 23:58:08.223',1992782691492712450,1992783170301874199,1992782691492712450,1992783170301874206,1992790317316198403,'admin','2025-11-20 23:58:08.223','admin','2025-11-20 23:58:08.223'),(1992790317001625638,1992790316796104715,1828406451399987201,18.66,'移库详情4','BATCH20251119777','2025-10-08 23:58:08.223','2026-05-20 23:58:08.223',1992782691492712454,1992782919415386113,1992782691492712454,1992783170301874209,1992790317316198402,'admin','2025-11-19 23:58:08.223','admin','2025-11-19 23:58:08.223'),(1992790317001625639,1992790316796104715,1829398193024724993,41.64,'移库详情3','BATCH20251119906','2025-08-21 23:58:08.223','2027-05-02 23:58:08.223',1992782691492712454,1992782919415386113,1992782691492712454,1992783170301874209,1992790317316198402,'admin','2025-11-19 23:58:08.223','admin','2025-11-19 23:58:08.223'),(1992790317001625640,1992790316796104715,1829399118304964647,28.21,'移库详情2','BATCH20251119938','2025-08-27 23:58:08.223','2027-01-24 23:58:08.223',1992782691492712454,1992782919415386113,1992782691492712454,1992783170301874209,1994076021048520706,'admin','2025-11-19 23:58:08.223','admin','2025-11-19 23:58:08.223'),(1992790317001625641,1992790316796104715,1829399118304964653,15.14,'移库详情1','BATCH20251119281','2025-05-30 23:58:08.223','2026-07-05 23:58:08.223',1992782691492712454,1992782919415386113,1992782691492712454,1992783170301874209,1992790317316198403,'admin','2025-11-19 23:58:08.223','admin','2025-11-19 23:58:08.223'),(1992790317001625642,1992790316796104716,1829399118304964622,14.39,'移库详情4','BATCH20251118383','2025-08-18 23:58:08.223','2026-12-22 23:58:08.223',1992782691492712456,1992783170301874192,1992782691492712454,1992782816625577985,1992790317316198403,'admin','2025-11-18 23:58:08.223','admin','2025-11-18 23:58:08.223'),(1992790317001625643,1992790316796104716,1829399118304964660,40.04,'移库详情3','BATCH20251118501','2025-08-08 23:58:08.223','2026-11-15 23:58:08.223',1992782691492712456,1992783170301874192,1992782691492712454,1992782816625577985,1992790317316198401,'admin','2025-11-18 23:58:08.223','admin','2025-11-18 23:58:08.223'),(1992790317001625644,1992790316796104716,1829399118304964619,42.95,'移库详情2','BATCH20251118715','2025-08-27 23:58:08.223','2026-09-21 23:58:08.223',1992782691492712456,1992783170301874192,1992782691492712454,1992782816625577985,1992790317316198402,'admin','2025-11-18 23:58:08.223','admin','2025-11-18 23:58:08.223'),(1992790317001625645,1992790316796104716,1829398702011904002,38.49,'移库详情1','BATCH20251118982','2025-05-10 23:58:08.223','2026-12-06 23:58:08.223',1992782691492712456,1992783170301874192,1992782691492712454,1992782816625577985,1992790317316198401,'admin','2025-11-18 23:58:08.223','admin','2025-11-18 23:58:08.223'),(1992790317001625646,1992790316796104717,1829399118304964639,17.12,'移库详情4','BATCH20251117770','2025-09-26 23:58:08.223','2026-09-04 23:58:08.223',1992782506943336450,1992783170301874178,1992782691492712453,1992783170301874206,1992790317316198401,'admin','2025-11-17 23:58:08.223','admin','2025-11-17 23:58:08.223'),(1992790317001625647,1992790316796104717,1829399118304964613,18.71,'移库详情3','BATCH20251117715','2025-06-05 23:58:08.223','2026-12-30 23:58:08.223',1992782506943336450,1992783170301874178,1992782691492712453,1992783170301874206,1992790317349752834,'admin','2025-11-17 23:58:08.223','admin','2025-11-17 23:58:08.223'),(1992790317001625648,1992790316796104717,1829399118304964632,38.14,'移库详情2','BATCH20251117593','2025-04-25 23:58:08.223','2026-06-26 23:58:08.223',1992782506943336450,1992783170301874178,1992782691492712453,1992783170301874206,1992790317316198403,'admin','2025-11-17 23:58:08.223','admin','2025-11-17 23:58:08.223'),(1992790317001625649,1992790316796104717,1828402624005312516,22.38,'移库详情1','BATCH20251117136','2025-06-26 23:58:08.223','2027-02-21 23:58:08.223',1992782506943336450,1992783170301874178,1992782691492712453,1992783170301874206,1994076021048520706,'admin','2025-11-17 23:58:08.223','admin','2025-11-17 23:58:08.223'),(1992790317001625650,1992790316796104718,1829399118304964631,13.27,'移库详情4','BATCH20251116182','2025-08-04 23:58:08.223','2026-11-21 23:58:08.223',1992782691492712452,1992783170301874194,1992782691492712455,1992783013086777345,1992790317349752834,'admin','2025-11-16 23:58:08.223','admin','2025-11-16 23:58:08.223'),(1992790317001625651,1992790316796104718,1829398492779048962,10.17,'移库详情3','BATCH20251116721','2025-08-25 23:58:08.223','2026-09-07 23:58:08.223',1992782691492712452,1992783170301874194,1992782691492712455,1992783013086777345,1994076021048520706,'admin','2025-11-16 23:58:08.223','admin','2025-11-16 23:58:08.223'),(1992790317001625652,1992790316796104718,1829399118304964625,18.18,'移库详情2','BATCH20251116455','2025-07-22 23:58:08.223','2026-06-05 23:58:08.223',1992782691492712452,1992783170301874194,1992782691492712455,1992783013086777345,1992790317316198402,'admin','2025-11-16 23:58:08.223','admin','2025-11-16 23:58:08.223'),(1992790317001625653,1992790316796104718,1829399118304964642,36.21,'移库详情1','BATCH20251116829','2025-08-29 23:58:08.223','2027-04-03 23:58:08.223',1992782691492712452,1992783170301874194,1992782691492712455,1992783013086777345,1992790317316198402,'admin','2025-11-16 23:58:08.223','admin','2025-11-16 23:58:08.223'),(1992790317001625654,1992790316796104719,1829399118304964660,23.17,'移库详情4','BATCH20251115798','2025-05-07 23:58:08.223','2026-06-24 23:58:08.223',1992782691492712457,1992783170301874208,1992782691492712454,1992783170301874197,1994076021048520706,'admin','2025-11-15 23:58:08.223','admin','2025-11-15 23:58:08.223'),(1992790317001625655,1992790316796104719,1829399118304964645,6.50,'移库详情3','BATCH20251115499','2025-08-05 23:58:08.223','2026-11-20 23:58:08.223',1992782691492712457,1992783170301874208,1992782691492712454,1992783170301874197,1992790317316198403,'admin','2025-11-15 23:58:08.223','admin','2025-11-15 23:58:08.223'),(1992790317001625656,1992790316796104719,1829399118304964609,45.17,'移库详情2','BATCH20251115049','2025-05-19 23:58:08.223','2026-05-23 23:58:08.223',1992782691492712457,1992783170301874208,1992782691492712454,1992783170301874197,1992790317316198402,'admin','2025-11-15 23:58:08.223','admin','2025-11-15 23:58:08.223'),(1992790317001625657,1992790316796104719,1828402624005312516,34.07,'移库详情1','BATCH20251115255','2025-07-14 23:58:08.223','2027-03-28 23:58:08.223',1992782691492712457,1992783170301874208,1992782691492712454,1992783170301874197,1992790317349752834,'admin','2025-11-15 23:58:08.223','admin','2025-11-15 23:58:08.223'),(1992790317001625658,1992790316796104720,1828402624005312516,9.74,'移库详情4','BATCH20251114713','2025-08-26 23:58:08.223','2026-08-16 23:58:08.223',1992782691492712457,1992783170301874198,1992782691492712454,1992783170301874197,1994076021048520706,'admin','2025-11-14 23:58:08.223','admin','2025-11-14 23:58:08.223'),(1992790317001625659,1992790316796104720,1828402624005312514,47.83,'移库详情3','BATCH20251114665','2025-06-01 23:58:08.223','2027-02-26 23:58:08.223',1992782691492712457,1992783170301874198,1992782691492712454,1992783170301874197,1992790317316198402,'admin','2025-11-14 23:58:08.223','admin','2025-11-14 23:58:08.223'),(1992790317001625660,1992790316796104720,1829399118304964631,12.57,'移库详情2','BATCH20251114037','2025-06-07 23:58:08.223','2026-11-19 23:58:08.223',1992782691492712457,1992783170301874198,1992782691492712454,1992783170301874197,1992790317349752834,'admin','2025-11-14 23:58:08.223','admin','2025-11-14 23:58:08.223'),(1992790317001625661,1992790316796104720,1829399118304964640,15.32,'移库详情1','BATCH20251114489','2025-05-20 23:58:08.223','2027-01-05 23:58:08.223',1992782691492712457,1992783170301874198,1992782691492712454,1992783170301874197,1994076021048520706,'admin','2025-11-14 23:58:08.223','admin','2025-11-14 23:58:08.223');
/*!40000 ALTER TABLE `wms_movement_order_detail` ENABLE KEYS */;
UNLOCK TABLES;

--
-- Table structure for table `wms_path_record`
--

DROP TABLE IF EXISTS `wms_path_record`;
/*!40101 SET @saved_cs_client     = @@character_set_client */;
/*!50503 SET character_set_client = utf8mb4 */;
CREATE TABLE `wms_path_record` (
  `id` bigint NOT NULL AUTO_INCREMENT COMMENT '记录ID',
  `map_id` bigint NOT NULL COMMENT '地图配置ID',
  `path_name` varchar(100) DEFAULT NULL COMMENT '路径名称',
  `target_areas` varchar(500) NOT NULL COMMENT '目标库区（JSON数组）',
  `path_result` text NOT NULL COMMENT '路径结果（JSON）',
  `total_distance` decimal(10,2) DEFAULT NULL COMMENT '总距离',
  `algorithm_params` varchar(500) DEFAULT NULL COMMENT '算法参数（JSON）',
  `calculate_time` bigint DEFAULT NULL COMMENT '计算耗时（毫秒）',
  `remark` varchar(500) DEFAULT NULL COMMENT '备注',
  `create_by` varchar(64) DEFAULT '' COMMENT '创建者',
  `create_time` datetime DEFAULT NULL COMMENT '创建时间',
  PRIMARY KEY (`id`),
  KEY `idx_map_id` (`map_id`),
  KEY `idx_create_time` (`create_time`)
) ENGINE=InnoDB DEFAULT CHARSET=utf8mb4 COLLATE=utf8mb4_0900_ai_ci COMMENT='路径记录表';
/*!40101 SET character_set_client = @saved_cs_client */;

--
-- Dumping data for table `wms_path_record`
--

LOCK TABLES `wms_path_record` WRITE;
/*!40000 ALTER TABLE `wms_path_record` DISABLE KEYS */;
/*!40000 ALTER TABLE `wms_path_record` ENABLE KEYS */;
UNLOCK TABLES;

--
-- Table structure for table `wms_receipt_order`
--

DROP TABLE IF EXISTS `wms_receipt_order`;
/*!40101 SET @saved_cs_client     = @@character_set_client */;
/*!50503 SET character_set_client = utf8mb4 */;
CREATE TABLE `wms_receipt_order` (
  `id` bigint NOT NULL AUTO_INCREMENT,
  `receipt_order_no` varchar(32) CHARACTER SET utf8mb4 COLLATE utf8mb4_general_ci DEFAULT NULL COMMENT '入库单号',
  `receipt_order_type` int DEFAULT NULL COMMENT '入库类型',
  `merchant_id` bigint DEFAULT NULL COMMENT '供应商',
  `order_no` varchar(32) CHARACTER SET utf8mb4 COLLATE utf8mb4_general_ci DEFAULT NULL COMMENT '订单号',
  `total_quantity` int DEFAULT NULL COMMENT '商品总数',
  `payable_amount` decimal(10,2) DEFAULT NULL COMMENT '订单金额',
  `receipt_order_status` tinyint DEFAULT NULL COMMENT '入库状态',
  `warehouse_id` bigint DEFAULT NULL COMMENT '仓库id',
  `area_id` bigint DEFAULT NULL COMMENT '库区id',
  `remark` varchar(255) CHARACTER SET utf8mb4 COLLATE utf8mb4_general_ci DEFAULT NULL COMMENT '备注',
  `create_by` varchar(64) CHARACTER SET utf8mb4 COLLATE utf8mb4_general_ci DEFAULT NULL COMMENT '创建人',
  `create_time` datetime(3) DEFAULT NULL COMMENT '创建时间',
  `update_by` varchar(64) CHARACTER SET utf8mb4 COLLATE utf8mb4_general_ci DEFAULT NULL COMMENT '修改人',
  `update_time` datetime(3) DEFAULT NULL COMMENT '修改时间',
  PRIMARY KEY (`id`) USING BTREE
) ENGINE=InnoDB AUTO_INCREMENT=1994076020444540960 DEFAULT CHARSET=utf8mb4 COLLATE=utf8mb4_general_ci ROW_FORMAT=DYNAMIC COMMENT='入库单';
/*!40101 SET character_set_client = @saved_cs_client */;

--
-- Dumping data for table `wms_receipt_order`
--

LOCK TABLES `wms_receipt_order` WRITE;
/*!40000 ALTER TABLE `wms_receipt_order` DISABLE KEYS */;
INSERT INTO `wms_receipt_order` VALUES (1992787885475516417,'RK11248425',2,1828354153193836545,'001',400.00,36000.00,1,1992782506943336450,1992782571778887681,NULL,'admin','2025-11-24 10:50:30.764','admin','2025-11-24 10:58:31.345'),(1994076020444540929,'RK11281402',2,NULL,NULL,1.00,100.00,1,1992782506943336450,1992782571778887681,NULL,'admin','2025-11-28 00:09:06.075','admin','2025-11-28 00:09:06.075'),(1994076020444540930,'RK251127001',3,1828354284882399237,'PO202511270001',185.54,44897.47,1,1992782691492712452,1992783170301874204,'测试入库单1','admin','2025-11-27 23:58:08.223','admin','2025-11-27 23:58:08.223'),(1994076020444540931,'RK251126002',4,1828354284882399242,'PO202511260002',137.25,6437.58,1,1992782691492712451,1992783170301874198,'测试入库单2','admin','2025-11-26 23:58:08.223','admin','2025-11-26 23:58:08.223'),(1994076020444540932,'RK251125003',3,1828354284882399237,'PO202511250003',419.59,42153.32,1,1992782691492712454,1992783170301874188,'测试入库单3','admin','2025-11-25 23:58:08.223','admin','2025-11-25 23:58:08.223'),(1994076020444540933,'RK251124004',4,1828354284882399240,'PO202511240004',54.34,31761.01,1,1992782691492712453,1992783170301874187,'测试入库单4','admin','2025-11-24 23:58:08.223','admin','2025-11-24 23:58:08.223'),(1994076020444540934,'RK251123005',2,1828354284882399238,'PO202511230005',319.75,34019.56,1,1992782691492712451,1992783170301874182,'测试入库单5','admin','2025-11-23 23:58:08.223','admin','2025-11-23 23:58:08.223'),(1994076020444540935,'RK251122006',5,1828354284882399242,'PO202511220006',97.25,26940.20,0,1992782691492712456,1992783170301874177,'测试入库单6','admin','2025-11-22 23:58:08.223','admin','2025-11-22 23:58:08.223'),(1994076020444540936,'RK251121007',4,1828354284882399234,'PO202511210007',25.05,24988.59,1,1992782506943336450,1992783170301874185,'测试入库单7','admin','2025-11-21 23:58:08.223','admin','2025-11-21 23:58:08.223'),(1994076020444540937,'RK251120008',3,1828354284882399237,'PO202511200008',402.78,21185.54,1,1992782506943336450,1992783170301874186,'测试入库单8','admin','2025-11-20 23:58:08.223','admin','2025-11-20 23:58:08.223'),(1994076020444540938,'RK251119009',3,1828354284882399238,'PO202511190009',64.80,39020.68,1,1992782642801037314,1992782816625577985,'测试入库单9','admin','2025-11-19 23:58:08.223','admin','2025-11-19 23:58:08.223'),(1994076020444540939,'RK251118010',1,1828354284882399240,'PO202511180010',291.19,44293.03,1,1992782642801037314,1992783170301874188,'测试入库单10','admin','2025-11-18 23:58:08.223','admin','2025-11-18 23:58:08.223'),(1994076020444540940,'RK251117011',4,1828354284882399242,'PO202511170011',341.51,7884.56,1,1992782691492712452,1992783170301874177,'测试入库单11','admin','2025-11-17 23:58:08.223','admin','2025-11-17 23:58:08.223'),(1994076020444540941,'RK251116012',3,1828354284882399237,'PO202511160012',199.14,27873.04,1,1992782691492712450,1992783170301874183,'测试入库单12','admin','2025-11-16 23:58:08.223','admin','2025-11-16 23:58:08.223'),(1994076020444540942,'RK251115013',2,1828354284882399238,'PO202511150013',360.73,16958.21,1,1992782642801037314,1992783170301874199,'测试入库单13','admin','2025-11-15 23:58:08.223','admin','2025-11-15 23:58:08.223'),(1994076020444540943,'RK251114014',1,1828354284882399242,'PO202511140014',81.31,32778.38,1,1992782691492712452,1992783170301874205,'测试入库单14','admin','2025-11-14 23:58:08.223','admin','2025-11-14 23:58:08.223'),(1994076020444540944,'RK251113015',3,1828354284882399241,'PO202511130015',476.16,28598.07,1,1992782691492712450,1992783170301874181,'测试入库单15','admin','2025-11-13 23:58:08.223','admin','2025-11-13 23:58:08.223'),(1994076020444540945,'RK251112016',1,1828354284882399241,'PO202511120016',470.74,23359.89,1,1992782506943336450,1992783170301874188,'测试入库单16','admin','2025-11-12 23:58:08.223','admin','2025-11-12 23:58:08.223'),(1994076020444540946,'RK251111017',3,1828354284882399238,'PO202511110017',289.59,33960.68,1,1992782691492712456,1992783170301874181,'测试入库单17','admin','2025-11-11 23:58:08.223','admin','2025-11-11 23:58:08.223'),(1994076020444540947,'RK251110018',3,1828354284882399240,'PO202511100018',361.30,29122.19,1,1992782691492712457,1992783170301874205,'测试入库单18','admin','2025-11-10 23:58:08.223','admin','2025-11-10 23:58:08.223'),(1994076020444540948,'RK251109019',2,1828354284882399241,'PO202511090019',275.62,3301.06,1,1992782691492712455,1992783170301874178,'测试入库单19','admin','2025-11-09 23:58:08.223','admin','2025-11-09 23:58:08.223'),(1994076020444540949,'RK251108020',2,1828354284882399237,'PO202511080020',406.07,5130.62,0,1992782691492712454,1992783170301874178,'测试入库单20','admin','2025-11-08 23:58:08.223','admin','2025-11-08 23:58:08.223'),(1994076020444540950,'RK251107021',1,1828354284882399238,'PO202511070021',391.08,30031.28,1,1992782691492712455,1992783170301874209,'测试入库单21','admin','2025-11-07 23:58:08.223','admin','2025-11-07 23:58:08.223'),(1994076020444540951,'RK251106022',2,1828354016258199554,'PO202511060022',261.92,17612.61,0,1992782691492712456,1992783170301874203,'测试入库单22','admin','2025-11-06 23:58:08.223','admin','2025-11-06 23:58:08.223'),(1994076020444540952,'RK251105023',4,1828354284882399238,'PO202511050023',72.40,34793.34,0,1992782691492712451,1992782816625577985,'测试入库单23','admin','2025-11-05 23:58:08.223','admin','2025-11-05 23:58:08.223'),(1994076020444540953,'RK251104024',3,1828354284882399238,'PO202511040024',461.13,1203.84,1,1992782691492712451,1992783170301874188,'测试入库单24','admin','2025-11-04 23:58:08.223','admin','2025-11-04 23:58:08.223'),(1994076020444540954,'RK251103025',1,1828354284882399240,'PO202511030025',10.11,2470.52,0,1992782691492712456,1992783170301874198,'测试入库单25','admin','2025-11-03 23:58:08.223','admin','2025-11-03 23:58:08.223'),(1994076020444540955,'RK251102026',4,1828354016258199554,'PO202511020026',260.22,6670.69,0,1992782691492712453,1992783170301874208,'测试入库单26','admin','2025-11-02 23:58:08.223','admin','2025-11-02 23:58:08.223'),(1994076020444540956,'RK251101027',1,1828354284882399241,'PO202511010027',395.97,48424.48,1,1992782691492712452,1992783170301874197,'测试入库单27','admin','2025-11-01 23:58:08.223','admin','2025-11-01 23:58:08.223'),(1994076020444540957,'RK251031028',3,1828354284882399240,'PO202510310028',404.58,32657.99,1,1992782691492712457,1992783170301874191,'测试入库单28','admin','2025-10-31 23:58:08.223','admin','2025-10-31 23:58:08.223'),(1994076020444540958,'RK251030029',5,1828354016258199554,'PO202510300029',278.10,47603.79,0,1992782691492712456,1992783170301874209,'测试入库单29','admin','2025-10-30 23:58:08.223','admin','2025-10-30 23:58:08.223'),(1994076020444540959,'RK251029030',3,1828354284882399241,'PO202510290030',482.51,33668.37,1,1992782691492712455,1992783170301874204,'测试入库单30','admin','2025-10-29 23:58:08.223','admin','2025-10-29 23:58:08.223');
/*!40000 ALTER TABLE `wms_receipt_order` ENABLE KEYS */;
UNLOCK TABLES;

--
-- Table structure for table `wms_receipt_order_detail`
--

DROP TABLE IF EXISTS `wms_receipt_order_detail`;
/*!40101 SET @saved_cs_client     = @@character_set_client */;
/*!50503 SET character_set_client = utf8mb4 */;
CREATE TABLE `wms_receipt_order_detail` (
  `id` bigint NOT NULL AUTO_INCREMENT,
  `receipt_order_id` bigint DEFAULT NULL COMMENT '入库单号',
  `sku_id` bigint DEFAULT NULL COMMENT '规格id',
  `quantity` int DEFAULT NULL COMMENT '入库数量',
  `amount` decimal(10,2) DEFAULT NULL COMMENT '金额',
  `batch_no` varchar(64) CHARACTER SET utf8mb4 COLLATE utf8mb4_general_ci DEFAULT NULL COMMENT '批号',
  `production_date` datetime(3) DEFAULT NULL COMMENT '生产日期',
  `expiration_date` datetime(3) DEFAULT NULL COMMENT '过期时间',
  `remark` varchar(255) CHARACTER SET utf8mb4 COLLATE utf8mb4_general_ci DEFAULT NULL COMMENT '备注',
  `create_by` varchar(64) CHARACTER SET utf8mb4 COLLATE utf8mb4_general_ci DEFAULT NULL COMMENT '创建人',
  `create_time` datetime(3) DEFAULT NULL COMMENT '创建时间',
  `update_by` varchar(64) CHARACTER SET utf8mb4 COLLATE utf8mb4_general_ci DEFAULT NULL COMMENT '修改人',
  `update_time` datetime(3) DEFAULT NULL COMMENT '修改时间',
  `warehouse_id` bigint DEFAULT NULL COMMENT '所属仓库',
  `area_id` bigint DEFAULT NULL COMMENT '所属库区',
  PRIMARY KEY (`id`) USING BTREE
) ENGINE=InnoDB AUTO_INCREMENT=1994076020855582823 DEFAULT CHARSET=utf8mb4 COLLATE=utf8mb4_general_ci ROW_FORMAT=DYNAMIC COMMENT='入库单详情';
/*!40101 SET character_set_client = @saved_cs_client */;

--
-- Dumping data for table `wms_receipt_order_detail`
--

LOCK TABLES `wms_receipt_order_detail` WRITE;
/*!40000 ALTER TABLE `wms_receipt_order_detail` DISABLE KEYS */;
INSERT INTO `wms_receipt_order_detail` VALUES (1992787885655871490,1992787885475516417,1829399118304964609,100.00,90.00,'001','2025-11-06 00:00:00.000','2025-11-29 00:00:00.000',NULL,'admin','2025-11-24 10:50:30.812','admin','2025-11-24 10:58:31.366',1992782506943336450,1992782571778887681),(1992787885693620226,1992787885475516417,1829399118304964610,100.00,90.00,'002','2025-11-06 00:00:00.000','2025-11-29 00:00:00.000',NULL,'admin','2025-11-24 10:50:30.817','admin','2025-11-24 10:58:31.380',1992782506943336450,1992782571778887681),(1992787885727174658,1992787885475516417,1829398702011904002,100.00,90.00,'003','2025-11-06 00:00:00.000','2025-11-29 00:00:00.000',NULL,'admin','2025-11-24 10:50:30.822','admin','2025-11-24 10:58:31.393',1992782506943336450,1992782571778887681),(1992787885727174659,1992787885475516417,1829398702011904001,100.00,90.00,'004','2025-11-06 00:00:00.000','2025-11-29 00:00:00.000',NULL,'admin','2025-11-24 10:50:30.826','admin','2025-11-24 10:58:31.404',1992782506943336450,1992782571778887681),(1994076020855582722,1994076020444540929,1829399118304964609,1.00,100.00,NULL,NULL,NULL,NULL,'admin','2025-11-28 00:09:06.173','admin','2025-11-28 00:09:06.173',1992782506943336450,1992782571778887681),(1994076020855582723,1992787885475516417,1828406451399987201,15.80,4151.00,'BATCH20251124657','2025-05-30 10:50:30.764','2026-07-18 10:50:30.764','入库详情5','admin','2025-11-24 10:50:30.764','admin','2025-11-24 10:50:30.764',1992782506943336450,1992782571778887681),(1994076020855582724,1992787885475516417,1829399118304964647,62.23,4274.78,'BATCH20251124388','2025-08-14 10:50:30.764','2027-04-02 10:50:30.764','入库详情4','admin','2025-11-24 10:50:30.764','admin','2025-11-24 10:50:30.764',1992782506943336450,1992782571778887681),(1994076020855582725,1992787885475516417,1828406451399987201,26.22,994.21,'BATCH20251124188','2025-08-20 10:50:30.764','2026-09-08 10:50:30.764','入库详情3','admin','2025-11-24 10:50:30.764','admin','2025-11-24 10:50:30.764',1992782506943336450,1992782571778887681),(1994076020855582726,1992787885475516417,1829398333903007746,18.58,3048.52,'BATCH20251124471','2025-07-17 10:50:30.764','2026-10-03 10:50:30.764','入库详情2','admin','2025-11-24 10:50:30.764','admin','2025-11-24 10:50:30.764',1992782506943336450,1992782571778887681),(1994076020855582727,1992787885475516417,1829399118304964632,59.18,96.77,'BATCH20251124301','2025-07-31 10:50:30.764','2026-11-16 10:50:30.764','入库详情1','admin','2025-11-24 10:50:30.764','admin','2025-11-24 10:50:30.764',1992782506943336450,1992782571778887681),(1994076020855582728,1994076020444540929,1829399118304964640,88.16,1562.70,'BATCH20251128897','2025-07-17 00:09:06.075','2026-08-13 00:09:06.075','入库详情5','admin','2025-11-28 00:09:06.075','admin','2025-11-28 00:09:06.075',1992782506943336450,1992782571778887681),(1994076020855582729,1994076020444540929,1829398333903007745,32.67,4966.44,'BATCH20251128966','2025-05-24 00:09:06.075','2026-11-29 00:09:06.075','入库详情4','admin','2025-11-28 00:09:06.075','admin','2025-11-28 00:09:06.075',1992782506943336450,1992782571778887681),(1994076020855582730,1994076020444540929,1829399118304964630,25.68,2099.36,'BATCH20251128309','2025-09-03 00:09:06.075','2027-01-19 00:09:06.075','入库详情3','admin','2025-11-28 00:09:06.075','admin','2025-11-28 00:09:06.075',1992782506943336450,1992782571778887681),(1994076020855582731,1994076020444540929,1829399118304964634,73.00,3767.30,'BATCH20251128557','2025-07-21 00:09:06.075','2026-07-05 00:09:06.075','入库详情2','admin','2025-11-28 00:09:06.075','admin','2025-11-28 00:09:06.075',1992782506943336450,1992782571778887681),(1994076020855582732,1994076020444540929,1828402624005312515,98.21,594.27,'BATCH20251128628','2025-06-05 00:09:06.075','2026-08-01 00:09:06.075','入库详情1','admin','2025-11-28 00:09:06.075','admin','2025-11-28 00:09:06.075',1992782506943336450,1992782571778887681),(1994076020855582733,1994076020444540930,1829399118304964658,2.12,698.81,'BATCH20251127615','2025-06-27 23:58:08.223','2026-12-26 23:58:08.223','入库详情5','admin','2025-11-27 23:58:08.223','admin','2025-11-27 23:58:08.223',1992782691492712452,1992783170301874204),(1994076020855582734,1994076020444540930,1829399118304964653,66.81,1727.58,'BATCH20251127703','2025-07-29 23:58:08.223','2026-11-02 23:58:08.223','入库详情4','admin','2025-11-27 23:58:08.223','admin','2025-11-27 23:58:08.223',1992782691492712452,1992783170301874204),(1994076020855582735,1994076020444540930,1829399118304964633,96.52,3114.79,'BATCH20251127199','2025-09-30 23:58:08.223','2026-08-01 23:58:08.223','入库详情3','admin','2025-11-27 23:58:08.223','admin','2025-11-27 23:58:08.223',1992782691492712452,1992783170301874204),(1994076020855582736,1994076020444540930,1829399118304964640,98.74,849.06,'BATCH20251127866','2025-05-28 23:58:08.223','2027-01-26 23:58:08.223','入库详情2','admin','2025-11-27 23:58:08.223','admin','2025-11-27 23:58:08.223',1992782691492712452,1992783170301874204),(1994076020855582737,1994076020444540930,1829399118304964657,31.55,4464.85,'BATCH20251127498','2025-05-30 23:58:08.223','2027-02-11 23:58:08.223','入库详情1','admin','2025-11-27 23:58:08.223','admin','2025-11-27 23:58:08.223',1992782691492712452,1992783170301874204),(1994076020855582738,1994076020444540931,1828407871469686786,78.80,4845.93,'BATCH20251126462','2025-08-11 23:58:08.223','2027-03-03 23:58:08.223','入库详情5','admin','2025-11-26 23:58:08.223','admin','2025-11-26 23:58:08.223',1992782691492712451,1992783170301874198),(1994076020855582739,1994076020444540931,1829399118304964646,75.89,328.22,'BATCH20251126032','2025-05-02 23:58:08.223','2027-04-02 23:58:08.223','入库详情4','admin','2025-11-26 23:58:08.223','admin','2025-11-26 23:58:08.223',1992782691492712451,1992783170301874198),(1994076020855582740,1994076020444540931,1828402624005312516,16.45,2672.16,'BATCH20251126159','2025-09-18 23:58:08.223','2027-01-06 23:58:08.223','入库详情3','admin','2025-11-26 23:58:08.223','admin','2025-11-26 23:58:08.223',1992782691492712451,1992783170301874198),(1994076020855582741,1994076020444540931,1829399118304964636,8.55,3364.32,'BATCH20251126088','2025-08-08 23:58:08.223','2027-05-20 23:58:08.223','入库详情2','admin','2025-11-26 23:58:08.223','admin','2025-11-26 23:58:08.223',1992782691492712451,1992783170301874198),(1994076020855582742,1994076020444540931,1829399118304964660,21.37,138.53,'BATCH20251126477','2025-08-28 23:58:08.223','2026-08-19 23:58:08.223','入库详情1','admin','2025-11-26 23:58:08.223','admin','2025-11-26 23:58:08.223',1992782691492712451,1992783170301874198),(1994076020855582743,1994076020444540932,1829399118304964659,49.25,518.55,'BATCH20251125021','2025-05-31 23:58:08.223','2026-06-12 23:58:08.223','入库详情5','admin','2025-11-25 23:58:08.223','admin','2025-11-25 23:58:08.223',1992782691492712454,1992783170301874188),(1994076020855582744,1994076020444540932,1829399118304964630,2.76,1210.12,'BATCH20251125108','2025-05-28 23:58:08.223','2027-04-11 23:58:08.223','入库详情4','admin','2025-11-25 23:58:08.223','admin','2025-11-25 23:58:08.223',1992782691492712454,1992783170301874188),(1994076020855582745,1994076020444540932,1829399118304964647,93.96,3060.09,'BATCH20251125222','2025-09-02 23:58:08.223','2027-03-26 23:58:08.223','入库详情3','admin','2025-11-25 23:58:08.223','admin','2025-11-25 23:58:08.223',1992782691492712454,1992783170301874188),(1994076020855582746,1994076020444540932,1829399118304964641,26.03,2705.14,'BATCH20251125904','2025-05-12 23:58:08.223','2027-04-28 23:58:08.223','入库详情2','admin','2025-11-25 23:58:08.223','admin','2025-11-25 23:58:08.223',1992782691492712454,1992783170301874188),(1994076020855582747,1994076020444540932,1829399118304964639,68.39,2410.89,'BATCH20251125339','2025-09-06 23:58:08.223','2026-10-08 23:58:08.223','入库详情1','admin','2025-11-25 23:58:08.223','admin','2025-11-25 23:58:08.223',1992782691492712454,1992783170301874188),(1994076020855582748,1994076020444540933,1829399118304964615,55.89,4449.24,'BATCH20251124752','2025-10-03 23:58:08.223','2026-09-30 23:58:08.223','入库详情5','admin','2025-11-24 23:58:08.223','admin','2025-11-24 23:58:08.223',1992782691492712453,1992783170301874187),(1994076020855582749,1994076020444540933,1829398702011904001,97.49,3931.81,'BATCH20251124987','2025-07-08 23:58:08.223','2026-06-19 23:58:08.223','入库详情4','admin','2025-11-24 23:58:08.223','admin','2025-11-24 23:58:08.223',1992782691492712453,1992783170301874187),(1994076020855582750,1994076020444540933,1829399118304964624,91.04,5044.48,'BATCH20251124293','2025-08-02 23:58:08.223','2026-11-09 23:58:08.223','入库详情3','admin','2025-11-24 23:58:08.223','admin','2025-11-24 23:58:08.223',1992782691492712453,1992783170301874187),(1994076020855582751,1994076020444540933,1829399118304964649,82.03,4669.80,'BATCH20251124189','2025-09-24 23:58:08.223','2026-09-08 23:58:08.223','入库详情2','admin','2025-11-24 23:58:08.223','admin','2025-11-24 23:58:08.223',1992782691492712453,1992783170301874187),(1994076020855582752,1994076020444540933,1829399118304964634,4.30,1952.65,'BATCH20251124803','2025-05-21 23:58:08.223','2027-05-12 23:58:08.223','入库详情1','admin','2025-11-24 23:58:08.223','admin','2025-11-24 23:58:08.223',1992782691492712453,1992783170301874187),(1994076020855582753,1994076020444540934,1829399118304964619,37.02,268.03,'BATCH20251123138','2025-07-16 23:58:08.223','2026-10-03 23:58:08.223','入库详情5','admin','2025-11-23 23:58:08.223','admin','2025-11-23 23:58:08.223',1992782691492712451,1992783170301874182),(1994076020855582754,1994076020444540934,1829399118304964625,66.21,1057.88,'BATCH20251123052','2025-06-29 23:58:08.223','2026-07-02 23:58:08.223','入库详情4','admin','2025-11-23 23:58:08.223','admin','2025-11-23 23:58:08.223',1992782691492712451,1992783170301874182),(1994076020855582755,1994076020444540934,1829399118304964620,54.56,1875.98,'BATCH20251123219','2025-10-24 23:58:08.223','2026-09-24 23:58:08.223','入库详情3','admin','2025-11-23 23:58:08.223','admin','2025-11-23 23:58:08.223',1992782691492712451,1992783170301874182),(1994076020855582756,1994076020444540934,1829399118304964640,16.65,1266.41,'BATCH20251123747','2025-10-24 23:58:08.223','2027-03-04 23:58:08.223','入库详情2','admin','2025-11-23 23:58:08.223','admin','2025-11-23 23:58:08.223',1992782691492712451,1992783170301874182),(1994076020855582757,1994076020444540934,1829399118304964636,70.67,2589.85,'BATCH20251123450','2025-06-16 23:58:08.223','2026-08-30 23:58:08.223','入库详情1','admin','2025-11-23 23:58:08.223','admin','2025-11-23 23:58:08.223',1992782691492712451,1992783170301874182),(1994076020855582758,1994076020444540935,1829398492779048962,64.24,461.90,'BATCH20251122515','2025-08-26 23:58:08.223','2026-06-22 23:58:08.223','入库详情5','admin','2025-11-22 23:58:08.223','admin','2025-11-22 23:58:08.223',1992782691492712456,1992783170301874177),(1994076020855582759,1994076020444540935,1829399118304964645,29.47,2265.23,'BATCH20251122361','2025-07-30 23:58:08.223','2026-09-08 23:58:08.223','入库详情4','admin','2025-11-22 23:58:08.223','admin','2025-11-22 23:58:08.223',1992782691492712456,1992783170301874177),(1994076020855582760,1994076020444540935,1829399118304964654,7.62,2993.69,'BATCH20251122745','2025-05-04 23:58:08.223','2026-12-10 23:58:08.223','入库详情3','admin','2025-11-22 23:58:08.223','admin','2025-11-22 23:58:08.223',1992782691492712456,1992783170301874177),(1994076020855582761,1994076020444540935,1829399118304964658,15.37,4730.20,'BATCH20251122249','2025-08-06 23:58:08.223','2026-10-27 23:58:08.223','入库详情2','admin','2025-11-22 23:58:08.223','admin','2025-11-22 23:58:08.223',1992782691492712456,1992783170301874177),(1994076020855582762,1994076020444540935,1829399118304964651,43.68,4064.65,'BATCH20251122734','2025-09-06 23:58:08.223','2026-06-29 23:58:08.223','入库详情1','admin','2025-11-22 23:58:08.223','admin','2025-11-22 23:58:08.223',1992782691492712456,1992783170301874177),(1994076020855582763,1994076020444540936,1829399118304964656,70.43,3501.39,'BATCH20251121369','2025-06-06 23:58:08.223','2027-02-18 23:58:08.223','入库详情5','admin','2025-11-21 23:58:08.223','admin','2025-11-21 23:58:08.223',1992782506943336450,1992783170301874185),(1994076020855582764,1994076020444540936,1829398193024724994,3.52,963.77,'BATCH20251121838','2025-06-29 23:58:08.223','2027-01-29 23:58:08.223','入库详情4','admin','2025-11-21 23:58:08.223','admin','2025-11-21 23:58:08.223',1992782506943336450,1992783170301874185),(1994076020855582765,1994076020444540936,1829399118304964641,29.77,4992.02,'BATCH20251121079','2025-08-06 23:58:08.223','2027-04-16 23:58:08.223','入库详情3','admin','2025-11-21 23:58:08.223','admin','2025-11-21 23:58:08.223',1992782506943336450,1992783170301874185),(1994076020855582766,1994076020444540936,1829399118304964645,28.94,1011.57,'BATCH20251121124','2025-10-15 23:58:08.223','2027-03-18 23:58:08.223','入库详情2','admin','2025-11-21 23:58:08.223','admin','2025-11-21 23:58:08.223',1992782506943336450,1992783170301874185),(1994076020855582767,1994076020444540936,1829399118304964624,60.32,4254.78,'BATCH20251121425','2025-07-06 23:58:08.223','2027-02-13 23:58:08.223','入库详情1','admin','2025-11-21 23:58:08.223','admin','2025-11-21 23:58:08.223',1992782506943336450,1992783170301874185),(1994076020855582768,1994076020444540937,1829399118304964656,84.91,4443.35,'BATCH20251120876','2025-06-10 23:58:08.223','2026-06-21 23:58:08.223','入库详情5','admin','2025-11-20 23:58:08.223','admin','2025-11-20 23:58:08.223',1992782506943336450,1992783170301874186),(1994076020855582769,1994076020444540937,1829399118304964649,32.22,3389.61,'BATCH20251120403','2025-10-19 23:58:08.223','2027-03-25 23:58:08.223','入库详情4','admin','2025-11-20 23:58:08.223','admin','2025-11-20 23:58:08.223',1992782506943336450,1992783170301874186),(1994076020855582770,1994076020444540937,1829399118304964630,44.35,3651.23,'BATCH20251120301','2025-08-21 23:58:08.223','2027-03-10 23:58:08.223','入库详情3','admin','2025-11-20 23:58:08.223','admin','2025-11-20 23:58:08.223',1992782506943336450,1992783170301874186),(1994076020855582771,1994076020444540937,1828402624005312514,31.21,1367.61,'BATCH20251120411','2025-09-04 23:58:08.223','2026-06-21 23:58:08.223','入库详情2','admin','2025-11-20 23:58:08.223','admin','2025-11-20 23:58:08.223',1992782506943336450,1992783170301874186),(1994076020855582772,1994076020444540937,1829399118304964660,6.66,1374.82,'BATCH20251120155','2025-04-28 23:58:08.223','2026-10-24 23:58:08.223','入库详情1','admin','2025-11-20 23:58:08.223','admin','2025-11-20 23:58:08.223',1992782506943336450,1992783170301874186),(1994076020855582773,1994076020444540938,1829399118304964611,61.28,3327.13,'BATCH20251119469','2025-08-14 23:58:08.223','2026-11-08 23:58:08.223','入库详情5','admin','2025-11-19 23:58:08.223','admin','2025-11-19 23:58:08.223',1992782642801037314,1992782816625577985),(1994076020855582774,1994076020444540938,1829399118304964630,76.85,4450.05,'BATCH20251119125','2025-04-27 23:58:08.223','2026-11-30 23:58:08.223','入库详情4','admin','2025-11-19 23:58:08.223','admin','2025-11-19 23:58:08.223',1992782642801037314,1992782816625577985),(1994076020855582775,1994076020444540938,1829399118304964623,32.12,4673.48,'BATCH20251119690','2025-06-21 23:58:08.223','2026-09-07 23:58:08.223','入库详情3','admin','2025-11-19 23:58:08.223','admin','2025-11-19 23:58:08.223',1992782642801037314,1992782816625577985),(1994076020855582776,1994076020444540938,1829399118304964631,88.11,4022.49,'BATCH20251119359','2025-08-07 23:58:08.223','2027-05-12 23:58:08.223','入库详情2','admin','2025-11-19 23:58:08.223','admin','2025-11-19 23:58:08.223',1992782642801037314,1992782816625577985),(1994076020855582777,1994076020444540938,1829398702011904001,95.55,2329.50,'BATCH20251119443','2025-05-21 23:58:08.223','2027-04-14 23:58:08.223','入库详情1','admin','2025-11-19 23:58:08.223','admin','2025-11-19 23:58:08.223',1992782642801037314,1992782816625577985),(1994076020855582778,1994076020444540939,1829398333903007746,1.91,2742.29,'BATCH20251118665','2025-06-14 23:58:08.223','2026-12-04 23:58:08.223','入库详情5','admin','2025-11-18 23:58:08.223','admin','2025-11-18 23:58:08.223',1992782642801037314,1992783170301874188),(1994076020855582779,1994076020444540939,1829399118304964648,53.78,214.17,'BATCH20251118581','2025-05-27 23:58:08.223','2026-08-29 23:58:08.223','入库详情4','admin','2025-11-18 23:58:08.223','admin','2025-11-18 23:58:08.223',1992782642801037314,1992783170301874188),(1994076020855582780,1994076020444540939,1829399118304964628,72.55,4087.94,'BATCH20251118891','2025-10-13 23:58:08.223','2026-11-14 23:58:08.223','入库详情3','admin','2025-11-18 23:58:08.223','admin','2025-11-18 23:58:08.223',1992782642801037314,1992783170301874188),(1994076020855582781,1994076020444540939,1829399118304964617,52.55,1890.91,'BATCH20251118295','2025-08-14 23:58:08.223','2027-05-01 23:58:08.223','入库详情2','admin','2025-11-18 23:58:08.223','admin','2025-11-18 23:58:08.223',1992782642801037314,1992783170301874188),(1994076020855582782,1994076020444540939,1829399118304964646,85.33,1508.88,'BATCH20251118929','2025-06-03 23:58:08.223','2026-06-09 23:58:08.223','入库详情1','admin','2025-11-18 23:58:08.223','admin','2025-11-18 23:58:08.223',1992782642801037314,1992783170301874188),(1994076020855582783,1994076020444540940,1828402624005312514,2.38,112.38,'BATCH20251117021','2025-10-06 23:58:08.223','2026-08-23 23:58:08.223','入库详情5','admin','2025-11-17 23:58:08.223','admin','2025-11-17 23:58:08.223',1992782691492712452,1992783170301874177),(1994076020855582784,1994076020444540940,1829399118304964645,69.16,3225.87,'BATCH20251117131','2025-06-05 23:58:08.223','2026-09-23 23:58:08.223','入库详情4','admin','2025-11-17 23:58:08.223','admin','2025-11-17 23:58:08.223',1992782691492712452,1992783170301874177),(1994076020855582785,1994076020444540940,1829399118304964614,1.12,4120.77,'BATCH20251117068','2025-05-11 23:58:08.223','2026-08-21 23:58:08.223','入库详情3','admin','2025-11-17 23:58:08.223','admin','2025-11-17 23:58:08.223',1992782691492712452,1992783170301874177),(1994076020855582786,1994076020444540940,1829399118304964614,61.61,2872.52,'BATCH20251117005','2025-08-20 23:58:08.223','2026-12-31 23:58:08.223','入库详情2','admin','2025-11-17 23:58:08.223','admin','2025-11-17 23:58:08.223',1992782691492712452,1992783170301874177),(1994076020855582787,1994076020444540940,1829399118304964644,55.18,4460.78,'BATCH20251117785','2025-08-29 23:58:08.223','2026-06-02 23:58:08.223','入库详情1','admin','2025-11-17 23:58:08.223','admin','2025-11-17 23:58:08.223',1992782691492712452,1992783170301874177),(1994076020855582788,1994076020444540941,1829399118304964648,86.47,3330.60,'BATCH20251116716','2025-06-29 23:58:08.223','2027-04-15 23:58:08.223','入库详情5','admin','2025-11-16 23:58:08.223','admin','2025-11-16 23:58:08.223',1992782691492712450,1992783170301874183),(1994076020855582789,1994076020444540941,1829399118304964618,37.82,2404.01,'BATCH20251116250','2025-05-20 23:58:08.223','2026-10-16 23:58:08.223','入库详情4','admin','2025-11-16 23:58:08.223','admin','2025-11-16 23:58:08.223',1992782691492712450,1992783170301874183),(1994076020855582790,1994076020444540941,1829398333903007746,66.86,3672.74,'BATCH20251116647','2025-10-06 23:58:08.223','2026-09-26 23:58:08.223','入库详情3','admin','2025-11-16 23:58:08.223','admin','2025-11-16 23:58:08.223',1992782691492712450,1992783170301874183),(1994076020855582791,1994076020444540941,1829398333903007745,85.57,2784.92,'BATCH20251116198','2025-08-16 23:58:08.223','2026-07-06 23:58:08.223','入库详情2','admin','2025-11-16 23:58:08.223','admin','2025-11-16 23:58:08.223',1992782691492712450,1992783170301874183),(1994076020855582792,1994076020444540941,1829399118304964619,82.70,941.44,'BATCH20251116440','2025-06-19 23:58:08.223','2026-05-20 23:58:08.223','入库详情1','admin','2025-11-16 23:58:08.223','admin','2025-11-16 23:58:08.223',1992782691492712450,1992783170301874183),(1994076020855582793,1994076020444540942,1829398333903007746,74.10,3399.54,'BATCH20251115157','2025-05-30 23:58:08.223','2026-10-04 23:58:08.223','入库详情5','admin','2025-11-15 23:58:08.223','admin','2025-11-15 23:58:08.223',1992782642801037314,1992783170301874199),(1994076020855582794,1994076020444540942,1829399118304964627,36.82,2803.38,'BATCH20251115679','2025-06-05 23:58:08.223','2027-01-15 23:58:08.223','入库详情4','admin','2025-11-15 23:58:08.223','admin','2025-11-15 23:58:08.223',1992782642801037314,1992783170301874199),(1994076020855582795,1994076020444540942,1829399118304964615,38.08,1609.70,'BATCH20251115447','2025-08-23 23:58:08.223','2026-07-10 23:58:08.223','入库详情3','admin','2025-11-15 23:58:08.223','admin','2025-11-15 23:58:08.223',1992782642801037314,1992783170301874199),(1994076020855582796,1994076020444540942,1829398193024724994,42.62,4989.22,'BATCH20251115690','2025-07-20 23:58:08.223','2026-09-28 23:58:08.223','入库详情2','admin','2025-11-15 23:58:08.223','admin','2025-11-15 23:58:08.223',1992782642801037314,1992783170301874199),(1994076020855582797,1994076020444540942,1829398333903007746,96.39,2831.10,'BATCH20251115919','2025-05-02 23:58:08.223','2027-03-31 23:58:08.223','入库详情1','admin','2025-11-15 23:58:08.223','admin','2025-11-15 23:58:08.223',1992782642801037314,1992783170301874199),(1994076020855582798,1994076020444540943,1829399118304964613,8.68,3472.40,'BATCH20251114192','2025-05-05 23:58:08.223','2027-04-28 23:58:08.223','入库详情5','admin','2025-11-14 23:58:08.223','admin','2025-11-14 23:58:08.223',1992782691492712452,1992783170301874205),(1994076020855582799,1994076020444540943,1829399118304964656,15.63,4496.40,'BATCH20251114008','2025-08-10 23:58:08.223','2027-03-11 23:58:08.223','入库详情4','admin','2025-11-14 23:58:08.223','admin','2025-11-14 23:58:08.223',1992782691492712452,1992783170301874205),(1994076020855582800,1994076020444540943,1829399118304964638,38.71,2697.78,'BATCH20251114516','2025-04-20 23:58:08.223','2026-10-12 23:58:08.223','入库详情3','admin','2025-11-14 23:58:08.223','admin','2025-11-14 23:58:08.223',1992782691492712452,1992783170301874205),(1994076020855582801,1994076020444540943,1829399118304964646,96.90,3169.18,'BATCH20251114243','2025-08-15 23:58:08.223','2027-05-03 23:58:08.223','入库详情2','admin','2025-11-14 23:58:08.223','admin','2025-11-14 23:58:08.223',1992782691492712452,1992783170301874205),(1994076020855582802,1994076020444540943,1829399118304964626,4.78,4459.92,'BATCH20251114297','2025-05-18 23:58:08.223','2026-08-27 23:58:08.223','入库详情1','admin','2025-11-14 23:58:08.223','admin','2025-11-14 23:58:08.223',1992782691492712452,1992783170301874205),(1994076020855582803,1994076020444540944,1829399118304964646,56.58,2652.96,'BATCH20251113935','2025-09-23 23:58:08.223','2027-02-19 23:58:08.223','入库详情5','admin','2025-11-13 23:58:08.223','admin','2025-11-13 23:58:08.223',1992782691492712450,1992783170301874181),(1994076020855582804,1994076020444540944,1829399118304964643,41.01,2943.10,'BATCH20251113693','2025-06-06 23:58:08.223','2026-12-02 23:58:08.223','入库详情4','admin','2025-11-13 23:58:08.223','admin','2025-11-13 23:58:08.223',1992782691492712450,1992783170301874181),(1994076020855582805,1994076020444540944,1829398492779048962,97.68,3324.33,'BATCH20251113374','2025-05-05 23:58:08.223','2026-10-05 23:58:08.223','入库详情3','admin','2025-11-13 23:58:08.223','admin','2025-11-13 23:58:08.223',1992782691492712450,1992783170301874181),(1994076020855582806,1994076020444540944,1829399118304964615,45.01,4401.91,'BATCH20251113032','2025-07-08 23:58:08.223','2026-12-30 23:58:08.223','入库详情2','admin','2025-11-13 23:58:08.223','admin','2025-11-13 23:58:08.223',1992782691492712450,1992783170301874181),(1994076020855582807,1994076020444540944,1829399118304964624,26.41,2617.06,'BATCH20251113804','2025-07-19 23:58:08.223','2026-05-13 23:58:08.223','入库详情1','admin','2025-11-13 23:58:08.223','admin','2025-11-13 23:58:08.223',1992782691492712450,1992783170301874181),(1994076020855582808,1994076020444540945,1828408321522700289,50.78,2915.70,'BATCH20251112372','2025-09-18 23:58:08.223','2026-12-13 23:58:08.223','入库详情5','admin','2025-11-12 23:58:08.223','admin','2025-11-12 23:58:08.223',1992782506943336450,1992783170301874188),(1994076020855582809,1994076020444540945,1828402624005312516,45.07,4351.46,'BATCH20251112979','2025-08-18 23:58:08.223','2026-12-31 23:58:08.223','入库详情4','admin','2025-11-12 23:58:08.223','admin','2025-11-12 23:58:08.223',1992782506943336450,1992783170301874188),(1994076020855582810,1994076020444540945,1829399118304964651,16.55,1242.87,'BATCH20251112726','2025-05-01 23:58:08.223','2026-10-05 23:58:08.223','入库详情3','admin','2025-11-12 23:58:08.223','admin','2025-11-12 23:58:08.223',1992782506943336450,1992783170301874188),(1994076020855582811,1994076020444540945,1829399118304964629,58.48,1224.50,'BATCH20251112450','2025-07-07 23:58:08.223','2026-09-25 23:58:08.223','入库详情2','admin','2025-11-12 23:58:08.223','admin','2025-11-12 23:58:08.223',1992782506943336450,1992783170301874188),(1994076020855582812,1994076020444540945,1829399118304964642,2.08,3506.83,'BATCH20251112425','2025-10-05 23:58:08.223','2027-04-29 23:58:08.223','入库详情1','admin','2025-11-12 23:58:08.223','admin','2025-11-12 23:58:08.223',1992782506943336450,1992783170301874188),(1994076020855582813,1994076020444540946,1829399118304964627,95.98,228.27,'BATCH20251111329','2025-07-08 23:58:08.223','2027-01-20 23:58:08.223','入库详情5','admin','2025-11-11 23:58:08.223','admin','2025-11-11 23:58:08.223',1992782691492712456,1992783170301874181),(1994076020855582814,1994076020444540946,1829399118304964631,87.73,3512.61,'BATCH20251111860','2025-09-02 23:58:08.223','2026-11-25 23:58:08.223','入库详情4','admin','2025-11-11 23:58:08.223','admin','2025-11-11 23:58:08.223',1992782691492712456,1992783170301874181),(1994076020855582815,1994076020444540946,1829399118304964637,45.13,3282.44,'BATCH20251111908','2025-06-26 23:58:08.223','2026-08-25 23:58:08.223','入库详情3','admin','2025-11-11 23:58:08.223','admin','2025-11-11 23:58:08.223',1992782691492712456,1992783170301874181),(1994076020855582816,1994076020444540946,1829399118304964640,53.20,3913.86,'BATCH20251111298','2025-09-12 23:58:08.223','2027-04-26 23:58:08.223','入库详情2','admin','2025-11-11 23:58:08.223','admin','2025-11-11 23:58:08.223',1992782691492712456,1992783170301874181),(1994076020855582817,1994076020444540946,1829399118304964628,71.00,3164.85,'BATCH20251111015','2025-09-05 23:58:08.223','2027-05-04 23:58:08.223','入库详情1','admin','2025-11-11 23:58:08.223','admin','2025-11-11 23:58:08.223',1992782691492712456,1992783170301874181),(1994076020855582818,1994076020444540947,1829399118304964654,90.94,4498.61,'BATCH20251110750','2025-09-26 23:58:08.223','2026-07-08 23:58:08.223','入库详情5','admin','2025-11-10 23:58:08.223','admin','2025-11-10 23:58:08.223',1992782691492712457,1992783170301874205),(1994076020855582819,1994076020444540947,1829399118304964636,98.73,1779.59,'BATCH20251110798','2025-04-23 23:58:08.223','2026-09-18 23:58:08.223','入库详情4','admin','2025-11-10 23:58:08.223','admin','2025-11-10 23:58:08.223',1992782691492712457,1992783170301874205),(1994076020855582820,1994076020444540947,1829399118304964614,77.46,2105.74,'BATCH20251110762','2025-06-30 23:58:08.223','2026-12-11 23:58:08.223','入库详情3','admin','2025-11-10 23:58:08.223','admin','2025-11-10 23:58:08.223',1992782691492712457,1992783170301874205),(1994076020855582821,1994076020444540947,1829399118304964654,84.89,4650.39,'BATCH20251110084','2025-06-15 23:58:08.223','2026-05-23 23:58:08.223','入库详情2','admin','2025-11-10 23:58:08.223','admin','2025-11-10 23:58:08.223',1992782691492712457,1992783170301874205),(1994076020855582822,1994076020444540947,1828402624005312515,87.07,2907.45,'BATCH20251110275','2025-06-14 23:58:08.223','2026-11-01 23:58:08.223','入库详情1','admin','2025-11-10 23:58:08.223','admin','2025-11-10 23:58:08.223',1992782691492712457,1992783170301874205);
/*!40000 ALTER TABLE `wms_receipt_order_detail` ENABLE KEYS */;
UNLOCK TABLES;

--
-- Table structure for table `wms_serial_number`
--

DROP TABLE IF EXISTS `wms_serial_number`;
/*!40101 SET @saved_cs_client     = @@character_set_client */;
/*!50503 SET character_set_client = utf8mb4 */;
CREATE TABLE `wms_serial_number` (
  `sn_id` bigint NOT NULL AUTO_INCREMENT COMMENT '主键ID',
  `sn_code` varchar(100) NOT NULL COMMENT 'SN码/序列号',
  `item_id` bigint DEFAULT NULL COMMENT '物品ID',
  `item_no` varchar(50) DEFAULT NULL COMMENT '物品编号',
  `item_name` varchar(255) DEFAULT NULL COMMENT '物品名称',
  `spec` varchar(255) DEFAULT NULL COMMENT '规格型号',
  `bind_status` char(1) DEFAULT '0' COMMENT '绑定状态 0-未绑定 1-已绑定',
  `inbound_time` datetime DEFAULT NULL COMMENT '入库时间',
  `receipt_order_no` varchar(50) DEFAULT NULL COMMENT '入库单号',
  `shipment_order_no` varchar(50) DEFAULT NULL COMMENT '出库单号',
  `warehouse_id` bigint DEFAULT NULL COMMENT '当前位置（仓库ID）',
  `rack_no` varchar(50) DEFAULT NULL COMMENT '当前位置（货架编号）',
  `create_time` datetime DEFAULT CURRENT_TIMESTAMP COMMENT '创建时间',
  `create_by` varchar(64) DEFAULT '' COMMENT '创建者',
  `update_time` datetime DEFAULT CURRENT_TIMESTAMP ON UPDATE CURRENT_TIMESTAMP COMMENT '更新时间',
  `update_by` varchar(64) DEFAULT '' COMMENT '更新者',
  `remark` varchar(500) DEFAULT NULL COMMENT '备注',
  PRIMARY KEY (`sn_id`),
  UNIQUE KEY `uk_sn_code` (`sn_code`),
  KEY `idx_item_id` (`item_id`),
  KEY `idx_bind_status` (`bind_status`),
  KEY `idx_receipt_order_no` (`receipt_order_no`),
  KEY `idx_shipment_order_no` (`shipment_order_no`)
) ENGINE=InnoDB AUTO_INCREMENT=204 DEFAULT CHARSET=utf8mb4 COLLATE=utf8mb4_0900_ai_ci COMMENT='序列号/SN码表';
/*!40101 SET character_set_client = @saved_cs_client */;

--
-- Dumping data for table `wms_serial_number`
--

LOCK TABLES `wms_serial_number` WRITE;
/*!40000 ALTER TABLE `wms_serial_number` DISABLE KEYS */;
INSERT INTO `wms_serial_number` VALUES (4,'SN2025112834664843',1829399118040723466,'ITEM0019','TCL电视75Q10G','尺寸-黑色','0','2025-11-18 23:58:08',NULL,NULL,1992782691492712451,'RACK066','2025-11-28 23:58:08','admin','2025-11-28 23:58:08','admin','SN码-TCL电视75Q10G'),(5,'SN2025112834664842',1829399118040723466,'ITEM0019','TCL电视75Q10G','尺寸-白色','0','2025-11-28 23:58:08','RK251122006','CK251108020',1992782691492712454,'RACK073','2025-11-28 23:58:08','admin','2025-11-28 23:58:08','admin','SN码-TCL电视75Q10G'),(6,'SN2025112834664841',1829399118040723466,'ITEM0019','TCL电视75Q10G','尺寸-银色','1','2025-11-06 23:58:08',NULL,NULL,1992782691492712455,'RACK012','2025-11-28 23:58:08','admin','2025-11-28 23:58:08','admin','SN码-TCL电视75Q10G'),(7,'SN2025112834664840',1829399118040723466,'ITEM0019','TCL电视75Q10G','尺寸-金色','0','2025-10-31 23:58:08','RK11248425',NULL,1992782691492712456,'RACK068','2025-11-28 23:58:08','admin','2025-11-28 23:58:08','admin','SN码-TCL电视75Q10G'),(8,'SN2025112834664839',1829399118040723466,'ITEM0019','TCL电视75Q10G','尺寸-蓝色','1','2025-11-07 23:58:08','RK251102026',NULL,1992782691492712456,'RACK067','2025-11-28 23:58:08','admin','2025-11-28 23:58:08','admin','SN码-TCL电视75Q10G'),(9,'SN2025112834654838',1829399118040723465,'ITEM0018','海信电视65E8K','尺寸-黑色','0','2025-11-25 23:58:08','RK251102026','CK251029030',1992782691492712452,'RACK075','2025-11-28 23:58:08','admin','2025-11-28 23:58:08','admin','SN码-海信电视65E8K'),(10,'SN2025112834654837',1829399118040723465,'ITEM0018','海信电视65E8K','尺寸-白色','0','2025-11-28 23:58:08',NULL,NULL,1992782691492712452,'RACK039','2025-11-28 23:58:08','admin','2025-11-28 23:58:08','admin','SN码-海信电视65E8K'),(11,'SN2025112834654836',1829399118040723465,'ITEM0018','海信电视65E8K','尺寸-银色','0','2025-11-26 23:58:08','RK251126002',NULL,1992782691492712455,'RACK015','2025-11-28 23:58:08','admin','2025-11-28 23:58:08','admin','SN码-海信电视65E8K'),(12,'SN2025112834654835',1829399118040723465,'ITEM0018','海信电视65E8K','尺寸-金色','0','2025-10-31 23:58:08',NULL,NULL,1992782691492712450,'RACK005','2025-11-28 23:58:08','admin','2025-11-28 23:58:08','admin','SN码-海信电视65E8K'),(13,'SN2025112834654834',1829399118040723465,'ITEM0018','海信电视65E8K','尺寸-蓝色','1','2025-11-04 23:58:08',NULL,'CK251104024',1992782691492712451,'RACK045','2025-11-28 23:58:08','admin','2025-11-28 23:58:08','admin','SN码-海信电视65E8K'),(14,'SN2025112834664943',1829399118040723466,'ITEM0019','TCL电视75Q10G','尺寸-黑色','0','2025-11-16 23:58:08','RK251106022',NULL,1992782691492712453,'RACK043','2025-11-28 23:58:08','admin','2025-11-28 23:58:08','admin','SN码-TCL电视75Q10G'),(15,'SN2025112834664942',1829399118040723466,'ITEM0019','TCL电视75Q10G','尺寸-白色','0','2025-11-11 23:58:08',NULL,NULL,1992782642801037314,'RACK004','2025-11-28 23:58:08','admin','2025-11-28 23:58:08','admin','SN码-TCL电视75Q10G'),(16,'SN2025112834664941',1829399118040723466,'ITEM0019','TCL电视75Q10G','尺寸-银色','0','2025-11-09 23:58:08','RK251115013',NULL,1992782691492712456,'RACK029','2025-11-28 23:58:08','admin','2025-11-28 23:58:08','admin','SN码-TCL电视75Q10G'),(17,'SN2025112834664940',1829399118040723466,'ITEM0019','TCL电视75Q10G','尺寸-金色','0','2025-11-21 23:58:08','RK251122006',NULL,1992782691492712451,'RACK093','2025-11-28 23:58:08','admin','2025-11-28 23:58:08','admin','SN码-TCL电视75Q10G'),(18,'SN2025112834664939',1829399118040723466,'ITEM0019','TCL电视75Q10G','尺寸-蓝色','0','2025-11-06 23:58:08',NULL,'CK251121007',1992782691492712455,'RACK056','2025-11-28 23:58:08','admin','2025-11-28 23:58:08','admin','SN码-TCL电视75Q10G'),(19,'SN2025112834654938',1829399118040723465,'ITEM0018','海信电视65E8K','尺寸-黑色','1','2025-11-11 23:58:08',NULL,NULL,1992782506943336450,'RACK044','2025-11-28 23:58:08','admin','2025-11-28 23:58:08','admin','SN码-海信电视65E8K'),(20,'SN2025112834654937',1829399118040723465,'ITEM0018','海信电视65E8K','尺寸-白色','1','2025-11-06 23:58:08',NULL,NULL,1992782691492712453,'RACK029','2025-11-28 23:58:08','admin','2025-11-28 23:58:08','admin','SN码-海信电视65E8K'),(21,'SN2025112834654936',1829399118040723465,'ITEM0018','海信电视65E8K','尺寸-银色','1','2025-11-07 23:58:08',NULL,'CK251101027',1992782691492712450,'RACK055','2025-11-28 23:58:08','admin','2025-11-28 23:58:08','admin','SN码-海信电视65E8K'),(22,'SN2025112834654935',1829399118040723465,'ITEM0018','海信电视65E8K','尺寸-金色','0','2025-11-09 23:58:08','RK251102026','CK251109019',1992782642801037314,'RACK027','2025-11-28 23:58:08','admin','2025-11-28 23:58:08','admin','SN码-海信电视65E8K'),(23,'SN2025112834654934',1829399118040723465,'ITEM0018','海信电视65E8K','尺寸-蓝色','1','2025-10-30 23:58:08',NULL,NULL,1992782691492712455,'RACK072','2025-11-28 23:58:08','admin','2025-11-28 23:58:08','admin','SN码-海信电视65E8K'),(24,'SN2025112834665043',1829399118040723466,'ITEM0019','TCL电视75Q10G','尺寸-黑色','0','2025-11-13 23:58:08','RK251125003',NULL,1992782691492712452,'RACK028','2025-11-28 23:58:08','admin','2025-11-28 23:58:08','admin','SN码-TCL电视75Q10G'),(25,'SN2025112834665042',1829399118040723466,'ITEM0019','TCL电视75Q10G','尺寸-白色','0','2025-11-23 23:58:08',NULL,'CK251101027',1992782691492712457,'RACK051','2025-11-28 23:58:08','admin','2025-11-28 23:58:08','admin','SN码-TCL电视75Q10G'),(26,'SN2025112834665041',1829399118040723466,'ITEM0019','TCL电视75Q10G','尺寸-银色','0','2025-11-28 23:58:08',NULL,NULL,1992782691492712452,'RACK054','2025-11-28 23:58:08','admin','2025-11-28 23:58:08','admin','SN码-TCL电视75Q10G'),(27,'SN2025112834665040',1829399118040723466,'ITEM0019','TCL电视75Q10G','尺寸-金色','1','2025-11-13 23:58:08',NULL,NULL,1992782691492712450,'RACK074','2025-11-28 23:58:08','admin','2025-11-28 23:58:08','admin','SN码-TCL电视75Q10G'),(28,'SN2025112834665039',1829399118040723466,'ITEM0019','TCL电视75Q10G','尺寸-蓝色','1','2025-11-23 23:58:08',NULL,'CK251029030',1992782691492712456,'RACK098','2025-11-28 23:58:08','admin','2025-11-28 23:58:08','admin','SN码-TCL电视75Q10G'),(29,'SN2025112834655038',1829399118040723465,'ITEM0018','海信电视65E8K','尺寸-黑色','0','2025-11-18 23:58:08',NULL,NULL,1992782691492712450,'RACK045','2025-11-28 23:58:08','admin','2025-11-28 23:58:08','admin','SN码-海信电视65E8K'),(30,'SN2025112834655037',1829399118040723465,'ITEM0018','海信电视65E8K','尺寸-白色','1','2025-11-15 23:58:08',NULL,NULL,1992782691492712450,'RACK099','2025-11-28 23:58:08','admin','2025-11-28 23:58:08','admin','SN码-海信电视65E8K'),(31,'SN2025112834655036',1829399118040723465,'ITEM0018','海信电视65E8K','尺寸-银色','1','2025-11-26 23:58:08',NULL,'CK251115013',1992782691492712456,'RACK063','2025-11-28 23:58:08','admin','2025-11-28 23:58:08','admin','SN码-海信电视65E8K'),(32,'SN2025112834655035',1829399118040723465,'ITEM0018','海信电视65E8K','尺寸-金色','0','2025-11-21 23:58:08',NULL,NULL,1992782691492712451,'RACK009','2025-11-28 23:58:08','admin','2025-11-28 23:58:08','admin','SN码-海信电视65E8K'),(33,'SN2025112834655034',1829399118040723465,'ITEM0018','海信电视65E8K','尺寸-蓝色','0','2025-11-11 23:58:08',NULL,NULL,1992782691492712452,'RACK065','2025-11-28 23:58:08','admin','2025-11-28 23:58:08','admin','SN码-海信电视65E8K'),(34,'SN2025112834665143',1829399118040723466,'ITEM0019','TCL电视75Q10G','尺寸-黑色','1','2025-11-07 23:58:08','RK251108020',NULL,1992782691492712454,'RACK029','2025-11-28 23:58:08','admin','2025-11-28 23:58:08','admin','SN码-TCL电视75Q10G'),(35,'SN2025112834665142',1829399118040723466,'ITEM0019','TCL电视75Q10G','尺寸-白色','1','2025-11-01 23:58:08','RK251109019','CK251105023',1992782506943336450,'RACK076','2025-11-28 23:58:08','admin','2025-11-28 23:58:08','admin','SN码-TCL电视75Q10G'),(36,'SN2025112834665141',1829399118040723466,'ITEM0019','TCL电视75Q10G','尺寸-银色','0','2025-11-14 23:58:08','RK251031028',NULL,1992782691492712454,'RACK028','2025-11-28 23:58:08','admin','2025-11-28 23:58:08','admin','SN码-TCL电视75Q10G'),(37,'SN2025112834665140',1829399118040723466,'ITEM0019','TCL电视75Q10G','尺寸-金色','0','2025-11-06 23:58:08','RK251127001',NULL,1992782691492712454,'RACK100','2025-11-28 23:58:08','admin','2025-11-28 23:58:08','admin','SN码-TCL电视75Q10G'),(38,'SN2025112834665139',1829399118040723466,'ITEM0019','TCL电视75Q10G','尺寸-蓝色','0','2025-11-18 23:58:08','RK11281402',NULL,1992782691492712456,'RACK043','2025-11-28 23:58:08','admin','2025-11-28 23:58:08','admin','SN码-TCL电视75Q10G'),(39,'SN2025112834655138',1829399118040723465,'ITEM0018','海信电视65E8K','尺寸-黑色','0','2025-11-10 23:58:08',NULL,'CK251110018',1992782506943336450,'RACK068','2025-11-28 23:58:08','admin','2025-11-28 23:58:08','admin','SN码-海信电视65E8K'),(40,'SN2025112834655137',1829399118040723465,'ITEM0018','海信电视65E8K','尺寸-白色','0','2025-11-03 23:58:08','RK251123005',NULL,1992782691492712457,'RACK037','2025-11-28 23:58:08','admin','2025-11-28 23:58:08','admin','SN码-海信电视65E8K'),(41,'SN2025112834655136',1829399118040723465,'ITEM0018','海信电视65E8K','尺寸-银色','0','2025-11-21 23:58:08',NULL,NULL,1992782691492712453,'RACK013','2025-11-28 23:58:08','admin','2025-11-28 23:58:08','admin','SN码-海信电视65E8K'),(42,'SN2025112834655135',1829399118040723465,'ITEM0018','海信电视65E8K','尺寸-金色','0','2025-11-01 23:58:08',NULL,NULL,1992782506943336450,'RACK008','2025-11-28 23:58:08','admin','2025-11-28 23:58:08','admin','SN码-海信电视65E8K'),(43,'SN2025112834655134',1829399118040723465,'ITEM0018','海信电视65E8K','尺寸-蓝色','1','2025-11-13 23:58:08','RK251118010',NULL,1992782642801037314,'RACK029','2025-11-28 23:58:08','admin','2025-11-28 23:58:08','admin','SN码-海信电视65E8K'),(44,'SN2025112834665243',1829399118040723466,'ITEM0019','TCL电视75Q10G','尺寸-黑色','0','2025-11-27 23:58:08',NULL,NULL,1992782691492712454,'RACK042','2025-11-28 23:58:08','admin','2025-11-28 23:58:08','admin','SN码-TCL电视75Q10G'),(45,'SN2025112834665242',1829399118040723466,'ITEM0019','TCL电视75Q10G','尺寸-白色','0','2025-10-31 23:58:08',NULL,NULL,1992782691492712454,'RACK069','2025-11-28 23:58:08','admin','2025-11-28 23:58:08','admin','SN码-TCL电视75Q10G'),(46,'SN2025112834665241',1829399118040723466,'ITEM0019','TCL电视75Q10G','尺寸-银色','1','2025-11-16 23:58:08',NULL,NULL,1992782691492712450,'RACK075','2025-11-28 23:58:08','admin','2025-11-28 23:58:08','admin','SN码-TCL电视75Q10G'),(47,'SN2025112834665240',1829399118040723466,'ITEM0019','TCL电视75Q10G','尺寸-金色','1','2025-11-05 23:58:08',NULL,NULL,1992782691492712456,'RACK078','2025-11-28 23:58:08','admin','2025-11-28 23:58:08','admin','SN码-TCL电视75Q10G'),(48,'SN2025112834665239',1829399118040723466,'ITEM0019','TCL电视75Q10G','尺寸-蓝色','0','2025-11-18 23:58:08','RK251031028',NULL,1992782691492712452,'RACK093','2025-11-28 23:58:08','admin','2025-11-28 23:58:08','admin','SN码-TCL电视75Q10G'),(49,'SN2025112834655238',1829399118040723465,'ITEM0018','海信电视65E8K','尺寸-黑色','1','2025-11-12 23:58:08',NULL,NULL,1992782642801037314,'RACK085','2025-11-28 23:58:08','admin','2025-11-28 23:58:08','admin','SN码-海信电视65E8K'),(50,'SN2025112834655237',1829399118040723465,'ITEM0018','海信电视65E8K','尺寸-白色','0','2025-11-06 23:58:08','RK251029030',NULL,1992782691492712450,'RACK047','2025-11-28 23:58:08','admin','2025-11-28 23:58:08','admin','SN码-海信电视65E8K'),(51,'SN2025112834655236',1829399118040723465,'ITEM0018','海信电视65E8K','尺寸-银色','0','2025-11-03 23:58:08',NULL,NULL,1992782691492712455,'RACK040','2025-11-28 23:58:08','admin','2025-11-28 23:58:08','admin','SN码-海信电视65E8K'),(52,'SN2025112834655235',1829399118040723465,'ITEM0018','海信电视65E8K','尺寸-金色','0','2025-11-18 23:58:08','RK251030029',NULL,1992782642801037314,'RACK043','2025-11-28 23:58:08','admin','2025-11-28 23:58:08','admin','SN码-海信电视65E8K'),(53,'SN2025112834655234',1829399118040723465,'ITEM0018','海信电视65E8K','尺寸-蓝色','0','2025-11-26 23:58:08',NULL,NULL,1992782691492712454,'RACK027','2025-11-28 23:58:08','admin','2025-11-28 23:58:08','admin','SN码-海信电视65E8K'),(54,'SN2025112834665343',1829399118040723466,'ITEM0019','TCL电视75Q10G','尺寸-黑色','0','2025-11-26 23:58:08',NULL,NULL,1992782691492712450,'RACK027','2025-11-28 23:58:08','admin','2025-11-28 23:58:08','admin','SN码-TCL电视75Q10G'),(55,'SN2025112834665342',1829399118040723466,'ITEM0019','TCL电视75Q10G','尺寸-白色','0','2025-11-12 23:58:08','RK251029030',NULL,1992782642801037314,'RACK091','2025-11-28 23:58:08','admin','2025-11-28 23:58:08','admin','SN码-TCL电视75Q10G'),(56,'SN2025112834665341',1829399118040723466,'ITEM0019','TCL电视75Q10G','尺寸-银色','0','2025-11-15 23:58:08','RK251120008',NULL,1992782691492712451,'RACK051','2025-11-28 23:58:08','admin','2025-11-28 23:58:08','admin','SN码-TCL电视75Q10G'),(57,'SN2025112834665340',1829399118040723466,'ITEM0019','TCL电视75Q10G','尺寸-金色','1','2025-11-25 23:58:08','RK251030029',NULL,1992782691492712450,'RACK001','2025-11-28 23:58:08','admin','2025-11-28 23:58:08','admin','SN码-TCL电视75Q10G'),(58,'SN2025112834665339',1829399118040723466,'ITEM0019','TCL电视75Q10G','尺寸-蓝色','1','2025-11-12 23:58:08','RK251110018',NULL,1992782691492712453,'RACK048','2025-11-28 23:58:08','admin','2025-11-28 23:58:08','admin','SN码-TCL电视75Q10G'),(59,'SN2025112834655338',1829399118040723465,'ITEM0018','海信电视65E8K','尺寸-黑色','0','2025-11-11 23:58:08',NULL,NULL,1992782691492712452,'RACK055','2025-11-28 23:58:08','admin','2025-11-28 23:58:08','admin','SN码-海信电视65E8K'),(60,'SN2025112834655337',1829399118040723465,'ITEM0018','海信电视65E8K','尺寸-白色','1','2025-11-15 23:58:08','RK251125003',NULL,1992782691492712451,'RACK035','2025-11-28 23:58:08','admin','2025-11-28 23:58:08','admin','SN码-海信电视65E8K'),(61,'SN2025112834655336',1829399118040723465,'ITEM0018','海信电视65E8K','尺寸-银色','0','2025-11-26 23:58:08',NULL,NULL,1992782506943336450,'RACK072','2025-11-28 23:58:08','admin','2025-11-28 23:58:08','admin','SN码-海信电视65E8K'),(62,'SN2025112834655335',1829399118040723465,'ITEM0018','海信电视65E8K','尺寸-金色','0','2025-11-18 23:58:08',NULL,NULL,1992782691492712453,'RACK013','2025-11-28 23:58:08','admin','2025-11-28 23:58:08','admin','SN码-海信电视65E8K'),(63,'SN2025112834655334',1829399118040723465,'ITEM0018','海信电视65E8K','尺寸-蓝色','0','2025-11-08 23:58:08','RK251111017','CK251107021',1992782691492712454,'RACK031','2025-11-28 23:58:08','admin','2025-11-28 23:58:08','admin','SN码-海信电视65E8K'),(64,'SN2025112834665443',1829399118040723466,'ITEM0019','TCL电视75Q10G','尺寸-黑色','0','2025-11-08 23:58:08',NULL,NULL,1992782691492712456,'RACK013','2025-11-28 23:58:08','admin','2025-11-28 23:58:08','admin','SN码-TCL电视75Q10G'),(65,'SN2025112834665442',1829399118040723466,'ITEM0019','TCL电视75Q10G','尺寸-白色','0','2025-11-24 23:58:08',NULL,NULL,1992782691492712455,'RACK025','2025-11-28 23:58:08','admin','2025-11-28 23:58:08','admin','SN码-TCL电视75Q10G'),(66,'SN2025112834665441',1829399118040723466,'ITEM0019','TCL电视75Q10G','尺寸-银色','0','2025-11-16 23:58:08',NULL,NULL,1992782691492712457,'RACK082','2025-11-28 23:58:08','admin','2025-11-28 23:58:08','admin','SN码-TCL电视75Q10G'),(67,'SN2025112834665440',1829399118040723466,'ITEM0019','TCL电视75Q10G','尺寸-金色','1','2025-11-21 23:58:08',NULL,NULL,1992782691492712453,'RACK049','2025-11-28 23:58:08','admin','2025-11-28 23:58:08','admin','SN码-TCL电视75Q10G'),(68,'SN2025112834665439',1829399118040723466,'ITEM0019','TCL电视75Q10G','尺寸-蓝色','0','2025-11-09 23:58:08',NULL,NULL,1992782642801037314,'RACK061','2025-11-28 23:58:08','admin','2025-11-28 23:58:08','admin','SN码-TCL电视75Q10G'),(69,'SN2025112834655438',1829399118040723465,'ITEM0018','海信电视65E8K','尺寸-黑色','0','2025-11-13 23:58:08','RK251114014',NULL,1992782691492712455,'RACK059','2025-11-28 23:58:08','admin','2025-11-28 23:58:08','admin','SN码-海信电视65E8K'),(70,'SN2025112834655437',1829399118040723465,'ITEM0018','海信电视65E8K','尺寸-白色','0','2025-11-19 23:58:08',NULL,NULL,1992782642801037314,'RACK012','2025-11-28 23:58:08','admin','2025-11-28 23:58:08','admin','SN码-海信电视65E8K'),(71,'SN2025112834655436',1829399118040723465,'ITEM0018','海信电视65E8K','尺寸-银色','1','2025-11-11 23:58:08','RK251112016','CK251102026',1992782691492712451,'RACK006','2025-11-28 23:58:08','admin','2025-11-28 23:58:08','admin','SN码-海信电视65E8K'),(72,'SN2025112834655435',1829399118040723465,'ITEM0018','海信电视65E8K','尺寸-金色','0','2025-11-21 23:58:08',NULL,NULL,1992782691492712451,'RACK033','2025-11-28 23:58:08','admin','2025-11-28 23:58:08','admin','SN码-海信电视65E8K'),(73,'SN2025112834655434',1829399118040723465,'ITEM0018','海信电视65E8K','尺寸-蓝色','0','2025-11-19 23:58:08',NULL,NULL,1992782642801037314,'RACK018','2025-11-28 23:58:08','admin','2025-11-28 23:58:08','admin','SN码-海信电视65E8K'),(74,'SN2025112834665543',1829399118040723466,'ITEM0019','TCL电视75Q10G','尺寸-黑色','1','2025-11-18 23:58:08',NULL,NULL,1992782691492712452,'RACK079','2025-11-28 23:58:08','admin','2025-11-28 23:58:08','admin','SN码-TCL电视75Q10G'),(75,'SN2025112834665542',1829399118040723466,'ITEM0019','TCL电视75Q10G','尺寸-白色','0','2025-11-26 23:58:08','RK251103025',NULL,1992782691492712451,'RACK086','2025-11-28 23:58:08','admin','2025-11-28 23:58:08','admin','SN码-TCL电视75Q10G'),(76,'SN2025112834665541',1829399118040723466,'ITEM0019','TCL电视75Q10G','尺寸-银色','1','2025-11-01 23:58:08','RK251125003',NULL,1992782691492712455,'RACK033','2025-11-28 23:58:08','admin','2025-11-28 23:58:08','admin','SN码-TCL电视75Q10G'),(77,'SN2025112834665540',1829399118040723466,'ITEM0019','TCL电视75Q10G','尺寸-金色','1','2025-11-09 23:58:08','RK251029030','CK251117011',1992782691492712451,'RACK019','2025-11-28 23:58:08','admin','2025-11-28 23:58:08','admin','SN码-TCL电视75Q10G'),(78,'SN2025112834665539',1829399118040723466,'ITEM0019','TCL电视75Q10G','尺寸-蓝色','1','2025-11-20 23:58:08',NULL,NULL,1992782691492712455,'RACK094','2025-11-28 23:58:08','admin','2025-11-28 23:58:08','admin','SN码-TCL电视75Q10G'),(79,'SN2025112834655538',1829399118040723465,'ITEM0018','海信电视65E8K','尺寸-黑色','1','2025-10-31 23:58:08','RK251127001',NULL,1992782691492712450,'RACK065','2025-11-28 23:58:08','admin','2025-11-28 23:58:08','admin','SN码-海信电视65E8K'),(80,'SN2025112834655537',1829399118040723465,'ITEM0018','海信电视65E8K','尺寸-白色','1','2025-11-10 23:58:08','RK251117011',NULL,1992782691492712455,'RACK054','2025-11-28 23:58:08','admin','2025-11-28 23:58:08','admin','SN码-海信电视65E8K'),(81,'SN2025112834655536',1829399118040723465,'ITEM0018','海信电视65E8K','尺寸-银色','0','2025-11-08 23:58:08','RK251101027',NULL,1992782506943336450,'RACK075','2025-11-28 23:58:08','admin','2025-11-28 23:58:08','admin','SN码-海信电视65E8K'),(82,'SN2025112834655535',1829399118040723465,'ITEM0018','海信电视65E8K','尺寸-金色','0','2025-11-22 23:58:08','RK251126002',NULL,1992782691492712455,'RACK077','2025-11-28 23:58:08','admin','2025-11-28 23:58:08','admin','SN码-海信电视65E8K'),(83,'SN2025112834655534',1829399118040723465,'ITEM0018','海信电视65E8K','尺寸-蓝色','1','2025-11-11 23:58:08','RK251029030',NULL,1992782691492712456,'RACK094','2025-11-28 23:58:08','admin','2025-11-28 23:58:08','admin','SN码-海信电视65E8K'),(84,'SN2025112834665643',1829399118040723466,'ITEM0019','TCL电视75Q10G','尺寸-黑色','0','2025-10-30 23:58:08',NULL,'CK251115013',1992782691492712452,'RACK069','2025-11-28 23:58:08','admin','2025-11-28 23:58:08','admin','SN码-TCL电视75Q10G'),(85,'SN2025112834665642',1829399118040723466,'ITEM0019','TCL电视75Q10G','尺寸-白色','0','2025-11-19 23:58:08','RK251113015',NULL,1992782691492712452,'RACK082','2025-11-28 23:58:08','admin','2025-11-28 23:58:08','admin','SN码-TCL电视75Q10G'),(86,'SN2025112834665641',1829399118040723466,'ITEM0019','TCL电视75Q10G','尺寸-银色','1','2025-11-25 23:58:08','RK251117011',NULL,1992782691492712454,'RACK072','2025-11-28 23:58:08','admin','2025-11-28 23:58:08','admin','SN码-TCL电视75Q10G'),(87,'SN2025112834665640',1829399118040723466,'ITEM0019','TCL电视75Q10G','尺寸-金色','0','2025-11-08 23:58:08','RK251125003',NULL,1992782691492712455,'RACK007','2025-11-28 23:58:08','admin','2025-11-28 23:58:08','admin','SN码-TCL电视75Q10G'),(88,'SN2025112834665639',1829399118040723466,'ITEM0019','TCL电视75Q10G','尺寸-蓝色','1','2025-11-25 23:58:08','RK251030029',NULL,1992782691492712453,'RACK022','2025-11-28 23:58:08','admin','2025-11-28 23:58:08','admin','SN码-TCL电视75Q10G'),(89,'SN2025112834655638',1829399118040723465,'ITEM0018','海信电视65E8K','尺寸-黑色','0','2025-11-20 23:58:08','RK251106022',NULL,1992782691492712456,'RACK007','2025-11-28 23:58:08','admin','2025-11-28 23:58:08','admin','SN码-海信电视65E8K'),(90,'SN2025112834655637',1829399118040723465,'ITEM0018','海信电视65E8K','尺寸-白色','0','2025-11-22 23:58:08','RK251125003',NULL,1992782691492712454,'RACK087','2025-11-28 23:58:08','admin','2025-11-28 23:58:08','admin','SN码-海信电视65E8K'),(91,'SN2025112834655636',1829399118040723465,'ITEM0018','海信电视65E8K','尺寸-银色','0','2025-11-14 23:58:08',NULL,NULL,1992782691492712451,'RACK091','2025-11-28 23:58:08','admin','2025-11-28 23:58:08','admin','SN码-海信电视65E8K'),(92,'SN2025112834655635',1829399118040723465,'ITEM0018','海信电视65E8K','尺寸-金色','1','2025-11-09 23:58:08','RK251111017',NULL,1992782691492712454,'RACK029','2025-11-28 23:58:08','admin','2025-11-28 23:58:08','admin','SN码-海信电视65E8K'),(93,'SN2025112834655634',1829399118040723465,'ITEM0018','海信电视65E8K','尺寸-蓝色','0','2025-11-07 23:58:08',NULL,'CK251116012',1992782691492712456,'RACK016','2025-11-28 23:58:08','admin','2025-11-28 23:58:08','admin','SN码-海信电视65E8K'),(94,'SN2025112834665743',1829399118040723466,'ITEM0019','TCL电视75Q10G','尺寸-黑色','0','2025-11-20 23:58:08','RK251116012',NULL,1992782642801037314,'RACK099','2025-11-28 23:58:08','admin','2025-11-28 23:58:08','admin','SN码-TCL电视75Q10G'),(95,'SN2025112834665742',1829399118040723466,'ITEM0019','TCL电视75Q10G','尺寸-白色','0','2025-11-05 23:58:08',NULL,NULL,1992782691492712452,'RACK016','2025-11-28 23:58:08','admin','2025-11-28 23:58:08','admin','SN码-TCL电视75Q10G'),(96,'SN2025112834665741',1829399118040723466,'ITEM0019','TCL电视75Q10G','尺寸-银色','1','2025-11-19 23:58:08','RK251121007','CK251113015',1992782691492712454,'RACK028','2025-11-28 23:58:08','admin','2025-11-28 23:58:08','admin','SN码-TCL电视75Q10G'),(97,'SN2025112834665740',1829399118040723466,'ITEM0019','TCL电视75Q10G','尺寸-金色','1','2025-11-12 23:58:08',NULL,NULL,1992782691492712457,'RACK054','2025-11-28 23:58:08','admin','2025-11-28 23:58:08','admin','SN码-TCL电视75Q10G'),(98,'SN2025112834665739',1829399118040723466,'ITEM0019','TCL电视75Q10G','尺寸-蓝色','0','2025-10-31 23:58:08',NULL,NULL,1992782691492712454,'RACK013','2025-11-28 23:58:08','admin','2025-11-28 23:58:08','admin','SN码-TCL电视75Q10G'),(99,'SN2025112834655738',1829399118040723465,'ITEM0018','海信电视65E8K','尺寸-黑色','1','2025-11-19 23:58:08','RK11248425',NULL,1992782642801037314,'RACK099','2025-11-28 23:58:08','admin','2025-11-28 23:58:08','admin','SN码-海信电视65E8K'),(100,'SN2025112834655737',1829399118040723465,'ITEM0018','海信电视65E8K','尺寸-白色','1','2025-11-18 23:58:08',NULL,'CK251124004',1992782691492712452,'RACK014','2025-11-28 23:58:08','admin','2025-11-28 23:58:08','admin','SN码-海信电视65E8K'),(101,'SN2025112834655736',1829399118040723465,'ITEM0018','海信电视65E8K','尺寸-银色','0','2025-11-17 23:58:08','RK251031028',NULL,1992782691492712454,'RACK077','2025-11-28 23:58:08','admin','2025-11-28 23:58:08','admin','SN码-海信电视65E8K'),(102,'SN2025112834655735',1829399118040723465,'ITEM0018','海信电视65E8K','尺寸-金色','1','2025-11-19 23:58:08','RK251121007',NULL,1992782691492712456,'RACK027','2025-11-28 23:58:08','admin','2025-11-28 23:58:08','admin','SN码-海信电视65E8K'),(103,'SN2025112834655734',1829399118040723465,'ITEM0018','海信电视65E8K','尺寸-蓝色','1','2025-10-31 23:58:08','RK251102026',NULL,1992782691492712456,'RACK089','2025-11-28 23:58:08','admin','2025-11-28 23:58:08','admin','SN码-海信电视65E8K'),(104,'SN2025112834665843',1829399118040723466,'ITEM0019','TCL电视75Q10G','尺寸-黑色','1','2025-11-10 23:58:08',NULL,NULL,1992782691492712450,'RACK037','2025-11-28 23:58:08','admin','2025-11-28 23:58:08','admin','SN码-TCL电视75Q10G'),(105,'SN2025112834665842',1829399118040723466,'ITEM0019','TCL电视75Q10G','尺寸-白色','0','2025-11-08 23:58:08','RK251118010',NULL,1992782691492712457,'RACK066','2025-11-28 23:58:08','admin','2025-11-28 23:58:08','admin','SN码-TCL电视75Q10G'),(106,'SN2025112834665841',1829399118040723466,'ITEM0019','TCL电视75Q10G','尺寸-银色','0','2025-11-22 23:58:08',NULL,NULL,1992782691492712455,'RACK028','2025-11-28 23:58:08','admin','2025-11-28 23:58:08','admin','SN码-TCL电视75Q10G'),(107,'SN2025112834665840',1829399118040723466,'ITEM0019','TCL电视75Q10G','尺寸-金色','0','2025-11-14 23:58:08','RK251122006','CK251029030',1992782642801037314,'RACK096','2025-11-28 23:58:08','admin','2025-11-28 23:58:08','admin','SN码-TCL电视75Q10G'),(108,'SN2025112834665839',1829399118040723466,'ITEM0019','TCL电视75Q10G','尺寸-蓝色','0','2025-11-25 23:58:08','RK251112016',NULL,1992782691492712457,'RACK098','2025-11-28 23:58:08','admin','2025-11-28 23:58:08','admin','SN码-TCL电视75Q10G'),(109,'SN2025112834655838',1829399118040723465,'ITEM0018','海信电视65E8K','尺寸-黑色','1','2025-11-09 23:58:08',NULL,'CK251105023',1992782691492712452,'RACK039','2025-11-28 23:58:08','admin','2025-11-28 23:58:08','admin','SN码-海信电视65E8K'),(110,'SN2025112834655837',1829399118040723465,'ITEM0018','海信电视65E8K','尺寸-白色','0','2025-11-23 23:58:08','RK251121007',NULL,1992782691492712451,'RACK005','2025-11-28 23:58:08','admin','2025-11-28 23:58:08','admin','SN码-海信电视65E8K'),(111,'SN2025112834655836',1829399118040723465,'ITEM0018','海信电视65E8K','尺寸-银色','0','2025-11-24 23:58:08','RK251122006',NULL,1992782691492712456,'RACK031','2025-11-28 23:58:08','admin','2025-11-28 23:58:08','admin','SN码-海信电视65E8K'),(112,'SN2025112834655835',1829399118040723465,'ITEM0018','海信电视65E8K','尺寸-金色','0','2025-11-15 23:58:08',NULL,'CK251125003',1992782691492712455,'RACK017','2025-11-28 23:58:08','admin','2025-11-28 23:58:08','admin','SN码-海信电视65E8K'),(113,'SN2025112834655834',1829399118040723465,'ITEM0018','海信电视65E8K','尺寸-蓝色','0','2025-11-08 23:58:08',NULL,NULL,1992782691492712452,'RACK004','2025-11-28 23:58:08','admin','2025-11-28 23:58:08','admin','SN码-海信电视65E8K'),(114,'SN2025112834665943',1829399118040723466,'ITEM0019','TCL电视75Q10G','尺寸-黑色','1','2025-11-09 23:58:08',NULL,'CK251120008',1992782691492712455,'RACK004','2025-11-28 23:58:08','admin','2025-11-28 23:58:08','admin','SN码-TCL电视75Q10G'),(115,'SN2025112834665942',1829399118040723466,'ITEM0019','TCL电视75Q10G','尺寸-白色','0','2025-11-25 23:58:08',NULL,NULL,1992782691492712457,'RACK062','2025-11-28 23:58:08','admin','2025-11-28 23:58:08','admin','SN码-TCL电视75Q10G'),(116,'SN2025112834665941',1829399118040723466,'ITEM0019','TCL电视75Q10G','尺寸-银色','0','2025-11-17 23:58:08','RK251103025',NULL,1992782691492712457,'RACK007','2025-11-28 23:58:08','admin','2025-11-28 23:58:08','admin','SN码-TCL电视75Q10G'),(117,'SN2025112834665940',1829399118040723466,'ITEM0019','TCL电视75Q10G','尺寸-金色','1','2025-11-08 23:58:08','RK251114014',NULL,1992782506943336450,'RACK039','2025-11-28 23:58:08','admin','2025-11-28 23:58:08','admin','SN码-TCL电视75Q10G'),(118,'SN2025112834665939',1829399118040723466,'ITEM0019','TCL电视75Q10G','尺寸-蓝色','0','2025-11-15 23:58:08','RK251118010',NULL,1992782691492712455,'RACK070','2025-11-28 23:58:08','admin','2025-11-28 23:58:08','admin','SN码-TCL电视75Q10G'),(119,'SN2025112834655938',1829399118040723465,'ITEM0018','海信电视65E8K','尺寸-黑色','0','2025-11-22 23:58:08',NULL,'CK251101027',1992782691492712451,'RACK021','2025-11-28 23:58:08','admin','2025-11-28 23:58:08','admin','SN码-海信电视65E8K'),(120,'SN2025112834655937',1829399118040723465,'ITEM0018','海信电视65E8K','尺寸-白色','0','2025-10-31 23:58:08',NULL,NULL,1992782691492712456,'RACK014','2025-11-28 23:58:08','admin','2025-11-28 23:58:08','admin','SN码-海信电视65E8K'),(121,'SN2025112834655936',1829399118040723465,'ITEM0018','海信电视65E8K','尺寸-银色','0','2025-11-08 23:58:08',NULL,'CK251123005',1992782691492712454,'RACK036','2025-11-28 23:58:08','admin','2025-11-28 23:58:08','admin','SN码-海信电视65E8K'),(122,'SN2025112834655935',1829399118040723465,'ITEM0018','海信电视65E8K','尺寸-金色','0','2025-11-07 23:58:08',NULL,NULL,1992782691492712453,'RACK004','2025-11-28 23:58:08','admin','2025-11-28 23:58:08','admin','SN码-海信电视65E8K'),(123,'SN2025112834655934',1829399118040723465,'ITEM0018','海信电视65E8K','尺寸-蓝色','1','2025-11-12 23:58:08',NULL,'CK251112016',1992782506943336450,'RACK046','2025-11-28 23:58:08','admin','2025-11-28 23:58:08','admin','SN码-海信电视65E8K'),(124,'SN2025112834666043',1829399118040723466,'ITEM0019','TCL电视75Q10G','尺寸-黑色','0','2025-11-18 23:58:08',NULL,NULL,1992782691492712454,'RACK081','2025-11-28 23:58:08','admin','2025-11-28 23:58:08','admin','SN码-TCL电视75Q10G'),(125,'SN2025112834666042',1829399118040723466,'ITEM0019','TCL电视75Q10G','尺寸-白色','0','2025-11-02 23:58:08',NULL,'CK251123005',1992782691492712453,'RACK042','2025-11-28 23:58:08','admin','2025-11-28 23:58:08','admin','SN码-TCL电视75Q10G'),(126,'SN2025112834666041',1829399118040723466,'ITEM0019','TCL电视75Q10G','尺寸-银色','0','2025-11-06 23:58:08','RK251110018',NULL,1992782691492712453,'RACK068','2025-11-28 23:58:08','admin','2025-11-28 23:58:08','admin','SN码-TCL电视75Q10G'),(127,'SN2025112834666040',1829399118040723466,'ITEM0019','TCL电视75Q10G','尺寸-金色','0','2025-11-07 23:58:08',NULL,NULL,1992782691492712453,'RACK014','2025-11-28 23:58:08','admin','2025-11-28 23:58:08','admin','SN码-TCL电视75Q10G'),(128,'SN2025112834666039',1829399118040723466,'ITEM0019','TCL电视75Q10G','尺寸-蓝色','0','2025-11-07 23:58:08',NULL,NULL,1992782691492712452,'RACK020','2025-11-28 23:58:08','admin','2025-11-28 23:58:08','admin','SN码-TCL电视75Q10G'),(129,'SN2025112834656038',1829399118040723465,'ITEM0018','海信电视65E8K','尺寸-黑色','0','2025-10-30 23:58:08',NULL,NULL,1992782691492712451,'RACK068','2025-11-28 23:58:08','admin','2025-11-28 23:58:08','admin','SN码-海信电视65E8K'),(130,'SN2025112834656037',1829399118040723465,'ITEM0018','海信电视65E8K','尺寸-白色','1','2025-11-17 23:58:08',NULL,NULL,1992782642801037314,'RACK050','2025-11-28 23:58:08','admin','2025-11-28 23:58:08','admin','SN码-海信电视65E8K'),(131,'SN2025112834656036',1829399118040723465,'ITEM0018','海信电视65E8K','尺寸-银色','0','2025-11-19 23:58:08','RK251121007','CK251125003',1992782691492712454,'RACK086','2025-11-28 23:58:08','admin','2025-11-28 23:58:08','admin','SN码-海信电视65E8K'),(132,'SN2025112834656035',1829399118040723465,'ITEM0018','海信电视65E8K','尺寸-金色','0','2025-11-02 23:58:08','RK251122006',NULL,1992782691492712451,'RACK030','2025-11-28 23:58:08','admin','2025-11-28 23:58:08','admin','SN码-海信电视65E8K'),(133,'SN2025112834656034',1829399118040723465,'ITEM0018','海信电视65E8K','尺寸-蓝色','0','2025-11-03 23:58:08','RK251122006','CK251113015',1992782691492712454,'RACK081','2025-11-28 23:58:08','admin','2025-11-28 23:58:08','admin','SN码-海信电视65E8K'),(134,'SN2025112834666143',1829399118040723466,'ITEM0019','TCL电视75Q10G','尺寸-黑色','1','2025-11-24 23:58:08','RK251124004',NULL,1992782691492712453,'RACK010','2025-11-28 23:58:08','admin','2025-11-28 23:58:08','admin','SN码-TCL电视75Q10G'),(135,'SN2025112834666142',1829399118040723466,'ITEM0019','TCL电视75Q10G','尺寸-白色','0','2025-11-11 23:58:08',NULL,NULL,1992782691492712455,'RACK042','2025-11-28 23:58:08','admin','2025-11-28 23:58:08','admin','SN码-TCL电视75Q10G'),(136,'SN2025112834666141',1829399118040723466,'ITEM0019','TCL电视75Q10G','尺寸-银色','0','2025-11-02 23:58:08','RK251106022',NULL,1992782691492712455,'RACK025','2025-11-28 23:58:08','admin','2025-11-28 23:58:08','admin','SN码-TCL电视75Q10G'),(137,'SN2025112834666140',1829399118040723466,'ITEM0019','TCL电视75Q10G','尺寸-金色','0','2025-11-02 23:58:08','RK251106022',NULL,1992782691492712453,'RACK009','2025-11-28 23:58:08','admin','2025-11-28 23:58:08','admin','SN码-TCL电视75Q10G'),(138,'SN2025112834666139',1829399118040723466,'ITEM0019','TCL电视75Q10G','尺寸-蓝色','1','2025-11-05 23:58:08','RK251106022',NULL,1992782506943336450,'RACK049','2025-11-28 23:58:08','admin','2025-11-28 23:58:08','admin','SN码-TCL电视75Q10G'),(139,'SN2025112834656138',1829399118040723465,'ITEM0018','海信电视65E8K','尺寸-黑色','0','2025-11-07 23:58:08',NULL,NULL,1992782691492712450,'RACK038','2025-11-28 23:58:08','admin','2025-11-28 23:58:08','admin','SN码-海信电视65E8K'),(140,'SN2025112834656137',1829399118040723465,'ITEM0018','海信电视65E8K','尺寸-白色','0','2025-11-02 23:58:08','RK251127001',NULL,1992782506943336450,'RACK042','2025-11-28 23:58:08','admin','2025-11-28 23:58:08','admin','SN码-海信电视65E8K'),(141,'SN2025112834656136',1829399118040723465,'ITEM0018','海信电视65E8K','尺寸-银色','0','2025-10-31 23:58:08','RK251125003',NULL,1992782691492712457,'RACK029','2025-11-28 23:58:08','admin','2025-11-28 23:58:08','admin','SN码-海信电视65E8K'),(142,'SN2025112834656135',1829399118040723465,'ITEM0018','海信电视65E8K','尺寸-金色','0','2025-11-02 23:58:08',NULL,NULL,1992782691492712450,'RACK100','2025-11-28 23:58:08','admin','2025-11-28 23:58:08','admin','SN码-海信电视65E8K'),(143,'SN2025112834656134',1829399118040723465,'ITEM0018','海信电视65E8K','尺寸-蓝色','0','2025-11-25 23:58:08','RK251107021',NULL,1992782691492712455,'RACK083','2025-11-28 23:58:08','admin','2025-11-28 23:58:08','admin','SN码-海信电视65E8K'),(144,'SN2025112834666243',1829399118040723466,'ITEM0019','TCL电视75Q10G','尺寸-黑色','0','2025-11-12 23:58:08',NULL,NULL,1992782691492712451,'RACK040','2025-11-28 23:58:08','admin','2025-11-28 23:58:08','admin','SN码-TCL电视75Q10G'),(145,'SN2025112834666242',1829399118040723466,'ITEM0019','TCL电视75Q10G','尺寸-白色','0','2025-11-03 23:58:08',NULL,'CK251104024',1992782691492712453,'RACK032','2025-11-28 23:58:08','admin','2025-11-28 23:58:08','admin','SN码-TCL电视75Q10G'),(146,'SN2025112834666241',1829399118040723466,'ITEM0019','TCL电视75Q10G','尺寸-银色','1','2025-11-03 23:58:08',NULL,NULL,1992782691492712453,'RACK009','2025-11-28 23:58:08','admin','2025-11-28 23:58:08','admin','SN码-TCL电视75Q10G'),(147,'SN2025112834666240',1829399118040723466,'ITEM0019','TCL电视75Q10G','尺寸-金色','0','2025-11-21 23:58:08','RK251123005','CK251121007',1992782691492712454,'RACK042','2025-11-28 23:58:08','admin','2025-11-28 23:58:08','admin','SN码-TCL电视75Q10G'),(148,'SN2025112834666239',1829399118040723466,'ITEM0019','TCL电视75Q10G','尺寸-蓝色','0','2025-11-11 23:58:08',NULL,NULL,1992782691492712454,'RACK070','2025-11-28 23:58:08','admin','2025-11-28 23:58:08','admin','SN码-TCL电视75Q10G'),(149,'SN2025112834656238',1829399118040723465,'ITEM0018','海信电视65E8K','尺寸-黑色','0','2025-11-16 23:58:08',NULL,NULL,1992782691492712454,'RACK053','2025-11-28 23:58:08','admin','2025-11-28 23:58:08','admin','SN码-海信电视65E8K'),(150,'SN2025112834656237',1829399118040723465,'ITEM0018','海信电视65E8K','尺寸-白色','0','2025-11-12 23:58:08','RK251109019',NULL,1992782691492712455,'RACK017','2025-11-28 23:58:08','admin','2025-11-28 23:58:08','admin','SN码-海信电视65E8K'),(151,'SN2025112834656236',1829399118040723465,'ITEM0018','海信电视65E8K','尺寸-银色','1','2025-11-28 23:58:08',NULL,NULL,1992782691492712451,'RACK006','2025-11-28 23:58:08','admin','2025-11-28 23:58:08','admin','SN码-海信电视65E8K'),(152,'SN2025112834656235',1829399118040723465,'ITEM0018','海信电视65E8K','尺寸-金色','0','2025-10-31 23:58:08',NULL,NULL,1992782691492712451,'RACK013','2025-11-28 23:58:08','admin','2025-11-28 23:58:08','admin','SN码-海信电视65E8K'),(153,'SN2025112834656234',1829399118040723465,'ITEM0018','海信电视65E8K','尺寸-蓝色','1','2025-11-14 23:58:08',NULL,NULL,1992782691492712451,'RACK045','2025-11-28 23:58:08','admin','2025-11-28 23:58:08','admin','SN码-海信电视65E8K'),(154,'SN2025112834666343',1829399118040723466,'ITEM0019','TCL电视75Q10G','尺寸-黑色','0','2025-11-12 23:58:08','RK251120008',NULL,1992782506943336450,'RACK023','2025-11-28 23:58:08','admin','2025-11-28 23:58:08','admin','SN码-TCL电视75Q10G'),(155,'SN2025112834666342',1829399118040723466,'ITEM0019','TCL电视75Q10G','尺寸-白色','0','2025-11-06 23:58:08','RK251118010',NULL,1992782691492712457,'RACK042','2025-11-28 23:58:08','admin','2025-11-28 23:58:08','admin','SN码-TCL电视75Q10G'),(156,'SN2025112834666341',1829399118040723466,'ITEM0019','TCL电视75Q10G','尺寸-银色','0','2025-11-01 23:58:08','RK251126002',NULL,1992782691492712457,'RACK070','2025-11-28 23:58:08','admin','2025-11-28 23:58:08','admin','SN码-TCL电视75Q10G'),(157,'SN2025112834666340',1829399118040723466,'ITEM0019','TCL电视75Q10G','尺寸-金色','0','2025-11-03 23:58:08','RK11248425',NULL,1992782691492712455,'RACK092','2025-11-28 23:58:08','admin','2025-11-28 23:58:08','admin','SN码-TCL电视75Q10G'),(158,'SN2025112834666339',1829399118040723466,'ITEM0019','TCL电视75Q10G','尺寸-蓝色','0','2025-11-09 23:58:08',NULL,NULL,1992782691492712451,'RACK035','2025-11-28 23:58:08','admin','2025-11-28 23:58:08','admin','SN码-TCL电视75Q10G'),(159,'SN2025112834656338',1829399118040723465,'ITEM0018','海信电视65E8K','尺寸-黑色','0','2025-11-03 23:58:08','RK251118010',NULL,1992782691492712451,'RACK084','2025-11-28 23:58:08','admin','2025-11-28 23:58:08','admin','SN码-海信电视65E8K'),(160,'SN2025112834656337',1829399118040723465,'ITEM0018','海信电视65E8K','尺寸-白色','1','2025-11-26 23:58:08','RK251109019',NULL,1992782691492712456,'RACK028','2025-11-28 23:58:08','admin','2025-11-28 23:58:08','admin','SN码-海信电视65E8K'),(161,'SN2025112834656336',1829399118040723465,'ITEM0018','海信电视65E8K','尺寸-银色','0','2025-11-23 23:58:08',NULL,NULL,1992782506943336450,'RACK046','2025-11-28 23:58:08','admin','2025-11-28 23:58:08','admin','SN码-海信电视65E8K'),(162,'SN2025112834656335',1829399118040723465,'ITEM0018','海信电视65E8K','尺寸-金色','1','2025-11-27 23:58:08','RK251113015',NULL,1992782691492712454,'RACK016','2025-11-28 23:58:08','admin','2025-11-28 23:58:08','admin','SN码-海信电视65E8K'),(163,'SN2025112834656334',1829399118040723465,'ITEM0018','海信电视65E8K','尺寸-蓝色','1','2025-11-27 23:58:08',NULL,NULL,1992782691492712453,'RACK080','2025-11-28 23:58:08','admin','2025-11-28 23:58:08','admin','SN码-海信电视65E8K'),(164,'SN2025112834666443',1829399118040723466,'ITEM0019','TCL电视75Q10G','尺寸-黑色','0','2025-11-02 23:58:08',NULL,NULL,1992782691492712452,'RACK045','2025-11-28 23:58:08','admin','2025-11-28 23:58:08','admin','SN码-TCL电视75Q10G'),(165,'SN2025112834666442',1829399118040723466,'ITEM0019','TCL电视75Q10G','尺寸-白色','0','2025-11-14 23:58:08',NULL,NULL,1992782691492712450,'RACK094','2025-11-28 23:58:08','admin','2025-11-28 23:58:08','admin','SN码-TCL电视75Q10G'),(166,'SN2025112834666441',1829399118040723466,'ITEM0019','TCL电视75Q10G','尺寸-银色','0','2025-11-07 23:58:08',NULL,NULL,1992782642801037314,'RACK026','2025-11-28 23:58:08','admin','2025-11-28 23:58:08','admin','SN码-TCL电视75Q10G'),(167,'SN2025112834666440',1829399118040723466,'ITEM0019','TCL电视75Q10G','尺寸-金色','0','2025-11-22 23:58:08',NULL,NULL,1992782691492712450,'RACK062','2025-11-28 23:58:08','admin','2025-11-28 23:58:08','admin','SN码-TCL电视75Q10G'),(168,'SN2025112834666439',1829399118040723466,'ITEM0019','TCL电视75Q10G','尺寸-蓝色','0','2025-11-18 23:58:08','RK251122006','CK251105023',1992782691492712453,'RACK098','2025-11-28 23:58:08','admin','2025-11-28 23:58:08','admin','SN码-TCL电视75Q10G'),(169,'SN2025112834656438',1829399118040723465,'ITEM0018','海信电视65E8K','尺寸-黑色','0','2025-11-15 23:58:08',NULL,NULL,1992782691492712456,'RACK059','2025-11-28 23:58:08','admin','2025-11-28 23:58:08','admin','SN码-海信电视65E8K'),(170,'SN2025112834656437',1829399118040723465,'ITEM0018','海信电视65E8K','尺寸-白色','0','2025-11-16 23:58:08','RK251118010','CK251126002',1992782691492712453,'RACK069','2025-11-28 23:58:08','admin','2025-11-28 23:58:08','admin','SN码-海信电视65E8K'),(171,'SN2025112834656436',1829399118040723465,'ITEM0018','海信电视65E8K','尺寸-银色','0','2025-11-28 23:58:08',NULL,NULL,1992782642801037314,'RACK011','2025-11-28 23:58:08','admin','2025-11-28 23:58:08','admin','SN码-海信电视65E8K'),(172,'SN2025112834656435',1829399118040723465,'ITEM0018','海信电视65E8K','尺寸-金色','1','2025-11-08 23:58:08','RK251119009',NULL,1992782506943336450,'RACK031','2025-11-28 23:58:08','admin','2025-11-28 23:58:08','admin','SN码-海信电视65E8K'),(173,'SN2025112834656434',1829399118040723465,'ITEM0018','海信电视65E8K','尺寸-蓝色','0','2025-11-14 23:58:08',NULL,NULL,1992782691492712457,'RACK030','2025-11-28 23:58:08','admin','2025-11-28 23:58:08','admin','SN码-海信电视65E8K'),(174,'SN2025112834666543',1829399118040723466,'ITEM0019','TCL电视75Q10G','尺寸-黑色','0','2025-11-08 23:58:08',NULL,NULL,1992782691492712456,'RACK086','2025-11-28 23:58:08','admin','2025-11-28 23:58:08','admin','SN码-TCL电视75Q10G'),(175,'SN2025112834666542',1829399118040723466,'ITEM0019','TCL电视75Q10G','尺寸-白色','1','2025-11-03 23:58:08','RK251105023','CK251031028',1992782691492712450,'RACK026','2025-11-28 23:58:08','admin','2025-11-28 23:58:08','admin','SN码-TCL电视75Q10G'),(176,'SN2025112834666541',1829399118040723466,'ITEM0019','TCL电视75Q10G','尺寸-银色','0','2025-11-02 23:58:08',NULL,NULL,1992782691492712451,'RACK072','2025-11-28 23:58:08','admin','2025-11-28 23:58:08','admin','SN码-TCL电视75Q10G'),(177,'SN2025112834666540',1829399118040723466,'ITEM0019','TCL电视75Q10G','尺寸-金色','0','2025-11-25 23:58:08',NULL,NULL,1992782691492712457,'RACK005','2025-11-28 23:58:08','admin','2025-11-28 23:58:08','admin','SN码-TCL电视75Q10G'),(178,'SN2025112834666539',1829399118040723466,'ITEM0019','TCL电视75Q10G','尺寸-蓝色','1','2025-11-08 23:58:08',NULL,NULL,1992782642801037314,'RACK041','2025-11-28 23:58:08','admin','2025-11-28 23:58:08','admin','SN码-TCL电视75Q10G'),(179,'SN2025112834656538',1829399118040723465,'ITEM0018','海信电视65E8K','尺寸-黑色','0','2025-11-26 23:58:08','RK251126002',NULL,1992782691492712457,'RACK011','2025-11-28 23:58:08','admin','2025-11-28 23:58:08','admin','SN码-海信电视65E8K'),(180,'SN2025112834656537',1829399118040723465,'ITEM0018','海信电视65E8K','尺寸-白色','0','2025-11-10 23:58:08','RK251103025',NULL,1992782642801037314,'RACK098','2025-11-28 23:58:08','admin','2025-11-28 23:58:08','admin','SN码-海信电视65E8K'),(181,'SN2025112834656536',1829399118040723465,'ITEM0018','海信电视65E8K','尺寸-银色','1','2025-11-06 23:58:08','RK251101027','CK251109019',1992782691492712452,'RACK086','2025-11-28 23:58:08','admin','2025-11-28 23:58:08','admin','SN码-海信电视65E8K'),(182,'SN2025112834656535',1829399118040723465,'ITEM0018','海信电视65E8K','尺寸-金色','1','2025-11-26 23:58:08','RK251124004',NULL,1992782691492712454,'RACK028','2025-11-28 23:58:08','admin','2025-11-28 23:58:08','admin','SN码-海信电视65E8K'),(183,'SN2025112834656534',1829399118040723465,'ITEM0018','海信电视65E8K','尺寸-蓝色','1','2025-10-31 23:58:08',NULL,NULL,1992782506943336450,'RACK040','2025-11-28 23:58:08','admin','2025-11-28 23:58:08','admin','SN码-海信电视65E8K'),(184,'SN2025112834666643',1829399118040723466,'ITEM0019','TCL电视75Q10G','尺寸-黑色','0','2025-11-01 23:58:08','RK251102026',NULL,1992782691492712455,'RACK062','2025-11-28 23:58:08','admin','2025-11-28 23:58:08','admin','SN码-TCL电视75Q10G'),(185,'SN2025112834666642',1829399118040723466,'ITEM0019','TCL电视75Q10G','尺寸-白色','0','2025-11-14 23:58:08','RK251124004','CK251120008',1992782506943336450,'RACK061','2025-11-28 23:58:08','admin','2025-11-28 23:58:08','admin','SN码-TCL电视75Q10G'),(186,'SN2025112834666641',1829399118040723466,'ITEM0019','TCL电视75Q10G','尺寸-银色','0','2025-11-14 23:58:08','RK251101027',NULL,1992782691492712453,'RACK018','2025-11-28 23:58:08','admin','2025-11-28 23:58:08','admin','SN码-TCL电视75Q10G'),(187,'SN2025112834666640',1829399118040723466,'ITEM0019','TCL电视75Q10G','尺寸-金色','0','2025-11-25 23:58:08',NULL,'CK251107021',1992782691492712456,'RACK037','2025-11-28 23:58:08','admin','2025-11-28 23:58:08','admin','SN码-TCL电视75Q10G'),(188,'SN2025112834666639',1829399118040723466,'ITEM0019','TCL电视75Q10G','尺寸-蓝色','1','2025-11-05 23:58:08','RK11281402',NULL,1992782642801037314,'RACK046','2025-11-28 23:58:08','admin','2025-11-28 23:58:08','admin','SN码-TCL电视75Q10G'),(189,'SN2025112834656638',1829399118040723465,'ITEM0018','海信电视65E8K','尺寸-黑色','1','2025-11-17 23:58:08',NULL,'CK251109019',1992782691492712455,'RACK006','2025-11-28 23:58:08','admin','2025-11-28 23:58:08','admin','SN码-海信电视65E8K'),(190,'SN2025112834656637',1829399118040723465,'ITEM0018','海信电视65E8K','尺寸-白色','0','2025-11-12 23:58:08',NULL,NULL,1992782691492712452,'RACK033','2025-11-28 23:58:08','admin','2025-11-28 23:58:08','admin','SN码-海信电视65E8K'),(191,'SN2025112834656636',1829399118040723465,'ITEM0018','海信电视65E8K','尺寸-银色','0','2025-11-19 23:58:08',NULL,NULL,1992782506943336450,'RACK062','2025-11-28 23:58:08','admin','2025-11-28 23:58:08','admin','SN码-海信电视65E8K'),(192,'SN2025112834656635',1829399118040723465,'ITEM0018','海信电视65E8K','尺寸-金色','1','2025-11-14 23:58:08','RK251125003','CK251119009',1992782691492712457,'RACK059','2025-11-28 23:58:08','admin','2025-11-28 23:58:08','admin','SN码-海信电视65E8K'),(193,'SN2025112834656634',1829399118040723465,'ITEM0018','海信电视65E8K','尺寸-蓝色','1','2025-11-13 23:58:08',NULL,NULL,1992782691492712456,'RACK056','2025-11-28 23:58:08','admin','2025-11-28 23:58:08','admin','SN码-海信电视65E8K'),(194,'SN2025112834666743',1829399118040723466,'ITEM0019','TCL电视75Q10G','尺寸-黑色','0','2025-11-08 23:58:08','RK251112016',NULL,1992782691492712450,'RACK014','2025-11-28 23:58:08','admin','2025-11-28 23:58:08','admin','SN码-TCL电视75Q10G'),(195,'SN2025112834666742',1829399118040723466,'ITEM0019','TCL电视75Q10G','尺寸-白色','0','2025-11-14 23:58:08','RK251031028',NULL,1992782691492712457,'RACK093','2025-11-28 23:58:08','admin','2025-11-28 23:58:08','admin','SN码-TCL电视75Q10G'),(196,'SN2025112834666741',1829399118040723466,'ITEM0019','TCL电视75Q10G','尺寸-银色','0','2025-11-25 23:58:08','RK251124004',NULL,1992782691492712456,'RACK027','2025-11-28 23:58:08','admin','2025-11-28 23:58:08','admin','SN码-TCL电视75Q10G'),(197,'SN2025112834666740',1829399118040723466,'ITEM0019','TCL电视75Q10G','尺寸-金色','1','2025-11-16 23:58:08','RK251118010',NULL,1992782691492712452,'RACK100','2025-11-28 23:58:08','admin','2025-11-28 23:58:08','admin','SN码-TCL电视75Q10G'),(198,'SN2025112834666739',1829399118040723466,'ITEM0019','TCL电视75Q10G','尺寸-蓝色','0','2025-11-20 23:58:08',NULL,NULL,1992782691492712451,'RACK003','2025-11-28 23:58:08','admin','2025-11-28 23:58:08','admin','SN码-TCL电视75Q10G'),(199,'SN2025112834656738',1829399118040723465,'ITEM0018','海信电视65E8K','尺寸-黑色','0','2025-11-19 23:58:08',NULL,NULL,1992782691492712455,'RACK046','2025-11-28 23:58:08','admin','2025-11-28 23:58:08','admin','SN码-海信电视65E8K'),(200,'SN2025112834656737',1829399118040723465,'ITEM0018','海信电视65E8K','尺寸-白色','1','2025-11-06 23:58:08',NULL,NULL,1992782691492712453,'RACK017','2025-11-28 23:58:08','admin','2025-11-28 23:58:08','admin','SN码-海信电视65E8K'),(201,'SN2025112834656736',1829399118040723465,'ITEM0018','海信电视65E8K','尺寸-银色','1','2025-11-26 23:58:08',NULL,NULL,1992782642801037314,'RACK069','2025-11-28 23:58:08','admin','2025-11-28 23:58:08','admin','SN码-海信电视65E8K'),(202,'SN2025112834656735',1829399118040723465,'ITEM0018','海信电视65E8K','尺寸-金色','1','2025-11-04 23:58:08',NULL,NULL,1992782691492712457,'RACK016','2025-11-28 23:58:08','admin','2025-11-28 23:58:08','admin','SN码-海信电视65E8K'),(203,'SN2025112834656734',1829399118040723465,'ITEM0018','海信电视65E8K','尺寸-蓝色','0','2025-11-03 23:58:08',NULL,NULL,1992782691492712455,'RACK095','2025-11-28 23:58:08','admin','2025-11-28 23:58:08','admin','SN码-海信电视65E8K');
/*!40000 ALTER TABLE `wms_serial_number` ENABLE KEYS */;
UNLOCK TABLES;

--
-- Table structure for table `wms_shipment_order`
--

DROP TABLE IF EXISTS `wms_shipment_order`;
/*!40101 SET @saved_cs_client     = @@character_set_client */;
/*!50503 SET character_set_client = utf8mb4 */;
CREATE TABLE `wms_shipment_order` (
  `id` bigint NOT NULL AUTO_INCREMENT,
  `shipment_order_no` varchar(22) CHARACTER SET utf8mb4 COLLATE utf8mb4_general_ci DEFAULT NULL COMMENT '出库单号，系统自动生成',
  `shipment_order_type` int DEFAULT NULL COMMENT '出库类型',
  `order_no` varchar(50) CHARACTER SET utf8mb4 COLLATE utf8mb4_general_ci DEFAULT NULL COMMENT '出库订单',
  `merchant_id` bigint DEFAULT NULL COMMENT '客户',
  `receivable_amount` decimal(10,2) DEFAULT NULL COMMENT '订单金额',
  `total_quantity` int DEFAULT NULL COMMENT '出库数量',
  `shipment_order_status` tinyint DEFAULT NULL COMMENT '出库单状态',
  `warehouse_id` bigint DEFAULT NULL COMMENT '仓库id',
  `area_id` bigint DEFAULT NULL COMMENT '库区id',
  `remark` varchar(255) CHARACTER SET utf8mb4 COLLATE utf8mb4_general_ci DEFAULT NULL COMMENT '备注',
  `create_by` varchar(64) CHARACTER SET utf8mb4 COLLATE utf8mb4_general_ci DEFAULT NULL COMMENT '创建人',
  `create_time` datetime(3) DEFAULT NULL COMMENT '创建时间',
  `update_by` varchar(64) CHARACTER SET utf8mb4 COLLATE utf8mb4_general_ci DEFAULT NULL COMMENT '修改人',
  `update_time` datetime(3) DEFAULT NULL COMMENT '修改时间',
  PRIMARY KEY (`id`) USING BTREE
) ENGINE=InnoDB AUTO_INCREMENT=1829407217174638624 DEFAULT CHARSET=utf8mb4 COLLATE=utf8mb4_general_ci ROW_FORMAT=DYNAMIC COMMENT='出库单';
/*!40101 SET character_set_client = @saved_cs_client */;

--
-- Dumping data for table `wms_shipment_order`
--

LOCK TABLES `wms_shipment_order` WRITE;
/*!40000 ALTER TABLE `wms_shipment_order` DISABLE KEYS */;
INSERT INTO `wms_shipment_order` VALUES (1829407217174638594,'CK251127001',3,'SO202511270001',1828354284882399243,14242.98,31.83,1,1992782691492712451,1992783170301874196,'测试出库单1','admin','2025-11-27 23:58:08.223','admin','2025-11-27 23:58:08.223'),(1829407217174638595,'CK251126002',3,'SO202511260002',1828354284882399239,2103.56,175.49,0,1992782691492712453,1992783170301874195,'测试出库单2','admin','2025-11-26 23:58:08.223','admin','2025-11-26 23:58:08.223'),(1829407217174638596,'CK251125003',1,'SO202511250003',1828354284882399239,14046.88,31.52,1,1992782691492712452,1992783170301874182,'测试出库单3','admin','2025-11-25 23:58:08.223','admin','2025-11-25 23:58:08.223'),(1829407217174638597,'CK251124004',4,'SO202511240004',1828354153193836545,24459.08,46.53,1,1992782642801037314,1992783170301874194,'测试出库单4','admin','2025-11-24 23:58:08.223','admin','2025-11-24 23:58:08.223'),(1829407217174638598,'CK251123005',4,'SO202511230005',1828354284882399239,17168.62,96.94,1,1992782642801037314,1992783170301874188,'测试出库单5','admin','2025-11-23 23:58:08.223','admin','2025-11-23 23:58:08.223'),(1829407217174638599,'CK251122006',3,'SO202511220006',1828354153193836545,29111.99,183.90,1,1992782691492712455,1992783170301874191,'测试出库单6','admin','2025-11-22 23:58:08.223','admin','2025-11-22 23:58:08.223'),(1829407217174638600,'CK251121007',2,'SO202511210007',1828354284882399243,19013.69,166.02,0,1992782691492712457,1992783170301874206,'测试出库单7','admin','2025-11-21 23:58:08.223','admin','2025-11-21 23:58:08.223'),(1829407217174638601,'CK251120008',5,'SO202511200008',1828354284882399243,859.61,41.92,1,1992782691492712450,1992783170301874194,'测试出库单8','admin','2025-11-20 23:58:08.223','admin','2025-11-20 23:58:08.223'),(1829407217174638602,'CK251119009',4,'SO202511190009',1828354284882399235,18914.86,66.98,1,1992782691492712453,1992783170301874178,'测试出库单9','admin','2025-11-19 23:58:08.223','admin','2025-11-19 23:58:08.223'),(1829407217174638603,'CK251118010',4,'SO202511180010',1828354284882399235,24341.29,110.73,1,1992782691492712451,1992783170301874195,'测试出库单10','admin','2025-11-18 23:58:08.223','admin','2025-11-18 23:58:08.223'),(1829407217174638604,'CK251117011',5,'SO202511170011',1828354153193836545,24895.55,67.15,0,1992782691492712457,1992783170301874196,'测试出库单11','admin','2025-11-17 23:58:08.223','admin','2025-11-17 23:58:08.223'),(1829407217174638605,'CK251116012',3,'SO202511160012',1828354284882399239,28332.02,42.54,0,1992782691492712451,1992783170301874186,'测试出库单12','admin','2025-11-16 23:58:08.223','admin','2025-11-16 23:58:08.223'),(1829407217174638606,'CK251115013',2,'SO202511150013',1828354153193836545,11598.18,71.38,1,1992782691492712454,1992783170301874186,'测试出库单13','admin','2025-11-15 23:58:08.223','admin','2025-11-15 23:58:08.223'),(1829407217174638607,'CK251114014',4,'SO202511140014',1828354284882399235,11852.42,42.38,1,1992782691492712456,1992783170301874209,'测试出库单14','admin','2025-11-14 23:58:08.223','admin','2025-11-14 23:58:08.223'),(1829407217174638608,'CK251113015',1,'SO202511130015',1828354284882399239,24900.97,124.77,1,1992782691492712451,1992783170301874187,'测试出库单15','admin','2025-11-13 23:58:08.223','admin','2025-11-13 23:58:08.223'),(1829407217174638609,'CK251112016',2,'SO202511120016',1828354153193836545,26636.19,119.39,1,1992782691492712456,1992783170301874178,'测试出库单16','admin','2025-11-12 23:58:08.223','admin','2025-11-12 23:58:08.223'),(1829407217174638610,'CK251111017',5,'SO202511110017',1828354284882399239,20885.72,132.06,0,1992782691492712457,1992782816625577985,'测试出库单17','admin','2025-11-11 23:58:08.223','admin','2025-11-11 23:58:08.223'),(1829407217174638611,'CK251110018',1,'SO202511100018',1828354284882399243,28560.05,189.73,1,1992782642801037314,1992783170301874177,'测试出库单18','admin','2025-11-10 23:58:08.223','admin','2025-11-10 23:58:08.223'),(1829407217174638612,'CK251109019',1,'SO202511090019',1828354284882399243,13185.42,182.91,0,1992782506943336450,1992783170301874189,'测试出库单19','admin','2025-11-09 23:58:08.223','admin','2025-11-09 23:58:08.223'),(1829407217174638613,'CK251108020',2,'SO202511080020',1828354284882399243,22723.67,148.49,1,1992782691492712454,1992783170301874208,'测试出库单20','admin','2025-11-08 23:58:08.223','admin','2025-11-08 23:58:08.223'),(1829407217174638614,'CK251107021',4,'SO202511070021',1828354284882399235,7096.68,37.85,0,1992782642801037314,1992783170301874191,'测试出库单21','admin','2025-11-07 23:58:08.223','admin','2025-11-07 23:58:08.223'),(1829407217174638615,'CK251106022',4,'SO202511060022',1828354284882399243,2968.58,42.00,1,1992782642801037314,1992783170301874178,'测试出库单22','admin','2025-11-06 23:58:08.223','admin','2025-11-06 23:58:08.223'),(1829407217174638616,'CK251105023',2,'SO202511050023',1828354284882399243,4011.93,113.21,1,1992782691492712453,1992783170301874207,'测试出库单23','admin','2025-11-05 23:58:08.223','admin','2025-11-05 23:58:08.223'),(1829407217174638617,'CK251104024',2,'SO202511040024',1828354284882399243,16621.50,17.33,1,1992782691492712450,1992783170301874185,'测试出库单24','admin','2025-11-04 23:58:08.223','admin','2025-11-04 23:58:08.223'),(1829407217174638618,'CK251103025',1,'SO202511030025',1828354284882399239,7241.60,44.01,1,1992782691492712455,1992783170301874181,'测试出库单25','admin','2025-11-03 23:58:08.223','admin','2025-11-03 23:58:08.223'),(1829407217174638619,'CK251102026',2,'SO202511020026',1828354284882399243,15688.05,18.54,1,1992782642801037314,1992783170301874195,'测试出库单26','admin','2025-11-02 23:58:08.223','admin','2025-11-02 23:58:08.223'),(1829407217174638620,'CK251101027',2,'SO202511010027',1828354284882399235,30010.09,175.50,1,1992782506943336450,1992783170301874186,'测试出库单27','admin','2025-11-01 23:58:08.223','admin','2025-11-01 23:58:08.223'),(1829407217174638621,'CK251031028',1,'SO202510310028',1828354284882399243,1266.90,171.02,0,1992782642801037314,1992783095370633217,'测试出库单28','admin','2025-10-31 23:58:08.223','admin','2025-10-31 23:58:08.223'),(1829407217174638622,'CK251030029',2,'SO202510300029',1828354284882399239,13165.70,77.39,1,1992782691492712457,1992783170301874179,'测试出库单29','admin','2025-10-30 23:58:08.223','admin','2025-10-30 23:58:08.223'),(1829407217174638623,'CK251029030',3,'SO202510290030',1828354153193836545,550.90,181.28,1,1992782691492712450,1992783170301874196,'测试出库单30','admin','2025-10-29 23:58:08.223','admin','2025-10-29 23:58:08.223');
/*!40000 ALTER TABLE `wms_shipment_order` ENABLE KEYS */;
UNLOCK TABLES;

--
-- Table structure for table `wms_shipment_order_detail`
--

DROP TABLE IF EXISTS `wms_shipment_order_detail`;
/*!40101 SET @saved_cs_client     = @@character_set_client */;
/*!50503 SET character_set_client = utf8mb4 */;
CREATE TABLE `wms_shipment_order_detail` (
  `id` bigint NOT NULL AUTO_INCREMENT,
  `shipment_order_id` bigint DEFAULT NULL COMMENT '出库单',
  `sku_id` bigint DEFAULT NULL COMMENT '规格id',
  `quantity` int DEFAULT NULL COMMENT '数量',
  `amount` decimal(10,2) DEFAULT NULL COMMENT '金额',
  `warehouse_id` bigint DEFAULT NULL COMMENT '所属仓库',
  `area_id` bigint DEFAULT NULL COMMENT '所属库区',
  `batch_no` varchar(64) CHARACTER SET utf8mb4 COLLATE utf8mb4_general_ci DEFAULT NULL COMMENT '批号',
  `production_date` datetime(3) DEFAULT NULL COMMENT '生产日期',
  `expiration_date` datetime(3) DEFAULT NULL COMMENT '过期时间',
  `inventory_detail_id` bigint DEFAULT NULL COMMENT '入库记录id',
  `remark` varchar(255) CHARACTER SET utf8mb4 COLLATE utf8mb4_general_ci DEFAULT NULL COMMENT '备注',
  `create_by` varchar(64) CHARACTER SET utf8mb4 COLLATE utf8mb4_general_ci DEFAULT NULL COMMENT '创建人',
  `create_time` datetime(3) DEFAULT NULL COMMENT '创建时间',
  `update_by` varchar(64) CHARACTER SET utf8mb4 COLLATE utf8mb4_general_ci DEFAULT NULL COMMENT '修改人',
  `update_time` datetime(3) DEFAULT NULL COMMENT '修改时间',
  PRIMARY KEY (`id`) USING BTREE
) ENGINE=InnoDB AUTO_INCREMENT=1829407217568903262 DEFAULT CHARSET=utf8mb4 COLLATE=utf8mb4_general_ci ROW_FORMAT=DYNAMIC COMMENT='出库单详情';
/*!40101 SET character_set_client = @saved_cs_client */;

--
-- Dumping data for table `wms_shipment_order_detail`
--

LOCK TABLES `wms_shipment_order_detail` WRITE;
/*!40000 ALTER TABLE `wms_shipment_order_detail` DISABLE KEYS */;
INSERT INTO `wms_shipment_order_detail` VALUES (1829407217568903172,1829407217174638594,1828407871469686786,47.82,365.05,1992782691492712451,1992783170301874196,'BATCH20251127749','2025-08-16 23:58:08.223','2027-03-16 23:58:08.223',1992790317316198403,'出库详情4','admin','2025-11-27 23:58:08.223','admin','2025-11-27 23:58:08.223'),(1829407217568903173,1829407217174638594,1829399118304964651,27.52,1410.86,1992782691492712451,1992783170301874196,'BATCH20251127710','2025-09-28 23:58:08.223','2027-02-11 23:58:08.223',1992790317316198401,'出库详情3','admin','2025-11-27 23:58:08.223','admin','2025-11-27 23:58:08.223'),(1829407217568903174,1829407217174638594,1828408321522700289,12.70,1596.95,1992782691492712451,1992783170301874196,'BATCH20251127909','2025-05-05 23:58:08.223','2026-07-27 23:58:08.223',1992790317316198402,'出库详情2','admin','2025-11-27 23:58:08.223','admin','2025-11-27 23:58:08.223'),(1829407217568903175,1829407217174638594,1829399118304964649,43.95,643.25,1992782691492712451,1992783170301874196,'BATCH20251127445','2025-07-10 23:58:08.223','2027-02-16 23:58:08.223',1992790317349752834,'出库详情1','admin','2025-11-27 23:58:08.223','admin','2025-11-27 23:58:08.223'),(1829407217568903176,1829407217174638595,1829399118304964638,28.07,537.57,1992782691492712453,1992783170301874195,'BATCH20251126222','2025-07-11 23:58:08.223','2026-09-26 23:58:08.223',1992790317349752834,'出库详情4','admin','2025-11-26 23:58:08.223','admin','2025-11-26 23:58:08.223'),(1829407217568903177,1829407217174638595,1829399118304964649,1.45,1166.94,1992782691492712453,1992783170301874195,'BATCH20251126867','2025-09-21 23:58:08.223','2026-10-20 23:58:08.223',1992790317316198403,'出库详情3','admin','2025-11-26 23:58:08.223','admin','2025-11-26 23:58:08.223'),(1829407217568903178,1829407217174638595,1829399118304964623,25.07,571.89,1992782691492712453,1992783170301874195,'BATCH20251126459','2025-06-14 23:58:08.223','2026-10-12 23:58:08.223',1992790317316198402,'出库详情2','admin','2025-11-26 23:58:08.223','admin','2025-11-26 23:58:08.223'),(1829407217568903179,1829407217174638595,1829399118304964620,32.25,2767.26,1992782691492712453,1992783170301874195,'BATCH20251126687','2025-06-24 23:58:08.223','2026-10-29 23:58:08.223',1992790317316198402,'出库详情1','admin','2025-11-26 23:58:08.223','admin','2025-11-26 23:58:08.223'),(1829407217568903180,1829407217174638596,1829398492779048962,29.53,3006.76,1992782691492712452,1992783170301874182,'BATCH20251125250','2025-09-08 23:58:08.223','2026-12-30 23:58:08.223',1992790317349752834,'出库详情4','admin','2025-11-25 23:58:08.223','admin','2025-11-25 23:58:08.223'),(1829407217568903181,1829407217174638596,1829399118304964636,30.95,1812.76,1992782691492712452,1992783170301874182,'BATCH20251125174','2025-10-11 23:58:08.223','2027-04-22 23:58:08.223',1992790317316198403,'出库详情3','admin','2025-11-25 23:58:08.223','admin','2025-11-25 23:58:08.223'),(1829407217568903182,1829407217174638596,1829399118304964651,46.25,2409.34,1992782691492712452,1992783170301874182,'BATCH20251125251','2025-05-22 23:58:08.223','2027-01-04 23:58:08.223',1992790317316198403,'出库详情2','admin','2025-11-25 23:58:08.223','admin','2025-11-25 23:58:08.223'),(1829407217568903183,1829407217174638596,1829399118304964626,47.90,2267.64,1992782691492712452,1992783170301874182,'BATCH20251125915','2025-08-26 23:58:08.223','2027-05-07 23:58:08.223',1992790317316198403,'出库详情1','admin','2025-11-25 23:58:08.223','admin','2025-11-25 23:58:08.223'),(1829407217568903184,1829407217174638597,1829399118304964610,2.19,253.15,1992782642801037314,1992783170301874194,'BATCH20251124301','2025-09-05 23:58:08.223','2026-11-19 23:58:08.223',1992790317349752834,'出库详情4','admin','2025-11-24 23:58:08.223','admin','2025-11-24 23:58:08.223'),(1829407217568903185,1829407217174638597,1829399118304964610,46.50,2232.27,1992782642801037314,1992783170301874194,'BATCH20251124940','2025-07-27 23:58:08.223','2027-01-26 23:58:08.223',1992790317316198402,'出库详情3','admin','2025-11-24 23:58:08.223','admin','2025-11-24 23:58:08.223'),(1829407217568903186,1829407217174638597,1829399118304964625,25.90,502.82,1992782642801037314,1992783170301874194,'BATCH20251124294','2025-04-29 23:58:08.223','2026-06-30 23:58:08.223',1992790317316198403,'出库详情2','admin','2025-11-24 23:58:08.223','admin','2025-11-24 23:58:08.223'),(1829407217568903187,1829407217174638597,1829399118304964622,43.41,1224.77,1992782642801037314,1992783170301874194,'BATCH20251124447','2025-10-18 23:58:08.223','2027-03-31 23:58:08.223',1992790317316198401,'出库详情1','admin','2025-11-24 23:58:08.223','admin','2025-11-24 23:58:08.223'),(1829407217568903188,1829407217174638598,1829399118304964635,19.64,2942.25,1992782642801037314,1992783170301874188,'BATCH20251123735','2025-06-09 23:58:08.223','2027-01-04 23:58:08.223',1992790317349752834,'出库详情4','admin','2025-11-23 23:58:08.223','admin','2025-11-23 23:58:08.223'),(1829407217568903189,1829407217174638598,1829399118304964637,19.80,432.90,1992782642801037314,1992783170301874188,'BATCH20251123543','2025-08-29 23:58:08.223','2027-04-28 23:58:08.223',1994076021048520706,'出库详情3','admin','2025-11-23 23:58:08.223','admin','2025-11-23 23:58:08.223'),(1829407217568903190,1829407217174638598,1829399118304964626,42.46,1022.53,1992782642801037314,1992783170301874188,'BATCH20251123167','2025-05-26 23:58:08.223','2027-02-01 23:58:08.223',1994076021048520706,'出库详情2','admin','2025-11-23 23:58:08.223','admin','2025-11-23 23:58:08.223'),(1829407217568903191,1829407217174638598,1829399118304964657,21.34,578.23,1992782642801037314,1992783170301874188,'BATCH20251123693','2025-05-12 23:58:08.223','2026-11-27 23:58:08.223',1992790317316198403,'出库详情1','admin','2025-11-23 23:58:08.223','admin','2025-11-23 23:58:08.223'),(1829407217568903192,1829407217174638599,1829399118304964637,21.55,2780.17,1992782691492712455,1992783170301874191,'BATCH20251122351','2025-10-23 23:58:08.223','2027-05-06 23:58:08.223',1992790317316198402,'出库详情4','admin','2025-11-22 23:58:08.223','admin','2025-11-22 23:58:08.223'),(1829407217568903193,1829407217174638599,1829399118304964620,41.13,2173.45,1992782691492712455,1992783170301874191,'BATCH20251122165','2025-06-23 23:58:08.223','2027-04-16 23:58:08.223',1992790317316198403,'出库详情3','admin','2025-11-22 23:58:08.223','admin','2025-11-22 23:58:08.223'),(1829407217568903194,1829407217174638599,1829399118304964628,44.44,367.06,1992782691492712455,1992783170301874191,'BATCH20251122955','2025-08-06 23:58:08.223','2026-09-17 23:58:08.223',1994076021048520706,'出库详情2','admin','2025-11-22 23:58:08.223','admin','2025-11-22 23:58:08.223'),(1829407217568903195,1829407217174638599,1829399118304964610,18.31,2936.80,1992782691492712455,1992783170301874191,'BATCH20251122806','2025-10-01 23:58:08.223','2026-07-31 23:58:08.223',1992790317316198402,'出库详情1','admin','2025-11-22 23:58:08.223','admin','2025-11-22 23:58:08.223'),(1829407217568903196,1829407217174638600,1829399118304964643,2.15,2664.21,1992782691492712457,1992783170301874206,'BATCH20251121321','2025-05-01 23:58:08.223','2027-04-11 23:58:08.223',1992790317316198402,'出库详情4','admin','2025-11-21 23:58:08.223','admin','2025-11-21 23:58:08.223'),(1829407217568903197,1829407217174638600,1829399118304964657,11.46,1255.19,1992782691492712457,1992783170301874206,'BATCH20251121415','2025-05-23 23:58:08.223','2027-05-17 23:58:08.223',1994076021048520706,'出库详情3','admin','2025-11-21 23:58:08.223','admin','2025-11-21 23:58:08.223'),(1829407217568903198,1829407217174638600,1829399118304964617,40.73,2547.13,1992782691492712457,1992783170301874206,'BATCH20251121811','2025-07-17 23:58:08.223','2026-08-26 23:58:08.223',1992790317349752834,'出库详情2','admin','2025-11-21 23:58:08.223','admin','2025-11-21 23:58:08.223'),(1829407217568903199,1829407217174638600,1829399118304964636,32.93,1028.37,1992782691492712457,1992783170301874206,'BATCH20251121748','2025-06-11 23:58:08.223','2026-11-05 23:58:08.223',1992790317316198401,'出库详情1','admin','2025-11-21 23:58:08.223','admin','2025-11-21 23:58:08.223'),(1829407217568903200,1829407217174638601,1829399118304964641,12.55,1244.53,1992782691492712450,1992783170301874194,'BATCH20251120332','2025-08-03 23:58:08.223','2026-08-06 23:58:08.223',1992790317316198402,'出库详情4','admin','2025-11-20 23:58:08.223','admin','2025-11-20 23:58:08.223'),(1829407217568903201,1829407217174638601,1829399118304964611,49.47,694.91,1992782691492712450,1992783170301874194,'BATCH20251120201','2025-08-22 23:58:08.223','2026-06-17 23:58:08.223',1994076021048520706,'出库详情3','admin','2025-11-20 23:58:08.223','admin','2025-11-20 23:58:08.223'),(1829407217568903202,1829407217174638601,1829399118304964622,5.10,2730.50,1992782691492712450,1992783170301874194,'BATCH20251120255','2025-07-10 23:58:08.223','2026-06-27 23:58:08.223',1994076021048520706,'出库详情2','admin','2025-11-20 23:58:08.223','admin','2025-11-20 23:58:08.223'),(1829407217568903203,1829407217174638601,1829399118304964638,13.44,147.40,1992782691492712450,1992783170301874194,'BATCH20251120449','2025-09-28 23:58:08.223','2026-09-04 23:58:08.223',1992790317316198401,'出库详情1','admin','2025-11-20 23:58:08.223','admin','2025-11-20 23:58:08.223'),(1829407217568903204,1829407217174638602,1829399118304964655,9.85,663.19,1992782691492712453,1992783170301874178,'BATCH20251119524','2025-04-26 23:58:08.223','2026-09-27 23:58:08.223',1994076021048520706,'出库详情4','admin','2025-11-19 23:58:08.223','admin','2025-11-19 23:58:08.223'),(1829407217568903205,1829407217174638602,1829398193024724993,34.87,145.17,1992782691492712453,1992783170301874178,'BATCH20251119160','2025-06-20 23:58:08.223','2027-04-24 23:58:08.223',1992790317316198402,'出库详情3','admin','2025-11-19 23:58:08.223','admin','2025-11-19 23:58:08.223'),(1829407217568903206,1829407217174638602,1829399118304964654,20.40,420.98,1992782691492712453,1992783170301874178,'BATCH20251119488','2025-10-12 23:58:08.223','2027-02-24 23:58:08.223',1992790317316198402,'出库详情2','admin','2025-11-19 23:58:08.223','admin','2025-11-19 23:58:08.223'),(1829407217568903207,1829407217174638602,1829399118304964642,29.59,719.89,1992782691492712453,1992783170301874178,'BATCH20251119434','2025-07-26 23:58:08.223','2026-06-23 23:58:08.223',1992790317316198402,'出库详情1','admin','2025-11-19 23:58:08.223','admin','2025-11-19 23:58:08.223'),(1829407217568903208,1829407217174638603,1828406451399987201,50.04,207.88,1992782691492712451,1992783170301874195,'BATCH20251118354','2025-07-05 23:58:08.223','2027-04-10 23:58:08.223',1994076021048520706,'出库详情4','admin','2025-11-18 23:58:08.223','admin','2025-11-18 23:58:08.223'),(1829407217568903209,1829407217174638603,1829399118304964657,39.54,1857.74,1992782691492712451,1992783170301874195,'BATCH20251118734','2025-05-21 23:58:08.223','2026-05-20 23:58:08.223',1992790317316198403,'出库详情3','admin','2025-11-18 23:58:08.223','admin','2025-11-18 23:58:08.223'),(1829407217568903210,1829407217174638603,1829399118304964622,30.07,1919.04,1992782691492712451,1992783170301874195,'BATCH20251118405','2025-09-26 23:58:08.223','2026-10-28 23:58:08.223',1992790317316198403,'出库详情2','admin','2025-11-18 23:58:08.223','admin','2025-11-18 23:58:08.223'),(1829407217568903211,1829407217174638603,1828402624005312514,34.82,2525.64,1992782691492712451,1992783170301874195,'BATCH20251118130','2025-09-22 23:58:08.223','2026-10-03 23:58:08.223',1992790317316198403,'出库详情1','admin','2025-11-18 23:58:08.223','admin','2025-11-18 23:58:08.223'),(1829407217568903212,1829407217174638604,1829399118304964647,23.60,2798.20,1992782691492712457,1992783170301874196,'BATCH20251117258','2025-07-17 23:58:08.223','2027-03-13 23:58:08.223',1992790317316198403,'出库详情4','admin','2025-11-17 23:58:08.223','admin','2025-11-17 23:58:08.223'),(1829407217568903213,1829407217174638604,1828408796968030211,34.11,2830.40,1992782691492712457,1992783170301874196,'BATCH20251117681','2025-07-02 23:58:08.223','2027-05-06 23:58:08.223',1992790317316198401,'出库详情3','admin','2025-11-17 23:58:08.223','admin','2025-11-17 23:58:08.223'),(1829407217568903214,1829407217174638604,1829399118304964636,6.48,2415.32,1992782691492712457,1992783170301874196,'BATCH20251117646','2025-05-19 23:58:08.223','2026-09-01 23:58:08.223',1992790317349752834,'出库详情2','admin','2025-11-17 23:58:08.223','admin','2025-11-17 23:58:08.223'),(1829407217568903215,1829407217174638604,1829399118304964634,46.27,507.85,1992782691492712457,1992783170301874196,'BATCH20251117081','2025-05-05 23:58:08.223','2026-09-29 23:58:08.223',1992790317316198401,'出库详情1','admin','2025-11-17 23:58:08.223','admin','2025-11-17 23:58:08.223'),(1829407217568903216,1829407217174638605,1829398702011904002,37.00,2560.97,1992782691492712451,1992783170301874186,'BATCH20251116059','2025-06-03 23:58:08.223','2026-12-30 23:58:08.223',1994076021048520706,'出库详情4','admin','2025-11-16 23:58:08.223','admin','2025-11-16 23:58:08.223'),(1829407217568903217,1829407217174638605,1829399118304964627,8.40,960.22,1992782691492712451,1992783170301874186,'BATCH20251116107','2025-07-01 23:58:08.223','2027-01-20 23:58:08.223',1992790317316198402,'出库详情3','admin','2025-11-16 23:58:08.223','admin','2025-11-16 23:58:08.223'),(1829407217568903218,1829407217174638605,1829399118304964642,17.20,856.65,1992782691492712451,1992783170301874186,'BATCH20251116406','2025-09-11 23:58:08.223','2027-03-02 23:58:08.223',1992790317316198401,'出库详情2','admin','2025-11-16 23:58:08.223','admin','2025-11-16 23:58:08.223'),(1829407217568903219,1829407217174638605,1829399118304964619,49.08,2284.61,1992782691492712451,1992783170301874186,'BATCH20251116872','2025-09-28 23:58:08.223','2027-04-18 23:58:08.223',1992790317316198401,'出库详情1','admin','2025-11-16 23:58:08.223','admin','2025-11-16 23:58:08.223'),(1829407217568903220,1829407217174638606,1828408796968030211,15.48,416.48,1992782691492712454,1992783170301874186,'BATCH20251115775','2025-07-20 23:58:08.223','2026-06-30 23:58:08.223',1992790317349752834,'出库详情4','admin','2025-11-15 23:58:08.223','admin','2025-11-15 23:58:08.223'),(1829407217568903221,1829407217174638606,1829399118304964656,46.20,1399.96,1992782691492712454,1992783170301874186,'BATCH20251115571','2025-07-21 23:58:08.223','2027-02-01 23:58:08.223',1994076021048520706,'出库详情3','admin','2025-11-15 23:58:08.223','admin','2025-11-15 23:58:08.223'),(1829407217568903222,1829407217174638606,1829399118304964627,49.87,2174.79,1992782691492712454,1992783170301874186,'BATCH20251115643','2025-10-04 23:58:08.223','2026-10-12 23:58:08.223',1992790317316198402,'出库详情2','admin','2025-11-15 23:58:08.223','admin','2025-11-15 23:58:08.223'),(1829407217568903223,1829407217174638606,1829399118304964634,50.28,1054.01,1992782691492712454,1992783170301874186,'BATCH20251115750','2025-06-08 23:58:08.223','2026-09-29 23:58:08.223',1992790317316198403,'出库详情1','admin','2025-11-15 23:58:08.223','admin','2025-11-15 23:58:08.223'),(1829407217568903224,1829407217174638607,1829399118304964636,26.99,2728.21,1992782691492712456,1992783170301874209,'BATCH20251114937','2025-04-21 23:58:08.223','2026-06-29 23:58:08.223',1992790317316198402,'出库详情4','admin','2025-11-14 23:58:08.223','admin','2025-11-14 23:58:08.223'),(1829407217568903225,1829407217174638607,1829399118304964615,29.04,2781.92,1992782691492712456,1992783170301874209,'BATCH20251114904','2025-05-30 23:58:08.223','2026-07-01 23:58:08.223',1992790317316198403,'出库详情3','admin','2025-11-14 23:58:08.223','admin','2025-11-14 23:58:08.223'),(1829407217568903226,1829407217174638607,1829399118304964622,40.75,2022.58,1992782691492712456,1992783170301874209,'BATCH20251114935','2025-06-14 23:58:08.223','2026-12-27 23:58:08.223',1994076021048520706,'出库详情2','admin','2025-11-14 23:58:08.223','admin','2025-11-14 23:58:08.223'),(1829407217568903227,1829407217174638607,1829399118304964652,23.94,2027.50,1992782691492712456,1992783170301874209,'BATCH20251114952','2025-05-31 23:58:08.223','2027-05-01 23:58:08.223',1994076021048520706,'出库详情1','admin','2025-11-14 23:58:08.223','admin','2025-11-14 23:58:08.223'),(1829407217568903228,1829407217174638608,1828408321522700289,33.73,2834.40,1992782691492712451,1992783170301874187,'BATCH20251113710','2025-06-02 23:58:08.223','2026-12-18 23:58:08.223',1992790317316198402,'出库详情4','admin','2025-11-13 23:58:08.223','admin','2025-11-13 23:58:08.223'),(1829407217568903229,1829407217174638608,1829399118304964614,30.17,705.85,1992782691492712451,1992783170301874187,'BATCH20251113376','2025-09-08 23:58:08.223','2027-04-03 23:58:08.223',1994076021048520706,'出库详情3','admin','2025-11-13 23:58:08.223','admin','2025-11-13 23:58:08.223'),(1829407217568903230,1829407217174638608,1829399118304964625,30.29,259.19,1992782691492712451,1992783170301874187,'BATCH20251113625','2025-05-06 23:58:08.223','2026-12-17 23:58:08.223',1994076021048520706,'出库详情2','admin','2025-11-13 23:58:08.223','admin','2025-11-13 23:58:08.223'),(1829407217568903231,1829407217174638608,1829399118304964657,30.71,2334.28,1992782691492712451,1992783170301874187,'BATCH20251113058','2025-04-20 23:58:08.223','2027-02-11 23:58:08.223',1992790317349752834,'出库详情1','admin','2025-11-13 23:58:08.223','admin','2025-11-13 23:58:08.223'),(1829407217568903232,1829407217174638609,1829399118304964640,4.43,2797.43,1992782691492712456,1992783170301874178,'BATCH20251112407','2025-08-27 23:58:08.223','2026-06-18 23:58:08.223',1992790317349752834,'出库详情4','admin','2025-11-12 23:58:08.223','admin','2025-11-12 23:58:08.223'),(1829407217568903233,1829407217174638609,1829399118304964610,6.19,3024.85,1992782691492712456,1992783170301874178,'BATCH20251112680','2025-08-01 23:58:08.223','2027-05-06 23:58:08.223',1992790317316198403,'出库详情3','admin','2025-11-12 23:58:08.223','admin','2025-11-12 23:58:08.223'),(1829407217568903234,1829407217174638609,1829399118304964620,31.66,2316.43,1992782691492712456,1992783170301874178,'BATCH20251112971','2025-07-03 23:58:08.223','2027-04-18 23:58:08.223',1992790317349752834,'出库详情2','admin','2025-11-12 23:58:08.223','admin','2025-11-12 23:58:08.223'),(1829407217568903235,1829407217174638609,1829399118304964640,11.93,1516.64,1992782691492712456,1992783170301874178,'BATCH20251112821','2025-06-24 23:58:08.223','2027-01-01 23:58:08.223',1992790317316198403,'出库详情1','admin','2025-11-12 23:58:08.223','admin','2025-11-12 23:58:08.223'),(1829407217568903236,1829407217174638610,1829399118304964632,21.02,2849.71,1992782691492712457,1992782816625577985,'BATCH20251111499','2025-06-13 23:58:08.223','2027-03-23 23:58:08.223',1992790317316198402,'出库详情4','admin','2025-11-11 23:58:08.223','admin','2025-11-11 23:58:08.223'),(1829407217568903237,1829407217174638610,1829398492779048963,49.90,2772.99,1992782691492712457,1992782816625577985,'BATCH20251111638','2025-07-24 23:58:08.223','2026-09-03 23:58:08.223',1992790317349752834,'出库详情3','admin','2025-11-11 23:58:08.223','admin','2025-11-11 23:58:08.223'),(1829407217568903238,1829407217174638610,1829399118304964616,48.91,2557.47,1992782691492712457,1992782816625577985,'BATCH20251111338','2025-09-13 23:58:08.223','2027-02-25 23:58:08.223',1992790317316198403,'出库详情2','admin','2025-11-11 23:58:08.223','admin','2025-11-11 23:58:08.223'),(1829407217568903239,1829407217174638610,1829399118304964643,8.74,893.51,1992782691492712457,1992782816625577985,'BATCH20251111974','2025-10-11 23:58:08.223','2026-06-23 23:58:08.223',1992790317316198403,'出库详情1','admin','2025-11-11 23:58:08.223','admin','2025-11-11 23:58:08.223'),(1829407217568903240,1829407217174638611,1829399118304964653,50.36,1651.15,1992782642801037314,1992783170301874177,'BATCH20251110740','2025-09-27 23:58:08.223','2026-07-15 23:58:08.223',1992790317316198403,'出库详情4','admin','2025-11-10 23:58:08.223','admin','2025-11-10 23:58:08.223'),(1829407217568903241,1829407217174638611,1829399118304964612,41.92,1271.70,1992782642801037314,1992783170301874177,'BATCH20251110614','2025-05-15 23:58:08.223','2026-08-30 23:58:08.223',1992790317316198401,'出库详情3','admin','2025-11-10 23:58:08.223','admin','2025-11-10 23:58:08.223'),(1829407217568903242,1829407217174638611,1829399118304964647,28.38,2485.32,1992782642801037314,1992783170301874177,'BATCH20251110449','2025-05-22 23:58:08.223','2026-12-16 23:58:08.223',1994076021048520706,'出库详情2','admin','2025-11-10 23:58:08.223','admin','2025-11-10 23:58:08.223'),(1829407217568903243,1829407217174638611,1829399118304964628,13.32,2416.79,1992782642801037314,1992783170301874177,'BATCH20251110239','2025-05-19 23:58:08.223','2026-09-04 23:58:08.223',1992790317316198402,'出库详情1','admin','2025-11-10 23:58:08.223','admin','2025-11-10 23:58:08.223'),(1829407217568903244,1829407217174638612,1829399118304964616,32.43,2256.94,1992782506943336450,1992783170301874189,'BATCH20251109825','2025-05-01 23:58:08.223','2026-05-18 23:58:08.223',1992790317316198402,'出库详情4','admin','2025-11-09 23:58:08.223','admin','2025-11-09 23:58:08.223'),(1829407217568903245,1829407217174638612,1828402624005312514,46.51,565.33,1992782506943336450,1992783170301874189,'BATCH20251109162','2025-08-22 23:58:08.223','2027-03-25 23:58:08.223',1992790317316198402,'出库详情3','admin','2025-11-09 23:58:08.223','admin','2025-11-09 23:58:08.223'),(1829407217568903246,1829407217174638612,1829399118304964614,30.29,1723.07,1992782506943336450,1992783170301874189,'BATCH20251109065','2025-06-20 23:58:08.223','2027-04-18 23:58:08.223',1992790317316198402,'出库详情2','admin','2025-11-09 23:58:08.223','admin','2025-11-09 23:58:08.223'),(1829407217568903247,1829407217174638612,1829399118304964627,25.07,620.90,1992782506943336450,1992783170301874189,'BATCH20251109541','2025-09-20 23:58:08.223','2027-04-16 23:58:08.223',1992790317316198401,'出库详情1','admin','2025-11-09 23:58:08.223','admin','2025-11-09 23:58:08.223'),(1829407217568903248,1829407217174638613,1829399118304964632,35.63,1346.50,1992782691492712454,1992783170301874208,'BATCH20251108117','2025-08-23 23:58:08.223','2027-04-30 23:58:08.223',1992790317316198401,'出库详情4','admin','2025-11-08 23:58:08.223','admin','2025-11-08 23:58:08.223'),(1829407217568903249,1829407217174638613,1829398492779048962,49.05,2901.67,1992782691492712454,1992783170301874208,'BATCH20251108903','2025-06-15 23:58:08.223','2026-11-10 23:58:08.223',1992790317316198403,'出库详情3','admin','2025-11-08 23:58:08.223','admin','2025-11-08 23:58:08.223'),(1829407217568903250,1829407217174638613,1828408796968030210,41.65,167.67,1992782691492712454,1992783170301874208,'BATCH20251108790','2025-05-16 23:58:08.223','2027-01-16 23:58:08.223',1992790317316198401,'出库详情2','admin','2025-11-08 23:58:08.223','admin','2025-11-08 23:58:08.223'),(1829407217568903251,1829407217174638613,1829399118304964633,39.65,1944.62,1992782691492712454,1992783170301874208,'BATCH20251108872','2025-07-21 23:58:08.223','2026-12-15 23:58:08.223',1994076021048520706,'出库详情1','admin','2025-11-08 23:58:08.223','admin','2025-11-08 23:58:08.223'),(1829407217568903252,1829407217174638614,1829399118304964646,19.00,1463.35,1992782642801037314,1992783170301874191,'BATCH20251107309','2025-09-19 23:58:08.223','2026-12-21 23:58:08.223',1992790317316198402,'出库详情4','admin','2025-11-07 23:58:08.223','admin','2025-11-07 23:58:08.223'),(1829407217568903253,1829407217174638614,1829398193024724993,3.56,2106.33,1992782642801037314,1992783170301874191,'BATCH20251107307','2025-07-18 23:58:08.223','2026-09-16 23:58:08.223',1992790317316198402,'出库详情3','admin','2025-11-07 23:58:08.223','admin','2025-11-07 23:58:08.223'),(1829407217568903254,1829407217174638614,1829399118304964620,48.10,2373.81,1992782642801037314,1992783170301874191,'BATCH20251107081','2025-09-28 23:58:08.223','2026-05-25 23:58:08.223',1992790317316198401,'出库详情2','admin','2025-11-07 23:58:08.223','admin','2025-11-07 23:58:08.223'),(1829407217568903255,1829407217174638614,1829399118304964658,9.16,2954.43,1992782642801037314,1992783170301874191,'BATCH20251107385','2025-04-12 23:58:08.223','2027-03-06 23:58:08.223',1994076021048520706,'出库详情1','admin','2025-11-07 23:58:08.223','admin','2025-11-07 23:58:08.223'),(1829407217568903256,1829407217174638615,1829399118304964647,13.23,2433.07,1992782642801037314,1992783170301874178,'BATCH20251106272','2025-04-19 23:58:08.223','2027-04-18 23:58:08.223',1992790317349752834,'出库详情4','admin','2025-11-06 23:58:08.223','admin','2025-11-06 23:58:08.223'),(1829407217568903257,1829407217174638615,1829398333903007746,3.56,947.45,1992782642801037314,1992783170301874178,'BATCH20251106376','2025-04-18 23:58:08.223','2027-01-07 23:58:08.223',1992790317316198403,'出库详情3','admin','2025-11-06 23:58:08.223','admin','2025-11-06 23:58:08.223'),(1829407217568903258,1829407217174638615,1828408321522700289,39.09,2890.76,1992782642801037314,1992783170301874178,'BATCH20251106482','2025-06-30 23:58:08.223','2026-08-24 23:58:08.223',1994076021048520706,'出库详情2','admin','2025-11-06 23:58:08.223','admin','2025-11-06 23:58:08.223'),(1829407217568903259,1829407217174638615,1829399118304964629,2.73,879.23,1992782642801037314,1992783170301874178,'BATCH20251106312','2025-06-02 23:58:08.223','2026-12-12 23:58:08.223',1992790317349752834,'出库详情1','admin','2025-11-06 23:58:08.223','admin','2025-11-06 23:58:08.223'),(1829407217568903260,1829407217174638616,1829399118304964629,4.20,335.42,1992782691492712453,1992783170301874207,'BATCH20251105317','2025-08-17 23:58:08.223','2026-10-13 23:58:08.223',1992790317316198401,'出库详情4','admin','2025-11-05 23:58:08.223','admin','2025-11-05 23:58:08.223'),(1829407217568903261,1829407217174638616,1829399118304964645,44.82,1445.02,1992782691492712453,1992783170301874207,'BATCH20251105729','2025-08-26 23:58:08.223','2027-04-22 23:58:08.223',1992790317349752834,'出库详情3','admin','2025-11-05 23:58:08.223','admin','2025-11-05 23:58:08.223');
/*!40000 ALTER TABLE `wms_shipment_order_detail` ENABLE KEYS */;
UNLOCK TABLES;

--
-- Table structure for table `wms_warehouse`
--

DROP TABLE IF EXISTS `wms_warehouse`;
/*!40101 SET @saved_cs_client     = @@character_set_client */;
/*!50503 SET character_set_client = utf8mb4 */;
CREATE TABLE `wms_warehouse` (
  `id` bigint NOT NULL AUTO_INCREMENT,
  `warehouse_code` varchar(20) CHARACTER SET utf8mb4 COLLATE utf8mb4_general_ci DEFAULT NULL COMMENT '编号',
  `warehouse_name` varchar(50) CHARACTER SET utf8mb4 COLLATE utf8mb4_general_ci NOT NULL COMMENT '名称',
  `remark` varchar(255) CHARACTER SET utf8mb4 COLLATE utf8mb4_general_ci DEFAULT NULL COMMENT '备注',
  `order_num` bigint DEFAULT '0' COMMENT '排序',
  `create_by` varchar(64) CHARACTER SET utf8mb4 COLLATE utf8mb4_general_ci DEFAULT NULL COMMENT '创建人',
  `create_time` datetime(3) DEFAULT NULL COMMENT '创建时间',
  `update_by` varchar(64) CHARACTER SET utf8mb4 COLLATE utf8mb4_general_ci DEFAULT NULL COMMENT '修改人',
  `update_time` datetime(3) DEFAULT NULL COMMENT '修改时间',
  PRIMARY KEY (`id`) USING BTREE
) ENGINE=InnoDB AUTO_INCREMENT=1992782691492712458 DEFAULT CHARSET=utf8mb4 COLLATE=utf8mb4_general_ci ROW_FORMAT=DYNAMIC COMMENT='仓库';
/*!40101 SET character_set_client = @saved_cs_client */;

--
-- Dumping data for table `wms_warehouse`
--

LOCK TABLES `wms_warehouse` WRITE;
/*!40000 ALTER TABLE `wms_warehouse` DISABLE KEYS */;
INSERT INTO `wms_warehouse` VALUES (1992782506943336450,'1','仓库1',NULL,0,'admin','2025-11-24 10:29:08.421','admin','2025-11-24 10:29:08.421'),(1992782642801037314,'2','仓库2',NULL,1,'admin','2025-11-24 10:29:40.819','admin','2025-11-24 10:29:40.819'),(1992782691492712450,'3','仓库3',NULL,2,'admin','2025-11-24 10:29:52.420','admin','2025-11-24 10:29:52.420'),(1992782691492712451,'WH004','北京中央仓库','位于北京市朝阳区，主要存储电子产品',3,'admin','2025-11-28 23:58:08.223','admin','2025-11-28 23:58:08.223'),(1992782691492712452,'WH005','上海浦东仓库','位于上海市浦东新区，主要存储日用品',4,'admin','2025-11-28 23:58:08.223','admin','2025-11-28 23:58:08.223'),(1992782691492712453,'WH006','广州白云仓库','位于广州市白云区，主要存储服装',5,'admin','2025-11-28 23:58:08.223','admin','2025-11-28 23:58:08.223'),(1992782691492712454,'WH007','深圳南山仓库','位于深圳市南山区，主要存储数码产品',6,'admin','2025-11-28 23:58:08.223','admin','2025-11-28 23:58:08.223'),(1992782691492712455,'WH008','成都武侯仓库','位于成都市武侯区，主要存储食品',7,'admin','2025-11-28 23:58:08.223','admin','2025-11-28 23:58:08.223'),(1992782691492712456,'WH009','杭州西湖仓库','位于杭州市西湖区，主要存储图书',8,'admin','2025-11-28 23:58:08.223','admin','2025-11-28 23:58:08.223'),(1992782691492712457,'WH010','武汉江汉仓库','位于武汉市江汉区，主要存储医疗器械',9,'admin','2025-11-28 23:58:08.223','admin','2025-11-28 23:58:08.223');
/*!40000 ALTER TABLE `wms_warehouse` ENABLE KEYS */;
UNLOCK TABLES;

--
-- Table structure for table `wms_warehouse_map`
--

DROP TABLE IF EXISTS `wms_warehouse_map`;
/*!40101 SET @saved_cs_client     = @@character_set_client */;
/*!50503 SET character_set_client = utf8mb4 */;
CREATE TABLE `wms_warehouse_map` (
  `id` bigint NOT NULL AUTO_INCREMENT COMMENT '地图配置ID',
  `warehouse_id` bigint DEFAULT NULL COMMENT '仓库ID',
  `map_name` varchar(100) NOT NULL COMMENT '地图名称',
  `rows` int NOT NULL DEFAULT '10' COMMENT '地图行数',
  `cols` int NOT NULL DEFAULT '15' COMMENT '地图列数',
  `cell_size` int DEFAULT '50' COMMENT '格子大小(px)',
  `gap` int DEFAULT '5' COMMENT '格子间隙(px)',
  `map_config` text COMMENT '地图配置JSON',
  `areas_config` text COMMENT '库区配置JSON',
  `remark` varchar(500) DEFAULT NULL COMMENT '备注',
  `status` char(1) DEFAULT '0' COMMENT '状态（0正常 1停用）',
  `create_by` varchar(64) DEFAULT '' COMMENT '创建者',
  `create_time` datetime DEFAULT NULL COMMENT '创建时间',
  `update_by` varchar(64) DEFAULT '' COMMENT '更新者',
  `update_time` datetime DEFAULT NULL COMMENT '更新时间',
  PRIMARY KEY (`id`),
  KEY `idx_warehouse_id` (`warehouse_id`)
) ENGINE=InnoDB AUTO_INCREMENT=2 DEFAULT CHARSET=utf8mb4 COLLATE=utf8mb4_0900_ai_ci COMMENT='仓库地图配置表';
/*!40101 SET character_set_client = @saved_cs_client */;

--
-- Dumping data for table `wms_warehouse_map`
--

LOCK TABLES `wms_warehouse_map` WRITE;
/*!40000 ALTER TABLE `wms_warehouse_map` DISABLE KEYS */;
INSERT INTO `wms_warehouse_map` VALUES (1,1,'默认地图',10,15,50,5,NULL,NULL,'系统默认地图配置','0','admin','2025-11-27 21:42:48','',NULL);
/*!40000 ALTER TABLE `wms_warehouse_map` ENABLE KEYS */;
UNLOCK TABLES;

--
-- Dumping events for database 'wms'
--

--
-- Dumping routines for database 'wms'
--
/*!40103 SET TIME_ZONE=@OLD_TIME_ZONE */;

/*!40101 SET SQL_MODE=@OLD_SQL_MODE */;
/*!40014 SET FOREIGN_KEY_CHECKS=@OLD_FOREIGN_KEY_CHECKS */;
/*!40014 SET UNIQUE_CHECKS=@OLD_UNIQUE_CHECKS */;
/*!40101 SET CHARACTER_SET_CLIENT=@OLD_CHARACTER_SET_CLIENT */;
/*!40101 SET CHARACTER_SET_RESULTS=@OLD_CHARACTER_SET_RESULTS */;
/*!40101 SET COLLATION_CONNECTION=@OLD_COLLATION_CONNECTION */;
/*!40111 SET SQL_NOTES=@OLD_SQL_NOTES */;

-- Dump completed on 2025-11-29 14:13:22
